"mean","difference","n","cohort","score"
0.14,-0.3,1,"HRS","Raw FI6"
0.14,-0.28,1,"HRS","Raw FI6"
0.26,-0.28,1,"HRS","Raw FI6"
0.18,-0.26,1,"HRS","Raw FI6"
0.26,-0.26,1,"HRS","Raw FI6"
0.3,-0.26,1,"HRS","Raw FI6"
0.12,-0.24,1,"HRS","Raw FI6"
0.16,-0.24,5,"HRS","Raw FI6"
0.2,-0.24,1,"HRS","Raw FI6"
0.24,-0.24,1,"HRS","Raw FI6"
0.1,-0.22,1,"HRS","Raw FI6"
0.14,-0.22,1,"HRS","Raw FI6"
0.16,-0.22,5,"HRS","Raw FI6"
0.18,-0.22,4,"HRS","Raw FI6"
0.2,-0.22,1,"HRS","Raw FI6"
0.24,-0.22,1,"HRS","Raw FI6"
0.32,-0.22,1,"HRS","Raw FI6"
0.1,-0.2,4,"HRS","Raw FI6"
0.14,-0.2,4,"HRS","Raw FI6"
0.18,-0.2,4,"HRS","Raw FI6"
0.22,-0.2,1,"HRS","Raw FI6"
0.24,-0.2,1,"HRS","Raw FI6"
0.34,-0.2,1,"HRS","Raw FI6"
0.08,-0.18,1,"HRS","Raw FI6"
0.1,-0.18,3,"HRS","Raw FI6"
0.12,-0.18,10,"HRS","Raw FI6"
0.14,-0.18,3,"HRS","Raw FI6"
0.16,-0.18,1,"HRS","Raw FI6"
0.18,-0.18,3,"HRS","Raw FI6"
0.22,-0.18,3,"HRS","Raw FI6"
0.3,-0.18,2,"HRS","Raw FI6"
0.34,-0.18,1,"HRS","Raw FI6"
0.72,-0.18,1,"HRS","Raw FI6"
0.08,-0.16,6,"HRS","Raw FI6"
0.12,-0.16,21,"HRS","Raw FI6"
0.14,-0.16,1,"HRS","Raw FI6"
0.16,-0.16,12,"HRS","Raw FI6"
0.2,-0.16,4,"HRS","Raw FI6"
0.28,-0.16,1,"HRS","Raw FI6"
0.3,-0.16,1,"HRS","Raw FI6"
0.32,-0.16,1,"HRS","Raw FI6"
0.38,-0.16,2,"HRS","Raw FI6"
0.42,-0.16,1,"HRS","Raw FI6"
0.06,-0.14,4,"HRS","Raw FI6"
0.08,-0.14,8,"HRS","Raw FI6"
0.1,-0.14,9,"HRS","Raw FI6"
0.12,-0.14,24,"HRS","Raw FI6"
0.14,-0.14,2,"HRS","Raw FI6"
0.16,-0.14,20,"HRS","Raw FI6"
0.2,-0.14,5,"HRS","Raw FI6"
0.24,-0.14,2,"HRS","Raw FI6"
0.32,-0.14,4,"HRS","Raw FI6"
0.06,-0.12,22,"HRS","Raw FI6"
0.1,-0.12,70,"HRS","Raw FI6"
0.14,-0.12,34,"HRS","Raw FI6"
0.18,-0.12,3,"HRS","Raw FI6"
0.22,-0.12,4,"HRS","Raw FI6"
0.28,-0.12,2,"HRS","Raw FI6"
0.4,-0.12,2,"HRS","Raw FI6"
0.64,-0.12,1,"HRS","Raw FI6"
0.04,-0.1,29,"HRS","Raw FI6"
0.06,-0.1,16,"HRS","Raw FI6"
0.08,-0.1,26,"HRS","Raw FI6"
0.1,-0.1,52,"HRS","Raw FI6"
0.12,-0.1,8,"HRS","Raw FI6"
0.14,-0.1,40,"HRS","Raw FI6"
0.18,-0.1,8,"HRS","Raw FI6"
0.22,-0.1,4,"HRS","Raw FI6"
0.26,-0.1,5,"HRS","Raw FI6"
0.3,-0.1,3,"HRS","Raw FI6"
0.34,-0.1,3,"HRS","Raw FI6"
0.84,-0.1,1,"HRS","Raw FI6"
0.04,-0.08,54,"HRS","Raw FI6"
0.08,-0.08,146,"HRS","Raw FI6"
0.1,-0.08,2,"HRS","Raw FI6"
0.12,-0.08,55,"HRS","Raw FI6"
0.14,-0.08,3,"HRS","Raw FI6"
0.16,-0.08,22,"HRS","Raw FI6"
0.2,-0.08,1,"HRS","Raw FI6"
0.22,-0.08,2,"HRS","Raw FI6"
0.24,-0.08,2,"HRS","Raw FI6"
0.26,-0.08,3,"HRS","Raw FI6"
0.28,-0.08,7,"HRS","Raw FI6"
0.3,-0.08,1,"HRS","Raw FI6"
0.34,-0.08,1,"HRS","Raw FI6"
0.42,-0.08,1,"HRS","Raw FI6"
0.46,-0.08,2,"HRS","Raw FI6"
0.02,-0.06,25,"HRS","Raw FI6"
0.04,-0.06,14,"HRS","Raw FI6"
0.06,-0.06,100,"HRS","Raw FI6"
0.08,-0.06,97,"HRS","Raw FI6"
0.1,-0.06,26,"HRS","Raw FI6"
0.12,-0.06,74,"HRS","Raw FI6"
0.16,-0.06,16,"HRS","Raw FI6"
0.18,-0.06,1,"HRS","Raw FI6"
0.2,-0.06,2,"HRS","Raw FI6"
0.24,-0.06,14,"HRS","Raw FI6"
0.28,-0.06,12,"HRS","Raw FI6"
0.32,-0.06,7,"HRS","Raw FI6"
0.36,-0.06,1,"HRS","Raw FI6"
0.44,-0.06,3,"HRS","Raw FI6"
0.46,-0.06,2,"HRS","Raw FI6"
0.48,-0.06,2,"HRS","Raw FI6"
0.02,-0.04,45,"HRS","Raw FI6"
0.06,-0.04,139,"HRS","Raw FI6"
0.1,-0.04,118,"HRS","Raw FI6"
0.12,-0.04,1,"HRS","Raw FI6"
0.14,-0.04,27,"HRS","Raw FI6"
0.18,-0.04,2,"HRS","Raw FI6"
0.22,-0.04,22,"HRS","Raw FI6"
0.24,-0.04,3,"HRS","Raw FI6"
0.26,-0.04,15,"HRS","Raw FI6"
0.28,-0.04,5,"HRS","Raw FI6"
0.3,-0.04,4,"HRS","Raw FI6"
0.32,-0.04,8,"HRS","Raw FI6"
0.34,-0.04,1,"HRS","Raw FI6"
0.36,-0.04,2,"HRS","Raw FI6"
0.4,-0.04,3,"HRS","Raw FI6"
0.48,-0.04,5,"HRS","Raw FI6"
0.52,-0.04,2,"HRS","Raw FI6"
0.64,-0.04,2,"HRS","Raw FI6"
0.72,-0.04,1,"HRS","Raw FI6"
0.78,-0.04,1,"HRS","Raw FI6"
0.02,-0.02,7,"HRS","Raw FI6"
0.04,-0.02,30,"HRS","Raw FI6"
0.06,-0.02,122,"HRS","Raw FI6"
0.08,-0.02,7,"HRS","Raw FI6"
0.1,-0.02,97,"HRS","Raw FI6"
0.14,-0.02,21,"HRS","Raw FI6"
0.18,-0.02,11,"HRS","Raw FI6"
0.22,-0.02,23,"HRS","Raw FI6"
0.26,-0.02,20,"HRS","Raw FI6"
0.3,-0.02,11,"HRS","Raw FI6"
0.34,-0.02,3,"HRS","Raw FI6"
0.38,-0.02,1,"HRS","Raw FI6"
0.42,-0.02,5,"HRS","Raw FI6"
0.44,-0.02,2,"HRS","Raw FI6"
0.46,-0.02,1,"HRS","Raw FI6"
0.48,-0.02,1,"HRS","Raw FI6"
0.5,-0.02,1,"HRS","Raw FI6"
0.64,-0.02,1,"HRS","Raw FI6"
0.76,-0.02,1,"HRS","Raw FI6"
0.84,-0.02,1,"HRS","Raw FI6"
0.04,0,70,"HRS","Raw FI6"
0.08,0,80,"HRS","Raw FI6"
0.1,0,1,"HRS","Raw FI6"
0.12,0,20,"HRS","Raw FI6"
0.16,0,12,"HRS","Raw FI6"
0.18,0,1,"HRS","Raw FI6"
0.2,0,31,"HRS","Raw FI6"
0.22,0,18,"HRS","Raw FI6"
0.24,0,22,"HRS","Raw FI6"
0.26,0,11,"HRS","Raw FI6"
0.28,0,3,"HRS","Raw FI6"
0.3,0,8,"HRS","Raw FI6"
0.32,0,1,"HRS","Raw FI6"
0.34,0,3,"HRS","Raw FI6"
0.38,0,2,"HRS","Raw FI6"
0.4,0,1,"HRS","Raw FI6"
0.42,0,2,"HRS","Raw FI6"
0.46,0,6,"HRS","Raw FI6"
0.66,0,2,"HRS","Raw FI6"
0.68,0,1,"HRS","Raw FI6"
0.76,0,1,"HRS","Raw FI6"
0.84,0,1,"HRS","Raw FI6"
0.04,0.02,2,"HRS","Raw FI6"
0.06,0.02,9,"HRS","Raw FI6"
0.08,0.02,46,"HRS","Raw FI6"
0.12,0.02,26,"HRS","Raw FI6"
0.16,0.02,12,"HRS","Raw FI6"
0.2,0.02,54,"HRS","Raw FI6"
0.24,0.02,50,"HRS","Raw FI6"
0.28,0.02,16,"HRS","Raw FI6"
0.32,0.02,5,"HRS","Raw FI6"
0.36,0.02,2,"HRS","Raw FI6"
0.4,0.02,7,"HRS","Raw FI6"
0.44,0.02,3,"HRS","Raw FI6"
0.46,0.02,2,"HRS","Raw FI6"
0.48,0.02,1,"HRS","Raw FI6"
0.5,0.02,2,"HRS","Raw FI6"
0.56,0.02,1,"HRS","Raw FI6"
0.58,0.02,2,"HRS","Raw FI6"
0.62,0.02,4,"HRS","Raw FI6"
0.78,0.02,1,"HRS","Raw FI6"
0.82,0.02,1,"HRS","Raw FI6"
0.06,0.04,6,"HRS","Raw FI6"
0.1,0.04,12,"HRS","Raw FI6"
0.14,0.04,13,"HRS","Raw FI6"
0.16,0.04,7,"HRS","Raw FI6"
0.18,0.04,62,"HRS","Raw FI6"
0.2,0.04,20,"HRS","Raw FI6"
0.22,0.04,38,"HRS","Raw FI6"
0.24,0.04,33,"HRS","Raw FI6"
0.26,0.04,6,"HRS","Raw FI6"
0.28,0.04,14,"HRS","Raw FI6"
0.32,0.04,1,"HRS","Raw FI6"
0.36,0.04,4,"HRS","Raw FI6"
0.4,0.04,11,"HRS","Raw FI6"
0.44,0.04,6,"HRS","Raw FI6"
0.48,0.04,3,"HRS","Raw FI6"
0.56,0.04,1,"HRS","Raw FI6"
0.6,0.04,3,"HRS","Raw FI6"
0.64,0.04,2,"HRS","Raw FI6"
0.66,0.04,1,"HRS","Raw FI6"
0.72,0.04,1,"HRS","Raw FI6"
0.74,0.04,1,"HRS","Raw FI6"
0.78,0.04,4,"HRS","Raw FI6"
0.82,0.04,1,"HRS","Raw FI6"
0.9,0.04,1,"HRS","Raw FI6"
0.06,0.06,1,"HRS","Raw FI6"
0.1,0.06,6,"HRS","Raw FI6"
0.14,0.06,12,"HRS","Raw FI6"
0.18,0.06,94,"HRS","Raw FI6"
0.22,0.06,73,"HRS","Raw FI6"
0.26,0.06,27,"HRS","Raw FI6"
0.3,0.06,3,"HRS","Raw FI6"
0.34,0.06,4,"HRS","Raw FI6"
0.38,0.06,17,"HRS","Raw FI6"
0.4,0.06,5,"HRS","Raw FI6"
0.42,0.06,11,"HRS","Raw FI6"
0.44,0.06,7,"HRS","Raw FI6"
0.46,0.06,1,"HRS","Raw FI6"
0.5,0.06,1,"HRS","Raw FI6"
0.52,0.06,1,"HRS","Raw FI6"
0.54,0.06,2,"HRS","Raw FI6"
0.6,0.06,5,"HRS","Raw FI6"
0.64,0.06,4,"HRS","Raw FI6"
0.72,0.06,1,"HRS","Raw FI6"
0.76,0.06,3,"HRS","Raw FI6"
0.8,0.06,2,"HRS","Raw FI6"
0.84,0.06,1,"HRS","Raw FI6"
0.92,0.06,3,"HRS","Raw FI6"
0.12,0.08,12,"HRS","Raw FI6"
0.14,0.08,2,"HRS","Raw FI6"
0.16,0.08,66,"HRS","Raw FI6"
0.18,0.08,23,"HRS","Raw FI6"
0.2,0.08,53,"HRS","Raw FI6"
0.22,0.08,40,"HRS","Raw FI6"
0.24,0.08,4,"HRS","Raw FI6"
0.26,0.08,12,"HRS","Raw FI6"
0.28,0.08,1,"HRS","Raw FI6"
0.3,0.08,2,"HRS","Raw FI6"
0.34,0.08,18,"HRS","Raw FI6"
0.38,0.08,19,"HRS","Raw FI6"
0.42,0.08,17,"HRS","Raw FI6"
0.46,0.08,4,"HRS","Raw FI6"
0.5,0.08,7,"HRS","Raw FI6"
0.54,0.08,5,"HRS","Raw FI6"
0.58,0.08,4,"HRS","Raw FI6"
0.62,0.08,1,"HRS","Raw FI6"
0.7,0.08,2,"HRS","Raw FI6"
0.72,0.08,4,"HRS","Raw FI6"
0.78,0.08,2,"HRS","Raw FI6"
0.8,0.08,1,"HRS","Raw FI6"
0.92,0.08,4,"HRS","Raw FI6"
0.96,0.08,2,"HRS","Raw FI6"
0.12,0.1,6,"HRS","Raw FI6"
0.16,0.1,72,"HRS","Raw FI6"
0.2,0.1,94,"HRS","Raw FI6"
0.24,0.1,35,"HRS","Raw FI6"
0.28,0.1,2,"HRS","Raw FI6"
0.3,0.1,1,"HRS","Raw FI6"
0.32,0.1,17,"HRS","Raw FI6"
0.34,0.1,1,"HRS","Raw FI6"
0.36,0.1,31,"HRS","Raw FI6"
0.38,0.1,4,"HRS","Raw FI6"
0.4,0.1,11,"HRS","Raw FI6"
0.42,0.1,7,"HRS","Raw FI6"
0.44,0.1,3,"HRS","Raw FI6"
0.46,0.1,4,"HRS","Raw FI6"
0.48,0.1,1,"HRS","Raw FI6"
0.5,0.1,3,"HRS","Raw FI6"
0.54,0.1,7,"HRS","Raw FI6"
0.58,0.1,9,"HRS","Raw FI6"
0.62,0.1,7,"HRS","Raw FI6"
0.7,0.1,1,"HRS","Raw FI6"
0.74,0.1,6,"HRS","Raw FI6"
0.78,0.1,5,"HRS","Raw FI6"
0.82,0.1,2,"HRS","Raw FI6"
0.9,0.1,1,"HRS","Raw FI6"
0.94,0.1,1,"HRS","Raw FI6"
0.96,0.1,2,"HRS","Raw FI6"
0.12,0.12,1,"HRS","Raw FI6"
0.14,0.12,25,"HRS","Raw FI6"
0.16,0.12,25,"HRS","Raw FI6"
0.18,0.12,16,"HRS","Raw FI6"
0.2,0.12,42,"HRS","Raw FI6"
0.22,0.12,6,"HRS","Raw FI6"
0.24,0.12,12,"HRS","Raw FI6"
0.26,0.12,3,"HRS","Raw FI6"
0.28,0.12,4,"HRS","Raw FI6"
0.3,0.12,1,"HRS","Raw FI6"
0.32,0.12,15,"HRS","Raw FI6"
0.36,0.12,39,"HRS","Raw FI6"
0.4,0.12,18,"HRS","Raw FI6"
0.44,0.12,9,"HRS","Raw FI6"
0.48,0.12,3,"HRS","Raw FI6"
0.52,0.12,15,"HRS","Raw FI6"
0.56,0.12,7,"HRS","Raw FI6"
0.68,0.12,1,"HRS","Raw FI6"
0.7,0.12,3,"HRS","Raw FI6"
0.72,0.12,3,"HRS","Raw FI6"
0.74,0.12,2,"HRS","Raw FI6"
0.76,0.12,1,"HRS","Raw FI6"
0.78,0.12,3,"HRS","Raw FI6"
0.82,0.12,1,"HRS","Raw FI6"
0.86,0.12,3,"HRS","Raw FI6"
0.9,0.12,2,"HRS","Raw FI6"
0.94,0.12,7,"HRS","Raw FI6"
0.14,0.14,18,"HRS","Raw FI6"
0.18,0.14,41,"HRS","Raw FI6"
0.22,0.14,15,"HRS","Raw FI6"
0.26,0.14,6,"HRS","Raw FI6"
0.3,0.14,31,"HRS","Raw FI6"
0.34,0.14,28,"HRS","Raw FI6"
0.36,0.14,1,"HRS","Raw FI6"
0.38,0.14,15,"HRS","Raw FI6"
0.4,0.14,6,"HRS","Raw FI6"
0.42,0.14,2,"HRS","Raw FI6"
0.44,0.14,5,"HRS","Raw FI6"
0.46,0.14,2,"HRS","Raw FI6"
0.48,0.14,5,"HRS","Raw FI6"
0.5,0.14,1,"HRS","Raw FI6"
0.52,0.14,14,"HRS","Raw FI6"
0.56,0.14,16,"HRS","Raw FI6"
0.6,0.14,5,"HRS","Raw FI6"
0.64,0.14,2,"HRS","Raw FI6"
0.68,0.14,4,"HRS","Raw FI6"
0.72,0.14,3,"HRS","Raw FI6"
0.76,0.14,8,"HRS","Raw FI6"
0.84,0.14,4,"HRS","Raw FI6"
0.88,0.14,5,"HRS","Raw FI6"
0.9,0.14,1,"HRS","Raw FI6"
0.92,0.14,3,"HRS","Raw FI6"
0.94,0.14,4,"HRS","Raw FI6"
0.14,0.16,1,"HRS","Raw FI6"
0.16,0.16,8,"HRS","Raw FI6"
0.18,0.16,15,"HRS","Raw FI6"
0.2,0.16,4,"HRS","Raw FI6"
0.22,0.16,7,"HRS","Raw FI6"
0.26,0.16,10,"HRS","Raw FI6"
0.3,0.16,37,"HRS","Raw FI6"
0.34,0.16,71,"HRS","Raw FI6"
0.38,0.16,26,"HRS","Raw FI6"
0.42,0.16,6,"HRS","Raw FI6"
0.46,0.16,6,"HRS","Raw FI6"
0.5,0.16,15,"HRS","Raw FI6"
0.54,0.16,8,"HRS","Raw FI6"
0.58,0.16,3,"HRS","Raw FI6"
0.62,0.16,2,"HRS","Raw FI6"
0.66,0.16,1,"HRS","Raw FI6"
0.68,0.16,1,"HRS","Raw FI6"
0.7,0.16,6,"HRS","Raw FI6"
0.72,0.16,5,"HRS","Raw FI6"
0.76,0.16,1,"HRS","Raw FI6"
0.8,0.16,1,"HRS","Raw FI6"
0.84,0.16,4,"HRS","Raw FI6"
0.88,0.16,11,"HRS","Raw FI6"
0.92,0.16,6,"HRS","Raw FI6"
0.16,0.18,4,"HRS","Raw FI6"
0.2,0.18,8,"HRS","Raw FI6"
0.24,0.18,9,"HRS","Raw FI6"
0.26,0.18,1,"HRS","Raw FI6"
0.28,0.18,38,"HRS","Raw FI6"
0.32,0.18,74,"HRS","Raw FI6"
0.34,0.18,14,"HRS","Raw FI6"
0.36,0.18,23,"HRS","Raw FI6"
0.38,0.18,19,"HRS","Raw FI6"
0.4,0.18,4,"HRS","Raw FI6"
0.42,0.18,2,"HRS","Raw FI6"
0.44,0.18,2,"HRS","Raw FI6"
0.46,0.18,8,"HRS","Raw FI6"
0.48,0.18,1,"HRS","Raw FI6"
0.5,0.18,21,"HRS","Raw FI6"
0.54,0.18,24,"HRS","Raw FI6"
0.58,0.18,2,"HRS","Raw FI6"
0.62,0.18,2,"HRS","Raw FI6"
0.66,0.18,3,"HRS","Raw FI6"
0.7,0.18,14,"HRS","Raw FI6"
0.74,0.18,10,"HRS","Raw FI6"
0.78,0.18,2,"HRS","Raw FI6"
0.82,0.18,5,"HRS","Raw FI6"
0.86,0.18,8,"HRS","Raw FI6"
0.88,0.18,6,"HRS","Raw FI6"
0.9,0.18,4,"HRS","Raw FI6"
0.92,0.18,8,"HRS","Raw FI6"
0.2,0.2,2,"HRS","Raw FI6"
0.22,0.2,2,"HRS","Raw FI6"
0.24,0.2,2,"HRS","Raw FI6"
0.28,0.2,58,"HRS","Raw FI6"
0.32,0.2,56,"HRS","Raw FI6"
0.36,0.2,41,"HRS","Raw FI6"
0.4,0.2,4,"HRS","Raw FI6"
0.44,0.2,7,"HRS","Raw FI6"
0.48,0.2,32,"HRS","Raw FI6"
0.52,0.2,32,"HRS","Raw FI6"
0.56,0.2,5,"HRS","Raw FI6"
0.6,0.2,2,"HRS","Raw FI6"
0.64,0.2,4,"HRS","Raw FI6"
0.66,0.2,5,"HRS","Raw FI6"
0.68,0.2,6,"HRS","Raw FI6"
0.7,0.2,13,"HRS","Raw FI6"
0.72,0.2,5,"HRS","Raw FI6"
0.74,0.2,8,"HRS","Raw FI6"
0.82,0.2,3,"HRS","Raw FI6"
0.86,0.2,10,"HRS","Raw FI6"
0.9,0.2,13,"HRS","Raw FI6"
0.22,0.22,3,"HRS","Raw FI6"
0.26,0.22,46,"HRS","Raw FI6"
0.3,0.22,50,"HRS","Raw FI6"
0.32,0.22,25,"HRS","Raw FI6"
0.34,0.22,13,"HRS","Raw FI6"
0.36,0.22,5,"HRS","Raw FI6"
0.38,0.22,2,"HRS","Raw FI6"
0.4,0.22,3,"HRS","Raw FI6"
0.42,0.22,3,"HRS","Raw FI6"
0.44,0.22,12,"HRS","Raw FI6"
0.46,0.22,4,"HRS","Raw FI6"
0.48,0.22,26,"HRS","Raw FI6"
0.52,0.22,28,"HRS","Raw FI6"
0.56,0.22,9,"HRS","Raw FI6"
0.58,0.22,1,"HRS","Raw FI6"
0.6,0.22,5,"HRS","Raw FI6"
0.64,0.22,9,"HRS","Raw FI6"
0.68,0.22,17,"HRS","Raw FI6"
0.72,0.22,9,"HRS","Raw FI6"
0.74,0.22,1,"HRS","Raw FI6"
0.76,0.22,1,"HRS","Raw FI6"
0.8,0.22,2,"HRS","Raw FI6"
0.82,0.22,1,"HRS","Raw FI6"
0.84,0.22,10,"HRS","Raw FI6"
0.86,0.22,5,"HRS","Raw FI6"
0.88,0.22,1,"HRS","Raw FI6"
0.9,0.22,8,"HRS","Raw FI6"
0.22,0.24,3,"HRS","Raw FI6"
0.24,0.24,5,"HRS","Raw FI6"
0.26,0.24,23,"HRS","Raw FI6"
0.3,0.24,51,"HRS","Raw FI6"
0.32,0.24,1,"HRS","Raw FI6"
0.34,0.24,23,"HRS","Raw FI6"
0.38,0.24,3,"HRS","Raw FI6"
0.42,0.24,23,"HRS","Raw FI6"
0.46,0.24,36,"HRS","Raw FI6"
0.5,0.24,30,"HRS","Raw FI6"
0.54,0.24,12,"HRS","Raw FI6"
0.58,0.24,1,"HRS","Raw FI6"
0.6,0.24,2,"HRS","Raw FI6"
0.62,0.24,5,"HRS","Raw FI6"
0.64,0.24,3,"HRS","Raw FI6"
0.66,0.24,4,"HRS","Raw FI6"
0.68,0.24,10,"HRS","Raw FI6"
0.72,0.24,12,"HRS","Raw FI6"
0.76,0.24,1,"HRS","Raw FI6"
0.8,0.24,5,"HRS","Raw FI6"
0.84,0.24,15,"HRS","Raw FI6"
0.88,0.24,18,"HRS","Raw FI6"
0.24,0.26,11,"HRS","Raw FI6"
0.28,0.26,34,"HRS","Raw FI6"
0.32,0.26,19,"HRS","Raw FI6"
0.34,0.26,5,"HRS","Raw FI6"
0.36,0.26,2,"HRS","Raw FI6"
0.38,0.26,2,"HRS","Raw FI6"
0.4,0.26,14,"HRS","Raw FI6"
0.42,0.26,15,"HRS","Raw FI6"
0.44,0.26,20,"HRS","Raw FI6"
0.46,0.26,32,"HRS","Raw FI6"
0.5,0.26,27,"HRS","Raw FI6"
0.54,0.26,9,"HRS","Raw FI6"
0.58,0.26,5,"HRS","Raw FI6"
0.62,0.26,14,"HRS","Raw FI6"
0.66,0.26,30,"HRS","Raw FI6"
0.68,0.26,1,"HRS","Raw FI6"
0.7,0.26,14,"HRS","Raw FI6"
0.74,0.26,2,"HRS","Raw FI6"
0.78,0.26,2,"HRS","Raw FI6"
0.82,0.26,9,"HRS","Raw FI6"
0.84,0.26,3,"HRS","Raw FI6"
0.86,0.26,6,"HRS","Raw FI6"
0.88,0.26,3,"HRS","Raw FI6"
0.24,0.28,2,"HRS","Raw FI6"
0.28,0.28,19,"HRS","Raw FI6"
0.32,0.28,17,"HRS","Raw FI6"
0.36,0.28,5,"HRS","Raw FI6"
0.4,0.28,14,"HRS","Raw FI6"
0.44,0.28,66,"HRS","Raw FI6"
0.48,0.28,44,"HRS","Raw FI6"
0.52,0.28,4,"HRS","Raw FI6"
0.56,0.28,8,"HRS","Raw FI6"
0.58,0.28,1,"HRS","Raw FI6"
0.6,0.28,9,"HRS","Raw FI6"
0.62,0.28,8,"HRS","Raw FI6"
0.64,0.28,6,"HRS","Raw FI6"
0.66,0.28,17,"HRS","Raw FI6"
0.68,0.28,1,"HRS","Raw FI6"
0.7,0.28,14,"HRS","Raw FI6"
0.72,0.28,1,"HRS","Raw FI6"
0.74,0.28,4,"HRS","Raw FI6"
0.78,0.28,5,"HRS","Raw FI6"
0.82,0.28,11,"HRS","Raw FI6"
0.86,0.28,20,"HRS","Raw FI6"
0.22,0.3,2,"HRS","Raw FI6"
0.26,0.3,1,"HRS","Raw FI6"
0.28,0.3,2,"HRS","Raw FI6"
0.3,0.3,2,"HRS","Raw FI6"
0.32,0.3,1,"HRS","Raw FI6"
0.36,0.3,1,"HRS","Raw FI6"
0.38,0.3,5,"HRS","Raw FI6"
0.4,0.3,19,"HRS","Raw FI6"
0.44,0.3,60,"HRS","Raw FI6"
0.48,0.3,33,"HRS","Raw FI6"
0.52,0.3,12,"HRS","Raw FI6"
0.56,0.3,5,"HRS","Raw FI6"
0.6,0.3,21,"HRS","Raw FI6"
0.64,0.3,31,"HRS","Raw FI6"
0.68,0.3,12,"HRS","Raw FI6"
0.76,0.3,10,"HRS","Raw FI6"
0.78,0.3,2,"HRS","Raw FI6"
0.8,0.3,6,"HRS","Raw FI6"
0.82,0.3,5,"HRS","Raw FI6"
0.84,0.3,10,"HRS","Raw FI6"
0.86,0.3,2,"HRS","Raw FI6"
0.26,0.32,1,"HRS","Raw FI6"
0.3,0.32,2,"HRS","Raw FI6"
0.34,0.32,5,"HRS","Raw FI6"
0.38,0.32,22,"HRS","Raw FI6"
0.42,0.32,76,"HRS","Raw FI6"
0.46,0.32,28,"HRS","Raw FI6"
0.5,0.32,9,"HRS","Raw FI6"
0.54,0.32,3,"HRS","Raw FI6"
0.56,0.32,3,"HRS","Raw FI6"
0.58,0.32,15,"HRS","Raw FI6"
0.6,0.32,10,"HRS","Raw FI6"
0.62,0.32,13,"HRS","Raw FI6"
0.64,0.32,22,"HRS","Raw FI6"
0.66,0.32,3,"HRS","Raw FI6"
0.68,0.32,8,"HRS","Raw FI6"
0.72,0.32,2,"HRS","Raw FI6"
0.76,0.32,3,"HRS","Raw FI6"
0.8,0.32,13,"HRS","Raw FI6"
0.84,0.32,12,"HRS","Raw FI6"
0.3,0.34,1,"HRS","Raw FI6"
0.32,0.34,4,"HRS","Raw FI6"
0.34,0.34,1,"HRS","Raw FI6"
0.36,0.34,11,"HRS","Raw FI6"
0.38,0.34,18,"HRS","Raw FI6"
0.4,0.34,6,"HRS","Raw FI6"
0.42,0.34,51,"HRS","Raw FI6"
0.46,0.34,31,"HRS","Raw FI6"
0.48,0.34,1,"HRS","Raw FI6"
0.5,0.34,4,"HRS","Raw FI6"
0.54,0.34,13,"HRS","Raw FI6"
0.58,0.34,26,"HRS","Raw FI6"
0.62,0.34,35,"HRS","Raw FI6"
0.66,0.34,11,"HRS","Raw FI6"
0.7,0.34,4,"HRS","Raw FI6"
0.74,0.34,6,"HRS","Raw FI6"
0.76,0.34,1,"HRS","Raw FI6"
0.78,0.34,8,"HRS","Raw FI6"
0.8,0.34,3,"HRS","Raw FI6"
0.82,0.34,8,"HRS","Raw FI6"
0.84,0.34,10,"HRS","Raw FI6"
0.32,0.36,2,"HRS","Raw FI6"
0.36,0.36,12,"HRS","Raw FI6"
0.4,0.36,27,"HRS","Raw FI6"
0.44,0.36,30,"HRS","Raw FI6"
0.48,0.36,4,"HRS","Raw FI6"
0.5,0.36,2,"HRS","Raw FI6"
0.52,0.36,4,"HRS","Raw FI6"
0.54,0.36,5,"HRS","Raw FI6"
0.56,0.36,22,"HRS","Raw FI6"
0.58,0.36,21,"HRS","Raw FI6"
0.6,0.36,9,"HRS","Raw FI6"
0.62,0.36,28,"HRS","Raw FI6"
0.64,0.36,1,"HRS","Raw FI6"
0.66,0.36,11,"HRS","Raw FI6"
0.7,0.36,7,"HRS","Raw FI6"
0.74,0.36,3,"HRS","Raw FI6"
0.78,0.36,19,"HRS","Raw FI6"
0.82,0.36,15,"HRS","Raw FI6"
0.34,0.38,4,"HRS","Raw FI6"
0.36,0.38,7,"HRS","Raw FI6"
0.38,0.38,6,"HRS","Raw FI6"
0.4,0.38,22,"HRS","Raw FI6"
0.44,0.38,9,"HRS","Raw FI6"
0.48,0.38,2,"HRS","Raw FI6"
0.52,0.38,11,"HRS","Raw FI6"
0.56,0.38,20,"HRS","Raw FI6"
0.6,0.38,39,"HRS","Raw FI6"
0.62,0.38,1,"HRS","Raw FI6"
0.64,0.38,18,"HRS","Raw FI6"
0.66,0.38,1,"HRS","Raw FI6"
0.68,0.38,3,"HRS","Raw FI6"
0.72,0.38,9,"HRS","Raw FI6"
0.74,0.38,3,"HRS","Raw FI6"
0.76,0.38,15,"HRS","Raw FI6"
0.78,0.38,6,"HRS","Raw FI6"
0.8,0.38,6,"HRS","Raw FI6"
0.82,0.38,4,"HRS","Raw FI6"
0.34,0.4,3,"HRS","Raw FI6"
0.38,0.4,8,"HRS","Raw FI6"
0.42,0.4,10,"HRS","Raw FI6"
0.46,0.4,4,"HRS","Raw FI6"
0.5,0.4,8,"HRS","Raw FI6"
0.52,0.4,5,"HRS","Raw FI6"
0.54,0.4,20,"HRS","Raw FI6"
0.56,0.4,18,"HRS","Raw FI6"
0.58,0.4,4,"HRS","Raw FI6"
0.6,0.4,21,"HRS","Raw FI6"
0.62,0.4,3,"HRS","Raw FI6"
0.64,0.4,6,"HRS","Raw FI6"
0.68,0.4,2,"HRS","Raw FI6"
0.72,0.4,5,"HRS","Raw FI6"
0.76,0.4,19,"HRS","Raw FI6"
0.8,0.4,16,"HRS","Raw FI6"
0.34,0.42,1,"HRS","Raw FI6"
0.36,0.42,1,"HRS","Raw FI6"
0.38,0.42,3,"HRS","Raw FI6"
0.42,0.42,3,"HRS","Raw FI6"
0.46,0.42,2,"HRS","Raw FI6"
0.48,0.42,1,"HRS","Raw FI6"
0.5,0.42,8,"HRS","Raw FI6"
0.54,0.42,24,"HRS","Raw FI6"
0.58,0.42,32,"HRS","Raw FI6"
0.62,0.42,7,"HRS","Raw FI6"
0.66,0.42,2,"HRS","Raw FI6"
0.7,0.42,4,"HRS","Raw FI6"
0.72,0.42,2,"HRS","Raw FI6"
0.74,0.42,10,"HRS","Raw FI6"
0.76,0.42,4,"HRS","Raw FI6"
0.78,0.42,5,"HRS","Raw FI6"
0.8,0.42,5,"HRS","Raw FI6"
0.36,0.44,1,"HRS","Raw FI6"
0.4,0.44,2,"HRS","Raw FI6"
0.44,0.44,1,"HRS","Raw FI6"
0.48,0.44,6,"HRS","Raw FI6"
0.5,0.44,6,"HRS","Raw FI6"
0.52,0.44,10,"HRS","Raw FI6"
0.54,0.44,12,"HRS","Raw FI6"
0.56,0.44,10,"HRS","Raw FI6"
0.58,0.44,15,"HRS","Raw FI6"
0.6,0.44,3,"HRS","Raw FI6"
0.62,0.44,4,"HRS","Raw FI6"
0.66,0.44,1,"HRS","Raw FI6"
0.7,0.44,8,"HRS","Raw FI6"
0.74,0.44,23,"HRS","Raw FI6"
0.78,0.44,7,"HRS","Raw FI6"
0.4,0.46,1,"HRS","Raw FI6"
0.48,0.46,5,"HRS","Raw FI6"
0.52,0.46,23,"HRS","Raw FI6"
0.56,0.46,15,"HRS","Raw FI6"
0.6,0.46,11,"HRS","Raw FI6"
0.62,0.46,1,"HRS","Raw FI6"
0.64,0.46,3,"HRS","Raw FI6"
0.68,0.46,4,"HRS","Raw FI6"
0.72,0.46,12,"HRS","Raw FI6"
0.74,0.46,7,"HRS","Raw FI6"
0.76,0.46,4,"HRS","Raw FI6"
0.78,0.46,3,"HRS","Raw FI6"
0.38,0.48,1,"HRS","Raw FI6"
0.42,0.48,1,"HRS","Raw FI6"
0.46,0.48,2,"HRS","Raw FI6"
0.5,0.48,12,"HRS","Raw FI6"
0.52,0.48,10,"HRS","Raw FI6"
0.54,0.48,3,"HRS","Raw FI6"
0.56,0.48,9,"HRS","Raw FI6"
0.6,0.48,5,"HRS","Raw FI6"
0.64,0.48,1,"HRS","Raw FI6"
0.68,0.48,8,"HRS","Raw FI6"
0.72,0.48,11,"HRS","Raw FI6"
0.76,0.48,7,"HRS","Raw FI6"
0.46,0.5,3,"HRS","Raw FI6"
0.5,0.5,6,"HRS","Raw FI6"
0.54,0.5,15,"HRS","Raw FI6"
0.58,0.5,6,"HRS","Raw FI6"
0.62,0.5,1,"HRS","Raw FI6"
0.66,0.5,6,"HRS","Raw FI6"
0.68,0.5,1,"HRS","Raw FI6"
0.7,0.5,9,"HRS","Raw FI6"
0.72,0.5,7,"HRS","Raw FI6"
0.74,0.5,2,"HRS","Raw FI6"
0.76,0.5,1,"HRS","Raw FI6"
0.44,0.52,1,"HRS","Raw FI6"
0.46,0.52,1,"HRS","Raw FI6"
0.48,0.52,1,"HRS","Raw FI6"
0.5,0.52,3,"HRS","Raw FI6"
0.52,0.52,1,"HRS","Raw FI6"
0.54,0.52,2,"HRS","Raw FI6"
0.58,0.52,1,"HRS","Raw FI6"
0.62,0.52,1,"HRS","Raw FI6"
0.66,0.52,4,"HRS","Raw FI6"
0.7,0.52,10,"HRS","Raw FI6"
0.74,0.52,5,"HRS","Raw FI6"
0.48,0.54,1,"HRS","Raw FI6"
0.52,0.54,4,"HRS","Raw FI6"
0.56,0.54,1,"HRS","Raw FI6"
0.64,0.54,1,"HRS","Raw FI6"
0.66,0.54,2,"HRS","Raw FI6"
0.68,0.54,3,"HRS","Raw FI6"
0.7,0.54,3,"HRS","Raw FI6"
0.72,0.54,2,"HRS","Raw FI6"
0.74,0.54,1,"HRS","Raw FI6"
0.64,0.56,2,"HRS","Raw FI6"
0.66,0.56,1,"HRS","Raw FI6"
0.68,0.56,5,"HRS","Raw FI6"
0.56,0.58,1,"HRS","Raw FI6"
0.62,0.58,2,"HRS","Raw FI6"
0.68,0.58,2,"HRS","Raw FI6"
0.7,0.58,2,"HRS","Raw FI6"
0.72,0.58,1,"HRS","Raw FI6"
0.5,0.6,1,"HRS","Raw FI6"
0.62,0.6,4,"HRS","Raw FI6"
0.66,0.6,4,"HRS","Raw FI6"
0.7,0.6,1,"HRS","Raw FI6"
0.66,0.62,1,"HRS","Raw FI6"
0.7,0.62,1,"HRS","Raw FI6"
0.6,0.64,1,"HRS","Raw FI6"
0.64,0.64,1,"HRS","Raw FI6"
0.62,0.68,1,"HRS","Raw FI6"
0.66,0.7,1,"HRS","Raw FI6"
0.58,-0.44,1,"HRS","Training-mapped FI6"
0.66,-0.44,1,"HRS","Training-mapped FI6"
0.66,-0.4,1,"HRS","Training-mapped FI6"
0.6,-0.38,1,"HRS","Training-mapped FI6"
0.64,-0.38,1,"HRS","Training-mapped FI6"
0.7,-0.38,2,"HRS","Training-mapped FI6"
0.72,-0.38,2,"HRS","Training-mapped FI6"
0.74,-0.38,1,"HRS","Training-mapped FI6"
0.52,-0.36,1,"HRS","Training-mapped FI6"
0.64,-0.36,1,"HRS","Training-mapped FI6"
0.68,-0.36,1,"HRS","Training-mapped FI6"
0.7,-0.36,4,"HRS","Training-mapped FI6"
0.72,-0.36,3,"HRS","Training-mapped FI6"
0.58,-0.34,2,"HRS","Training-mapped FI6"
0.6,-0.34,1,"HRS","Training-mapped FI6"
0.62,-0.34,1,"HRS","Training-mapped FI6"
0.64,-0.34,1,"HRS","Training-mapped FI6"
0.7,-0.34,1,"HRS","Training-mapped FI6"
0.72,-0.34,6,"HRS","Training-mapped FI6"
0.6,-0.32,2,"HRS","Training-mapped FI6"
0.62,-0.32,2,"HRS","Training-mapped FI6"
0.68,-0.32,3,"HRS","Training-mapped FI6"
0.7,-0.32,7,"HRS","Training-mapped FI6"
0.28,-0.3,1,"HRS","Training-mapped FI6"
0.5,-0.3,1,"HRS","Training-mapped FI6"
0.52,-0.3,2,"HRS","Training-mapped FI6"
0.58,-0.3,1,"HRS","Training-mapped FI6"
0.6,-0.3,3,"HRS","Training-mapped FI6"
0.62,-0.3,2,"HRS","Training-mapped FI6"
0.64,-0.3,2,"HRS","Training-mapped FI6"
0.66,-0.3,4,"HRS","Training-mapped FI6"
0.68,-0.3,4,"HRS","Training-mapped FI6"
0.7,-0.3,3,"HRS","Training-mapped FI6"
0.26,-0.28,1,"HRS","Training-mapped FI6"
0.36,-0.28,1,"HRS","Training-mapped FI6"
0.5,-0.28,1,"HRS","Training-mapped FI6"
0.52,-0.28,2,"HRS","Training-mapped FI6"
0.56,-0.28,2,"HRS","Training-mapped FI6"
0.58,-0.28,2,"HRS","Training-mapped FI6"
0.6,-0.28,5,"HRS","Training-mapped FI6"
0.64,-0.28,5,"HRS","Training-mapped FI6"
0.66,-0.28,11,"HRS","Training-mapped FI6"
0.68,-0.28,12,"HRS","Training-mapped FI6"
0.26,-0.26,1,"HRS","Training-mapped FI6"
0.3,-0.26,1,"HRS","Training-mapped FI6"
0.32,-0.26,2,"HRS","Training-mapped FI6"
0.34,-0.26,1,"HRS","Training-mapped FI6"
0.5,-0.26,1,"HRS","Training-mapped FI6"
0.54,-0.26,4,"HRS","Training-mapped FI6"
0.56,-0.26,3,"HRS","Training-mapped FI6"
0.58,-0.26,2,"HRS","Training-mapped FI6"
0.6,-0.26,4,"HRS","Training-mapped FI6"
0.62,-0.26,1,"HRS","Training-mapped FI6"
0.64,-0.26,5,"HRS","Training-mapped FI6"
0.66,-0.26,9,"HRS","Training-mapped FI6"
0.68,-0.26,11,"HRS","Training-mapped FI6"
0.24,-0.24,1,"HRS","Training-mapped FI6"
0.3,-0.24,1,"HRS","Training-mapped FI6"
0.34,-0.24,2,"HRS","Training-mapped FI6"
0.38,-0.24,1,"HRS","Training-mapped FI6"
0.4,-0.24,2,"HRS","Training-mapped FI6"
0.42,-0.24,2,"HRS","Training-mapped FI6"
0.48,-0.24,6,"HRS","Training-mapped FI6"
0.5,-0.24,4,"HRS","Training-mapped FI6"
0.54,-0.24,3,"HRS","Training-mapped FI6"
0.56,-0.24,3,"HRS","Training-mapped FI6"
0.58,-0.24,8,"HRS","Training-mapped FI6"
0.6,-0.24,1,"HRS","Training-mapped FI6"
0.62,-0.24,7,"HRS","Training-mapped FI6"
0.64,-0.24,13,"HRS","Training-mapped FI6"
0.66,-0.24,9,"HRS","Training-mapped FI6"
0.18,-0.22,2,"HRS","Training-mapped FI6"
0.2,-0.22,1,"HRS","Training-mapped FI6"
0.22,-0.22,1,"HRS","Training-mapped FI6"
0.24,-0.22,1,"HRS","Training-mapped FI6"
0.26,-0.22,1,"HRS","Training-mapped FI6"
0.28,-0.22,3,"HRS","Training-mapped FI6"
0.3,-0.22,1,"HRS","Training-mapped FI6"
0.38,-0.22,5,"HRS","Training-mapped FI6"
0.4,-0.22,3,"HRS","Training-mapped FI6"
0.44,-0.22,1,"HRS","Training-mapped FI6"
0.46,-0.22,3,"HRS","Training-mapped FI6"
0.48,-0.22,3,"HRS","Training-mapped FI6"
0.5,-0.22,1,"HRS","Training-mapped FI6"
0.52,-0.22,3,"HRS","Training-mapped FI6"
0.54,-0.22,1,"HRS","Training-mapped FI6"
0.56,-0.22,5,"HRS","Training-mapped FI6"
0.58,-0.22,3,"HRS","Training-mapped FI6"
0.6,-0.22,1,"HRS","Training-mapped FI6"
0.62,-0.22,11,"HRS","Training-mapped FI6"
0.64,-0.22,7,"HRS","Training-mapped FI6"
0.66,-0.22,13,"HRS","Training-mapped FI6"
0.18,-0.2,4,"HRS","Training-mapped FI6"
0.2,-0.2,5,"HRS","Training-mapped FI6"
0.22,-0.2,1,"HRS","Training-mapped FI6"
0.24,-0.2,1,"HRS","Training-mapped FI6"
0.26,-0.2,1,"HRS","Training-mapped FI6"
0.28,-0.2,3,"HRS","Training-mapped FI6"
0.3,-0.2,1,"HRS","Training-mapped FI6"
0.34,-0.2,1,"HRS","Training-mapped FI6"
0.36,-0.2,2,"HRS","Training-mapped FI6"
0.38,-0.2,3,"HRS","Training-mapped FI6"
0.4,-0.2,1,"HRS","Training-mapped FI6"
0.44,-0.2,1,"HRS","Training-mapped FI6"
0.46,-0.2,5,"HRS","Training-mapped FI6"
0.48,-0.2,3,"HRS","Training-mapped FI6"
0.52,-0.2,4,"HRS","Training-mapped FI6"
0.54,-0.2,6,"HRS","Training-mapped FI6"
0.56,-0.2,8,"HRS","Training-mapped FI6"
0.58,-0.2,2,"HRS","Training-mapped FI6"
0.6,-0.2,5,"HRS","Training-mapped FI6"
0.62,-0.2,15,"HRS","Training-mapped FI6"
0.64,-0.2,12,"HRS","Training-mapped FI6"
0.16,-0.18,2,"HRS","Training-mapped FI6"
0.18,-0.18,6,"HRS","Training-mapped FI6"
0.2,-0.18,5,"HRS","Training-mapped FI6"
0.22,-0.18,3,"HRS","Training-mapped FI6"
0.24,-0.18,2,"HRS","Training-mapped FI6"
0.26,-0.18,2,"HRS","Training-mapped FI6"
0.3,-0.18,3,"HRS","Training-mapped FI6"
0.32,-0.18,2,"HRS","Training-mapped FI6"
0.34,-0.18,1,"HRS","Training-mapped FI6"
0.36,-0.18,4,"HRS","Training-mapped FI6"
0.38,-0.18,3,"HRS","Training-mapped FI6"
0.4,-0.18,2,"HRS","Training-mapped FI6"
0.42,-0.18,3,"HRS","Training-mapped FI6"
0.44,-0.18,2,"HRS","Training-mapped FI6"
0.46,-0.18,3,"HRS","Training-mapped FI6"
0.48,-0.18,4,"HRS","Training-mapped FI6"
0.5,-0.18,1,"HRS","Training-mapped FI6"
0.52,-0.18,5,"HRS","Training-mapped FI6"
0.54,-0.18,12,"HRS","Training-mapped FI6"
0.56,-0.18,4,"HRS","Training-mapped FI6"
0.58,-0.18,3,"HRS","Training-mapped FI6"
0.6,-0.18,4,"HRS","Training-mapped FI6"
0.62,-0.18,20,"HRS","Training-mapped FI6"
0.64,-0.18,8,"HRS","Training-mapped FI6"
0.16,-0.16,3,"HRS","Training-mapped FI6"
0.18,-0.16,4,"HRS","Training-mapped FI6"
0.2,-0.16,3,"HRS","Training-mapped FI6"
0.22,-0.16,2,"HRS","Training-mapped FI6"
0.24,-0.16,2,"HRS","Training-mapped FI6"
0.26,-0.16,1,"HRS","Training-mapped FI6"
0.28,-0.16,3,"HRS","Training-mapped FI6"
0.3,-0.16,2,"HRS","Training-mapped FI6"
0.32,-0.16,2,"HRS","Training-mapped FI6"
0.34,-0.16,3,"HRS","Training-mapped FI6"
0.36,-0.16,9,"HRS","Training-mapped FI6"
0.38,-0.16,1,"HRS","Training-mapped FI6"
0.4,-0.16,2,"HRS","Training-mapped FI6"
0.42,-0.16,4,"HRS","Training-mapped FI6"
0.44,-0.16,8,"HRS","Training-mapped FI6"
0.46,-0.16,1,"HRS","Training-mapped FI6"
0.48,-0.16,2,"HRS","Training-mapped FI6"
0.5,-0.16,2,"HRS","Training-mapped FI6"
0.52,-0.16,18,"HRS","Training-mapped FI6"
0.54,-0.16,17,"HRS","Training-mapped FI6"
0.56,-0.16,1,"HRS","Training-mapped FI6"
0.58,-0.16,3,"HRS","Training-mapped FI6"
0.6,-0.16,11,"HRS","Training-mapped FI6"
0.62,-0.16,12,"HRS","Training-mapped FI6"
0.12,-0.14,1,"HRS","Training-mapped FI6"
0.14,-0.14,4,"HRS","Training-mapped FI6"
0.16,-0.14,11,"HRS","Training-mapped FI6"
0.18,-0.14,11,"HRS","Training-mapped FI6"
0.2,-0.14,5,"HRS","Training-mapped FI6"
0.22,-0.14,7,"HRS","Training-mapped FI6"
0.24,-0.14,9,"HRS","Training-mapped FI6"
0.26,-0.14,12,"HRS","Training-mapped FI6"
0.28,-0.14,6,"HRS","Training-mapped FI6"
0.3,-0.14,4,"HRS","Training-mapped FI6"
0.32,-0.14,5,"HRS","Training-mapped FI6"
0.34,-0.14,4,"HRS","Training-mapped FI6"
0.36,-0.14,6,"HRS","Training-mapped FI6"
0.38,-0.14,4,"HRS","Training-mapped FI6"
0.4,-0.14,10,"HRS","Training-mapped FI6"
0.42,-0.14,8,"HRS","Training-mapped FI6"
0.44,-0.14,8,"HRS","Training-mapped FI6"
0.46,-0.14,3,"HRS","Training-mapped FI6"
0.48,-0.14,4,"HRS","Training-mapped FI6"
0.5,-0.14,9,"HRS","Training-mapped FI6"
0.52,-0.14,21,"HRS","Training-mapped FI6"
0.54,-0.14,7,"HRS","Training-mapped FI6"
0.56,-0.14,2,"HRS","Training-mapped FI6"
0.58,-0.14,8,"HRS","Training-mapped FI6"
0.6,-0.14,14,"HRS","Training-mapped FI6"
0.62,-0.14,5,"HRS","Training-mapped FI6"
0.12,-0.12,3,"HRS","Training-mapped FI6"
0.14,-0.12,24,"HRS","Training-mapped FI6"
0.16,-0.12,23,"HRS","Training-mapped FI6"
0.18,-0.12,3,"HRS","Training-mapped FI6"
0.2,-0.12,6,"HRS","Training-mapped FI6"
0.22,-0.12,5,"HRS","Training-mapped FI6"
0.24,-0.12,10,"HRS","Training-mapped FI6"
0.26,-0.12,13,"HRS","Training-mapped FI6"
0.28,-0.12,4,"HRS","Training-mapped FI6"
0.32,-0.12,9,"HRS","Training-mapped FI6"
0.34,-0.12,12,"HRS","Training-mapped FI6"
0.36,-0.12,4,"HRS","Training-mapped FI6"
0.38,-0.12,4,"HRS","Training-mapped FI6"
0.4,-0.12,13,"HRS","Training-mapped FI6"
0.42,-0.12,14,"HRS","Training-mapped FI6"
0.44,-0.12,3,"HRS","Training-mapped FI6"
0.46,-0.12,1,"HRS","Training-mapped FI6"
0.48,-0.12,7,"HRS","Training-mapped FI6"
0.5,-0.12,12,"HRS","Training-mapped FI6"
0.52,-0.12,12,"HRS","Training-mapped FI6"
0.54,-0.12,2,"HRS","Training-mapped FI6"
0.56,-0.12,10,"HRS","Training-mapped FI6"
0.58,-0.12,13,"HRS","Training-mapped FI6"
0.6,-0.12,18,"HRS","Training-mapped FI6"
0.12,-0.1,13,"HRS","Training-mapped FI6"
0.14,-0.1,35,"HRS","Training-mapped FI6"
0.16,-0.1,25,"HRS","Training-mapped FI6"
0.18,-0.1,7,"HRS","Training-mapped FI6"
0.2,-0.1,4,"HRS","Training-mapped FI6"
0.22,-0.1,14,"HRS","Training-mapped FI6"
0.24,-0.1,21,"HRS","Training-mapped FI6"
0.26,-0.1,9,"HRS","Training-mapped FI6"
0.28,-0.1,3,"HRS","Training-mapped FI6"
0.3,-0.1,11,"HRS","Training-mapped FI6"
0.32,-0.1,19,"HRS","Training-mapped FI6"
0.34,-0.1,14,"HRS","Training-mapped FI6"
0.36,-0.1,4,"HRS","Training-mapped FI6"
0.38,-0.1,4,"HRS","Training-mapped FI6"
0.4,-0.1,14,"HRS","Training-mapped FI6"
0.42,-0.1,6,"HRS","Training-mapped FI6"
0.44,-0.1,2,"HRS","Training-mapped FI6"
0.46,-0.1,4,"HRS","Training-mapped FI6"
0.48,-0.1,19,"HRS","Training-mapped FI6"
0.5,-0.1,16,"HRS","Training-mapped FI6"
0.52,-0.1,8,"HRS","Training-mapped FI6"
0.54,-0.1,3,"HRS","Training-mapped FI6"
0.56,-0.1,12,"HRS","Training-mapped FI6"
0.58,-0.1,11,"HRS","Training-mapped FI6"
0.6,-0.1,7,"HRS","Training-mapped FI6"
0.1,-0.08,13,"HRS","Training-mapped FI6"
0.12,-0.08,57,"HRS","Training-mapped FI6"
0.14,-0.08,49,"HRS","Training-mapped FI6"
0.16,-0.08,23,"HRS","Training-mapped FI6"
0.18,-0.08,3,"HRS","Training-mapped FI6"
0.2,-0.08,27,"HRS","Training-mapped FI6"
0.22,-0.08,27,"HRS","Training-mapped FI6"
0.24,-0.08,6,"HRS","Training-mapped FI6"
0.26,-0.08,2,"HRS","Training-mapped FI6"
0.28,-0.08,6,"HRS","Training-mapped FI6"
0.3,-0.08,16,"HRS","Training-mapped FI6"
0.32,-0.08,22,"HRS","Training-mapped FI6"
0.34,-0.08,10,"HRS","Training-mapped FI6"
0.36,-0.08,7,"HRS","Training-mapped FI6"
0.38,-0.08,20,"HRS","Training-mapped FI6"
0.4,-0.08,32,"HRS","Training-mapped FI6"
0.42,-0.08,6,"HRS","Training-mapped FI6"
0.44,-0.08,8,"HRS","Training-mapped FI6"
0.46,-0.08,10,"HRS","Training-mapped FI6"
0.48,-0.08,30,"HRS","Training-mapped FI6"
0.5,-0.08,14,"HRS","Training-mapped FI6"
0.52,-0.08,2,"HRS","Training-mapped FI6"
0.54,-0.08,8,"HRS","Training-mapped FI6"
0.56,-0.08,15,"HRS","Training-mapped FI6"
0.58,-0.08,10,"HRS","Training-mapped FI6"
0.08,-0.06,6,"HRS","Training-mapped FI6"
0.1,-0.06,33,"HRS","Training-mapped FI6"
0.12,-0.06,68,"HRS","Training-mapped FI6"
0.14,-0.06,62,"HRS","Training-mapped FI6"
0.16,-0.06,16,"HRS","Training-mapped FI6"
0.18,-0.06,3,"HRS","Training-mapped FI6"
0.2,-0.06,37,"HRS","Training-mapped FI6"
0.22,-0.06,33,"HRS","Training-mapped FI6"
0.24,-0.06,16,"HRS","Training-mapped FI6"
0.26,-0.06,6,"HRS","Training-mapped FI6"
0.28,-0.06,12,"HRS","Training-mapped FI6"
0.3,-0.06,34,"HRS","Training-mapped FI6"
0.32,-0.06,13,"HRS","Training-mapped FI6"
0.34,-0.06,7,"HRS","Training-mapped FI6"
0.36,-0.06,13,"HRS","Training-mapped FI6"
0.38,-0.06,21,"HRS","Training-mapped FI6"
0.4,-0.06,14,"HRS","Training-mapped FI6"
0.42,-0.06,9,"HRS","Training-mapped FI6"
0.44,-0.06,9,"HRS","Training-mapped FI6"
0.46,-0.06,14,"HRS","Training-mapped FI6"
0.48,-0.06,25,"HRS","Training-mapped FI6"
0.5,-0.06,14,"HRS","Training-mapped FI6"
0.52,-0.06,3,"HRS","Training-mapped FI6"
0.54,-0.06,15,"HRS","Training-mapped FI6"
0.56,-0.06,19,"HRS","Training-mapped FI6"
0.58,-0.06,9,"HRS","Training-mapped FI6"
0.08,-0.04,38,"HRS","Training-mapped FI6"
0.1,-0.04,153,"HRS","Training-mapped FI6"
0.12,-0.04,107,"HRS","Training-mapped FI6"
0.14,-0.04,21,"HRS","Training-mapped FI6"
0.16,-0.04,11,"HRS","Training-mapped FI6"
0.18,-0.04,57,"HRS","Training-mapped FI6"
0.2,-0.04,48,"HRS","Training-mapped FI6"
0.22,-0.04,26,"HRS","Training-mapped FI6"
0.24,-0.04,4,"HRS","Training-mapped FI6"
0.26,-0.04,15,"HRS","Training-mapped FI6"
0.28,-0.04,39,"HRS","Training-mapped FI6"
0.3,-0.04,17,"HRS","Training-mapped FI6"
0.32,-0.04,4,"HRS","Training-mapped FI6"
0.34,-0.04,10,"HRS","Training-mapped FI6"
0.36,-0.04,34,"HRS","Training-mapped FI6"
0.38,-0.04,26,"HRS","Training-mapped FI6"
0.4,-0.04,16,"HRS","Training-mapped FI6"
0.42,-0.04,5,"HRS","Training-mapped FI6"
0.44,-0.04,17,"HRS","Training-mapped FI6"
0.46,-0.04,35,"HRS","Training-mapped FI6"
0.48,-0.04,8,"HRS","Training-mapped FI6"
0.5,-0.04,5,"HRS","Training-mapped FI6"
0.52,-0.04,6,"HRS","Training-mapped FI6"
0.54,-0.04,17,"HRS","Training-mapped FI6"
0.56,-0.04,10,"HRS","Training-mapped FI6"
0.06,-0.02,10,"HRS","Training-mapped FI6"
0.08,-0.02,52,"HRS","Training-mapped FI6"
0.1,-0.02,159,"HRS","Training-mapped FI6"
0.12,-0.02,95,"HRS","Training-mapped FI6"
0.14,-0.02,20,"HRS","Training-mapped FI6"
0.16,-0.02,27,"HRS","Training-mapped FI6"
0.18,-0.02,59,"HRS","Training-mapped FI6"
0.2,-0.02,65,"HRS","Training-mapped FI6"
0.22,-0.02,16,"HRS","Training-mapped FI6"
0.24,-0.02,10,"HRS","Training-mapped FI6"
0.26,-0.02,24,"HRS","Training-mapped FI6"
0.28,-0.02,26,"HRS","Training-mapped FI6"
0.3,-0.02,24,"HRS","Training-mapped FI6"
0.32,-0.02,6,"HRS","Training-mapped FI6"
0.34,-0.02,17,"HRS","Training-mapped FI6"
0.36,-0.02,37,"HRS","Training-mapped FI6"
0.38,-0.02,18,"HRS","Training-mapped FI6"
0.4,-0.02,8,"HRS","Training-mapped FI6"
0.42,-0.02,15,"HRS","Training-mapped FI6"
0.44,-0.02,36,"HRS","Training-mapped FI6"
0.46,-0.02,24,"HRS","Training-mapped FI6"
0.48,-0.02,6,"HRS","Training-mapped FI6"
0.5,-0.02,10,"HRS","Training-mapped FI6"
0.52,-0.02,16,"HRS","Training-mapped FI6"
0.54,-0.02,10,"HRS","Training-mapped FI6"
0.56,-0.02,2,"HRS","Training-mapped FI6"
0.06,0,54,"HRS","Training-mapped FI6"
0.08,0,178,"HRS","Training-mapped FI6"
0.1,0,105,"HRS","Training-mapped FI6"
0.12,0,27,"HRS","Training-mapped FI6"
0.14,0,17,"HRS","Training-mapped FI6"
0.16,0,89,"HRS","Training-mapped FI6"
0.18,0,84,"HRS","Training-mapped FI6"
0.2,0,21,"HRS","Training-mapped FI6"
0.22,0,4,"HRS","Training-mapped FI6"
0.24,0,30,"HRS","Training-mapped FI6"
0.26,0,65,"HRS","Training-mapped FI6"
0.28,0,32,"HRS","Training-mapped FI6"
0.3,0,6,"HRS","Training-mapped FI6"
0.32,0,15,"HRS","Training-mapped FI6"
0.34,0,31,"HRS","Training-mapped FI6"
0.36,0,41,"HRS","Training-mapped FI6"
0.38,0,9,"HRS","Training-mapped FI6"
0.4,0,6,"HRS","Training-mapped FI6"
0.42,0,29,"HRS","Training-mapped FI6"
0.44,0,28,"HRS","Training-mapped FI6"
0.46,0,15,"HRS","Training-mapped FI6"
0.48,0,3,"HRS","Training-mapped FI6"
0.5,0,3,"HRS","Training-mapped FI6"
0.52,0,23,"HRS","Training-mapped FI6"
0.54,0,8,"HRS","Training-mapped FI6"
0.06,0.02,70,"HRS","Training-mapped FI6"
0.08,0.02,139,"HRS","Training-mapped FI6"
0.1,0.02,73,"HRS","Training-mapped FI6"
0.12,0.02,23,"HRS","Training-mapped FI6"
0.14,0.02,36,"HRS","Training-mapped FI6"
0.16,0.02,78,"HRS","Training-mapped FI6"
0.18,0.02,82,"HRS","Training-mapped FI6"
0.2,0.02,29,"HRS","Training-mapped FI6"
0.22,0.02,16,"HRS","Training-mapped FI6"
0.24,0.02,44,"HRS","Training-mapped FI6"
0.26,0.02,64,"HRS","Training-mapped FI6"
0.28,0.02,32,"HRS","Training-mapped FI6"
0.3,0.02,10,"HRS","Training-mapped FI6"
0.32,0.02,36,"HRS","Training-mapped FI6"
0.34,0.02,42,"HRS","Training-mapped FI6"
0.36,0.02,26,"HRS","Training-mapped FI6"
0.38,0.02,9,"HRS","Training-mapped FI6"
0.4,0.02,21,"HRS","Training-mapped FI6"
0.42,0.02,38,"HRS","Training-mapped FI6"
0.44,0.02,25,"HRS","Training-mapped FI6"
0.46,0.02,9,"HRS","Training-mapped FI6"
0.48,0.02,5,"HRS","Training-mapped FI6"
0.5,0.02,7,"HRS","Training-mapped FI6"
0.52,0.02,20,"HRS","Training-mapped FI6"
0.54,0.02,2,"HRS","Training-mapped FI6"
0.04,0.04,13,"HRS","Training-mapped FI6"
0.06,0.04,65,"HRS","Training-mapped FI6"
0.08,0.04,55,"HRS","Training-mapped FI6"
0.1,0.04,10,"HRS","Training-mapped FI6"
0.12,0.04,8,"HRS","Training-mapped FI6"
0.14,0.04,92,"HRS","Training-mapped FI6"
0.16,0.04,92,"HRS","Training-mapped FI6"
0.18,0.04,12,"HRS","Training-mapped FI6"
0.2,0.04,12,"HRS","Training-mapped FI6"
0.22,0.04,43,"HRS","Training-mapped FI6"
0.24,0.04,56,"HRS","Training-mapped FI6"
0.26,0.04,33,"HRS","Training-mapped FI6"
0.28,0.04,3,"HRS","Training-mapped FI6"
0.3,0.04,29,"HRS","Training-mapped FI6"
0.32,0.04,66,"HRS","Training-mapped FI6"
0.34,0.04,26,"HRS","Training-mapped FI6"
0.36,0.04,7,"HRS","Training-mapped FI6"
0.38,0.04,16,"HRS","Training-mapped FI6"
0.4,0.04,29,"HRS","Training-mapped FI6"
0.42,0.04,34,"HRS","Training-mapped FI6"
0.44,0.04,8,"HRS","Training-mapped FI6"
0.46,0.04,2,"HRS","Training-mapped FI6"
0.48,0.04,5,"HRS","Training-mapped FI6"
0.5,0.04,13,"HRS","Training-mapped FI6"
0.52,0.04,3,"HRS","Training-mapped FI6"
0.06,0.06,7,"HRS","Training-mapped FI6"
0.08,0.06,6,"HRS","Training-mapped FI6"
0.1,0.06,8,"HRS","Training-mapped FI6"
0.12,0.06,18,"HRS","Training-mapped FI6"
0.14,0.06,68,"HRS","Training-mapped FI6"
0.16,0.06,46,"HRS","Training-mapped FI6"
0.18,0.06,13,"HRS","Training-mapped FI6"
0.2,0.06,16,"HRS","Training-mapped FI6"
0.22,0.06,63,"HRS","Training-mapped FI6"
0.24,0.06,67,"HRS","Training-mapped FI6"
0.26,0.06,13,"HRS","Training-mapped FI6"
0.28,0.06,7,"HRS","Training-mapped FI6"
0.3,0.06,47,"HRS","Training-mapped FI6"
0.32,0.06,45,"HRS","Training-mapped FI6"
0.34,0.06,31,"HRS","Training-mapped FI6"
0.36,0.06,6,"HRS","Training-mapped FI6"
0.38,0.06,17,"HRS","Training-mapped FI6"
0.4,0.06,20,"HRS","Training-mapped FI6"
0.42,0.06,14,"HRS","Training-mapped FI6"
0.44,0.06,6,"HRS","Training-mapped FI6"
0.46,0.06,5,"HRS","Training-mapped FI6"
0.48,0.06,9,"HRS","Training-mapped FI6"
0.5,0.06,10,"HRS","Training-mapped FI6"
0.52,0.06,3,"HRS","Training-mapped FI6"
0.06,0.08,1,"HRS","Training-mapped FI6"
0.1,0.08,5,"HRS","Training-mapped FI6"
0.12,0.08,36,"HRS","Training-mapped FI6"
0.14,0.08,31,"HRS","Training-mapped FI6"
0.16,0.08,10,"HRS","Training-mapped FI6"
0.18,0.08,5,"HRS","Training-mapped FI6"
0.2,0.08,37,"HRS","Training-mapped FI6"
0.22,0.08,61,"HRS","Training-mapped FI6"
0.24,0.08,23,"HRS","Training-mapped FI6"
0.26,0.08,5,"HRS","Training-mapped FI6"
0.28,0.08,24,"HRS","Training-mapped FI6"
0.3,0.08,58,"HRS","Training-mapped FI6"
0.32,0.08,35,"HRS","Training-mapped FI6"
0.34,0.08,5,"HRS","Training-mapped FI6"
0.36,0.08,14,"HRS","Training-mapped FI6"
0.38,0.08,36,"HRS","Training-mapped FI6"
0.4,0.08,34,"HRS","Training-mapped FI6"
0.42,0.08,10,"HRS","Training-mapped FI6"
0.44,0.08,1,"HRS","Training-mapped FI6"
0.46,0.08,6,"HRS","Training-mapped FI6"
0.48,0.08,10,"HRS","Training-mapped FI6"
0.5,0.08,3,"HRS","Training-mapped FI6"
0.1,0.1,1,"HRS","Training-mapped FI6"
0.12,0.1,17,"HRS","Training-mapped FI6"
0.14,0.1,11,"HRS","Training-mapped FI6"
0.16,0.1,7,"HRS","Training-mapped FI6"
0.18,0.1,13,"HRS","Training-mapped FI6"
0.2,0.1,49,"HRS","Training-mapped FI6"
0.22,0.1,22,"HRS","Training-mapped FI6"
0.24,0.1,16,"HRS","Training-mapped FI6"
0.26,0.1,12,"HRS","Training-mapped FI6"
0.28,0.1,20,"HRS","Training-mapped FI6"
0.3,0.1,54,"HRS","Training-mapped FI6"
0.32,0.1,23,"HRS","Training-mapped FI6"
0.34,0.1,1,"HRS","Training-mapped FI6"
0.36,0.1,20,"HRS","Training-mapped FI6"
0.38,0.1,25,"HRS","Training-mapped FI6"
0.4,0.1,13,"HRS","Training-mapped FI6"
0.42,0.1,4,"HRS","Training-mapped FI6"
0.44,0.1,5,"HRS","Training-mapped FI6"
0.46,0.1,5,"HRS","Training-mapped FI6"
0.48,0.1,5,"HRS","Training-mapped FI6"
0.12,0.12,2,"HRS","Training-mapped FI6"
0.14,0.12,1,"HRS","Training-mapped FI6"
0.16,0.12,5,"HRS","Training-mapped FI6"
0.18,0.12,17,"HRS","Training-mapped FI6"
0.2,0.12,25,"HRS","Training-mapped FI6"
0.22,0.12,6,"HRS","Training-mapped FI6"
0.24,0.12,5,"HRS","Training-mapped FI6"
0.26,0.12,29,"HRS","Training-mapped FI6"
0.28,0.12,32,"HRS","Training-mapped FI6"
0.3,0.12,11,"HRS","Training-mapped FI6"
0.32,0.12,4,"HRS","Training-mapped FI6"
0.34,0.12,14,"HRS","Training-mapped FI6"
0.36,0.12,20,"HRS","Training-mapped FI6"
0.38,0.12,10,"HRS","Training-mapped FI6"
0.4,0.12,6,"HRS","Training-mapped FI6"
0.42,0.12,1,"HRS","Training-mapped FI6"
0.44,0.12,4,"HRS","Training-mapped FI6"
0.46,0.12,5,"HRS","Training-mapped FI6"
0.48,0.12,3,"HRS","Training-mapped FI6"
0.18,0.14,7,"HRS","Training-mapped FI6"
0.2,0.14,4,"HRS","Training-mapped FI6"
0.22,0.14,6,"HRS","Training-mapped FI6"
0.24,0.14,3,"HRS","Training-mapped FI6"
0.26,0.14,16,"HRS","Training-mapped FI6"
0.28,0.14,19,"HRS","Training-mapped FI6"
0.3,0.14,5,"HRS","Training-mapped FI6"
0.32,0.14,4,"HRS","Training-mapped FI6"
0.34,0.14,15,"HRS","Training-mapped FI6"
0.36,0.14,19,"HRS","Training-mapped FI6"
0.38,0.14,6,"HRS","Training-mapped FI6"
0.4,0.14,2,"HRS","Training-mapped FI6"
0.44,0.14,3,"HRS","Training-mapped FI6"
0.46,0.14,3,"HRS","Training-mapped FI6"
0.16,0.16,2,"HRS","Training-mapped FI6"
0.18,0.16,1,"HRS","Training-mapped FI6"
0.2,0.16,1,"HRS","Training-mapped FI6"
0.22,0.16,1,"HRS","Training-mapped FI6"
0.24,0.16,11,"HRS","Training-mapped FI6"
0.26,0.16,9,"HRS","Training-mapped FI6"
0.28,0.16,1,"HRS","Training-mapped FI6"
0.3,0.16,1,"HRS","Training-mapped FI6"
0.32,0.16,3,"HRS","Training-mapped FI6"
0.34,0.16,16,"HRS","Training-mapped FI6"
0.36,0.16,10,"HRS","Training-mapped FI6"
0.38,0.16,1,"HRS","Training-mapped FI6"
0.42,0.16,1,"HRS","Training-mapped FI6"
0.44,0.16,4,"HRS","Training-mapped FI6"
0.46,0.16,1,"HRS","Training-mapped FI6"
0.22,0.18,2,"HRS","Training-mapped FI6"
0.24,0.18,5,"HRS","Training-mapped FI6"
0.26,0.18,2,"HRS","Training-mapped FI6"
0.28,0.18,2,"HRS","Training-mapped FI6"
0.3,0.18,1,"HRS","Training-mapped FI6"
0.32,0.18,4,"HRS","Training-mapped FI6"
0.34,0.18,4,"HRS","Training-mapped FI6"
0.36,0.18,1,"HRS","Training-mapped FI6"
0.4,0.18,2,"HRS","Training-mapped FI6"
0.42,0.18,2,"HRS","Training-mapped FI6"
0.44,0.18,1,"HRS","Training-mapped FI6"
0.26,0.2,2,"HRS","Training-mapped FI6"
0.28,0.2,1,"HRS","Training-mapped FI6"
0.3,0.2,3,"HRS","Training-mapped FI6"
0.32,0.2,2,"HRS","Training-mapped FI6"
0.34,0.2,3,"HRS","Training-mapped FI6"
0.36,0.2,1,"HRS","Training-mapped FI6"
0.4,0.2,1,"HRS","Training-mapped FI6"
0.42,0.2,1,"HRS","Training-mapped FI6"
0.3,0.22,1,"HRS","Training-mapped FI6"
0.38,0.22,1,"HRS","Training-mapped FI6"
0.32,0.24,1,"HRS","Training-mapped FI6"
0.4,0.24,1,"HRS","Training-mapped FI6"
0.42,0.24,1,"HRS","Training-mapped FI6"
0.34,-0.32,1,"ELSA","Raw FI6"
0.18,-0.28,1,"ELSA","Raw FI6"
0.26,-0.28,1,"ELSA","Raw FI6"
0.16,-0.22,1,"ELSA","Raw FI6"
0.14,-0.2,2,"ELSA","Raw FI6"
0.26,-0.2,1,"ELSA","Raw FI6"
0.08,-0.18,1,"ELSA","Raw FI6"
0.14,-0.18,2,"ELSA","Raw FI6"
0.16,-0.18,1,"ELSA","Raw FI6"
0.18,-0.18,4,"ELSA","Raw FI6"
0.22,-0.18,3,"ELSA","Raw FI6"
0.08,-0.16,1,"ELSA","Raw FI6"
0.12,-0.16,7,"ELSA","Raw FI6"
0.16,-0.16,6,"ELSA","Raw FI6"
0.2,-0.16,1,"ELSA","Raw FI6"
0.06,-0.14,3,"ELSA","Raw FI6"
0.08,-0.14,6,"ELSA","Raw FI6"
0.1,-0.14,4,"ELSA","Raw FI6"
0.12,-0.14,9,"ELSA","Raw FI6"
0.14,-0.14,4,"ELSA","Raw FI6"
0.16,-0.14,4,"ELSA","Raw FI6"
0.2,-0.14,4,"ELSA","Raw FI6"
0.06,-0.12,9,"ELSA","Raw FI6"
0.1,-0.12,15,"ELSA","Raw FI6"
0.14,-0.12,8,"ELSA","Raw FI6"
0.18,-0.12,2,"ELSA","Raw FI6"
0.32,-0.12,1,"ELSA","Raw FI6"
0.04,-0.1,6,"ELSA","Raw FI6"
0.06,-0.1,8,"ELSA","Raw FI6"
0.08,-0.1,10,"ELSA","Raw FI6"
0.1,-0.1,17,"ELSA","Raw FI6"
0.12,-0.1,5,"ELSA","Raw FI6"
0.14,-0.1,19,"ELSA","Raw FI6"
0.18,-0.1,7,"ELSA","Raw FI6"
0.22,-0.1,1,"ELSA","Raw FI6"
0.3,-0.1,2,"ELSA","Raw FI6"
0.38,-0.1,2,"ELSA","Raw FI6"
0.04,-0.08,23,"ELSA","Raw FI6"
0.08,-0.08,71,"ELSA","Raw FI6"
0.12,-0.08,48,"ELSA","Raw FI6"
0.16,-0.08,13,"ELSA","Raw FI6"
0.2,-0.08,2,"ELSA","Raw FI6"
0.22,-0.08,1,"ELSA","Raw FI6"
0.24,-0.08,1,"ELSA","Raw FI6"
0.02,-0.06,38,"ELSA","Raw FI6"
0.04,-0.06,28,"ELSA","Raw FI6"
0.06,-0.06,38,"ELSA","Raw FI6"
0.08,-0.06,45,"ELSA","Raw FI6"
0.1,-0.06,13,"ELSA","Raw FI6"
0.12,-0.06,44,"ELSA","Raw FI6"
0.16,-0.06,22,"ELSA","Raw FI6"
0.2,-0.06,3,"ELSA","Raw FI6"
0.28,-0.06,1,"ELSA","Raw FI6"
0.32,-0.06,1,"ELSA","Raw FI6"
0.36,-0.06,2,"ELSA","Raw FI6"
0.02,-0.04,50,"ELSA","Raw FI6"
0.06,-0.04,132,"ELSA","Raw FI6"
0.1,-0.04,89,"ELSA","Raw FI6"
0.14,-0.04,11,"ELSA","Raw FI6"
0.18,-0.04,3,"ELSA","Raw FI6"
0.2,-0.04,2,"ELSA","Raw FI6"
0.22,-0.04,1,"ELSA","Raw FI6"
0.24,-0.04,1,"ELSA","Raw FI6"
0.26,-0.04,3,"ELSA","Raw FI6"
0.28,-0.04,1,"ELSA","Raw FI6"
0.3,-0.04,1,"ELSA","Raw FI6"
0.32,-0.04,1,"ELSA","Raw FI6"
0.44,-0.04,1,"ELSA","Raw FI6"
0.52,-0.04,1,"ELSA","Raw FI6"
0.02,-0.02,18,"ELSA","Raw FI6"
0.04,-0.02,35,"ELSA","Raw FI6"
0.06,-0.02,92,"ELSA","Raw FI6"
0.08,-0.02,30,"ELSA","Raw FI6"
0.1,-0.02,88,"ELSA","Raw FI6"
0.14,-0.02,15,"ELSA","Raw FI6"
0.18,-0.02,3,"ELSA","Raw FI6"
0.22,-0.02,7,"ELSA","Raw FI6"
0.26,-0.02,7,"ELSA","Raw FI6"
0.3,-0.02,4,"ELSA","Raw FI6"
0.34,-0.02,1,"ELSA","Raw FI6"
0.46,-0.02,1,"ELSA","Raw FI6"
0.04,0,117,"ELSA","Raw FI6"
0.08,0,135,"ELSA","Raw FI6"
0.12,0,24,"ELSA","Raw FI6"
0.16,0,5,"ELSA","Raw FI6"
0.18,0,2,"ELSA","Raw FI6"
0.2,0,7,"ELSA","Raw FI6"
0.22,0,2,"ELSA","Raw FI6"
0.24,0,7,"ELSA","Raw FI6"
0.26,0,2,"ELSA","Raw FI6"
0.28,0,2,"ELSA","Raw FI6"
0.3,0,2,"ELSA","Raw FI6"
0.32,0,1,"ELSA","Raw FI6"
0.42,0,2,"ELSA","Raw FI6"
0.46,0,1,"ELSA","Raw FI6"
0.5,0,1,"ELSA","Raw FI6"
0.04,0.02,4,"ELSA","Raw FI6"
0.08,0.02,74,"ELSA","Raw FI6"
0.12,0.02,25,"ELSA","Raw FI6"
0.16,0.02,4,"ELSA","Raw FI6"
0.2,0.02,6,"ELSA","Raw FI6"
0.24,0.02,16,"ELSA","Raw FI6"
0.28,0.02,7,"ELSA","Raw FI6"
0.32,0.02,3,"ELSA","Raw FI6"
0.4,0.02,1,"ELSA","Raw FI6"
0.46,0.02,1,"ELSA","Raw FI6"
0.5,0.02,1,"ELSA","Raw FI6"
0.7,0.02,1,"ELSA","Raw FI6"
0.06,0.04,38,"ELSA","Raw FI6"
0.1,0.04,17,"ELSA","Raw FI6"
0.14,0.04,4,"ELSA","Raw FI6"
0.16,0.04,5,"ELSA","Raw FI6"
0.18,0.04,21,"ELSA","Raw FI6"
0.2,0.04,6,"ELSA","Raw FI6"
0.22,0.04,5,"ELSA","Raw FI6"
0.24,0.04,5,"ELSA","Raw FI6"
0.26,0.04,2,"ELSA","Raw FI6"
0.28,0.04,6,"ELSA","Raw FI6"
0.32,0.04,4,"ELSA","Raw FI6"
0.4,0.04,3,"ELSA","Raw FI6"
0.48,0.04,2,"ELSA","Raw FI6"
0.6,0.04,1,"ELSA","Raw FI6"
0.64,0.04,1,"ELSA","Raw FI6"
0.1,0.06,19,"ELSA","Raw FI6"
0.14,0.06,10,"ELSA","Raw FI6"
0.18,0.06,20,"ELSA","Raw FI6"
0.22,0.06,43,"ELSA","Raw FI6"
0.26,0.06,7,"ELSA","Raw FI6"
0.3,0.06,2,"ELSA","Raw FI6"
0.34,0.06,2,"ELSA","Raw FI6"
0.38,0.06,3,"ELSA","Raw FI6"
0.4,0.06,2,"ELSA","Raw FI6"
0.42,0.06,1,"ELSA","Raw FI6"
0.48,0.06,1,"ELSA","Raw FI6"
0.6,0.06,2,"ELSA","Raw FI6"
0.64,0.06,1,"ELSA","Raw FI6"
0.8,0.06,1,"ELSA","Raw FI6"
0.08,0.08,3,"ELSA","Raw FI6"
0.12,0.08,6,"ELSA","Raw FI6"
0.14,0.08,1,"ELSA","Raw FI6"
0.16,0.08,39,"ELSA","Raw FI6"
0.18,0.08,8,"ELSA","Raw FI6"
0.2,0.08,13,"ELSA","Raw FI6"
0.22,0.08,23,"ELSA","Raw FI6"
0.24,0.08,8,"ELSA","Raw FI6"
0.26,0.08,8,"ELSA","Raw FI6"
0.3,0.08,1,"ELSA","Raw FI6"
0.34,0.08,3,"ELSA","Raw FI6"
0.38,0.08,2,"ELSA","Raw FI6"
0.42,0.08,6,"ELSA","Raw FI6"
0.46,0.08,3,"ELSA","Raw FI6"
0.54,0.08,1,"ELSA","Raw FI6"
0.12,0.1,8,"ELSA","Raw FI6"
0.16,0.1,37,"ELSA","Raw FI6"
0.2,0.1,57,"ELSA","Raw FI6"
0.24,0.1,17,"ELSA","Raw FI6"
0.28,0.1,4,"ELSA","Raw FI6"
0.32,0.1,7,"ELSA","Raw FI6"
0.36,0.1,7,"ELSA","Raw FI6"
0.38,0.1,3,"ELSA","Raw FI6"
0.4,0.1,3,"ELSA","Raw FI6"
0.44,0.1,1,"ELSA","Raw FI6"
0.46,0.1,4,"ELSA","Raw FI6"
0.58,0.1,1,"ELSA","Raw FI6"
0.62,0.1,2,"ELSA","Raw FI6"
0.78,0.1,1,"ELSA","Raw FI6"
0.94,0.1,1,"ELSA","Raw FI6"
0.14,0.12,30,"ELSA","Raw FI6"
0.16,0.12,3,"ELSA","Raw FI6"
0.18,0.12,25,"ELSA","Raw FI6"
0.2,0.12,23,"ELSA","Raw FI6"
0.22,0.12,5,"ELSA","Raw FI6"
0.24,0.12,5,"ELSA","Raw FI6"
0.26,0.12,4,"ELSA","Raw FI6"
0.28,0.12,2,"ELSA","Raw FI6"
0.32,0.12,2,"ELSA","Raw FI6"
0.36,0.12,4,"ELSA","Raw FI6"
0.4,0.12,5,"ELSA","Raw FI6"
0.44,0.12,7,"ELSA","Raw FI6"
0.48,0.12,1,"ELSA","Raw FI6"
0.52,0.12,1,"ELSA","Raw FI6"
0.56,0.12,2,"ELSA","Raw FI6"
0.6,0.12,1,"ELSA","Raw FI6"
0.64,0.12,1,"ELSA","Raw FI6"
0.74,0.12,2,"ELSA","Raw FI6"
0.9,0.12,1,"ELSA","Raw FI6"
0.14,0.14,19,"ELSA","Raw FI6"
0.18,0.14,62,"ELSA","Raw FI6"
0.22,0.14,20,"ELSA","Raw FI6"
0.26,0.14,6,"ELSA","Raw FI6"
0.3,0.14,9,"ELSA","Raw FI6"
0.34,0.14,11,"ELSA","Raw FI6"
0.36,0.14,2,"ELSA","Raw FI6"
0.38,0.14,5,"ELSA","Raw FI6"
0.4,0.14,3,"ELSA","Raw FI6"
0.44,0.14,3,"ELSA","Raw FI6"
0.48,0.14,1,"ELSA","Raw FI6"
0.56,0.14,2,"ELSA","Raw FI6"
0.6,0.14,3,"ELSA","Raw FI6"
0.68,0.14,1,"ELSA","Raw FI6"
0.72,0.14,1,"ELSA","Raw FI6"
0.76,0.14,1,"ELSA","Raw FI6"
0.12,0.16,1,"ELSA","Raw FI6"
0.14,0.16,3,"ELSA","Raw FI6"
0.16,0.16,7,"ELSA","Raw FI6"
0.18,0.16,25,"ELSA","Raw FI6"
0.2,0.16,4,"ELSA","Raw FI6"
0.22,0.16,11,"ELSA","Raw FI6"
0.24,0.16,2,"ELSA","Raw FI6"
0.26,0.16,4,"ELSA","Raw FI6"
0.3,0.16,13,"ELSA","Raw FI6"
0.34,0.16,15,"ELSA","Raw FI6"
0.38,0.16,19,"ELSA","Raw FI6"
0.42,0.16,2,"ELSA","Raw FI6"
0.5,0.16,3,"ELSA","Raw FI6"
0.54,0.16,6,"ELSA","Raw FI6"
0.58,0.16,2,"ELSA","Raw FI6"
0.62,0.16,1,"ELSA","Raw FI6"
0.64,0.16,1,"ELSA","Raw FI6"
0.68,0.16,1,"ELSA","Raw FI6"
0.76,0.16,1,"ELSA","Raw FI6"
0.92,0.16,1,"ELSA","Raw FI6"
0.16,0.18,14,"ELSA","Raw FI6"
0.2,0.18,15,"ELSA","Raw FI6"
0.24,0.18,4,"ELSA","Raw FI6"
0.28,0.18,12,"ELSA","Raw FI6"
0.32,0.18,26,"ELSA","Raw FI6"
0.34,0.18,6,"ELSA","Raw FI6"
0.36,0.18,15,"ELSA","Raw FI6"
0.38,0.18,2,"ELSA","Raw FI6"
0.4,0.18,4,"ELSA","Raw FI6"
0.46,0.18,2,"ELSA","Raw FI6"
0.5,0.18,5,"ELSA","Raw FI6"
0.54,0.18,5,"ELSA","Raw FI6"
0.58,0.18,5,"ELSA","Raw FI6"
0.66,0.18,2,"ELSA","Raw FI6"
0.7,0.18,2,"ELSA","Raw FI6"
0.74,0.18,2,"ELSA","Raw FI6"
0.86,0.18,2,"ELSA","Raw FI6"
0.18,0.2,1,"ELSA","Raw FI6"
0.2,0.2,2,"ELSA","Raw FI6"
0.22,0.2,1,"ELSA","Raw FI6"
0.24,0.2,3,"ELSA","Raw FI6"
0.28,0.2,16,"ELSA","Raw FI6"
0.32,0.2,28,"ELSA","Raw FI6"
0.36,0.2,26,"ELSA","Raw FI6"
0.4,0.2,3,"ELSA","Raw FI6"
0.44,0.2,2,"ELSA","Raw FI6"
0.48,0.2,9,"ELSA","Raw FI6"
0.52,0.2,3,"ELSA","Raw FI6"
0.56,0.2,5,"ELSA","Raw FI6"
0.68,0.2,1,"ELSA","Raw FI6"
0.74,0.2,1,"ELSA","Raw FI6"
0.9,0.2,2,"ELSA","Raw FI6"
0.18,0.22,1,"ELSA","Raw FI6"
0.22,0.22,2,"ELSA","Raw FI6"
0.26,0.22,16,"ELSA","Raw FI6"
0.3,0.22,25,"ELSA","Raw FI6"
0.32,0.22,11,"ELSA","Raw FI6"
0.34,0.22,9,"ELSA","Raw FI6"
0.36,0.22,5,"ELSA","Raw FI6"
0.38,0.22,2,"ELSA","Raw FI6"
0.4,0.22,2,"ELSA","Raw FI6"
0.42,0.22,2,"ELSA","Raw FI6"
0.44,0.22,1,"ELSA","Raw FI6"
0.48,0.22,5,"ELSA","Raw FI6"
0.52,0.22,9,"ELSA","Raw FI6"
0.56,0.22,5,"ELSA","Raw FI6"
0.64,0.22,2,"ELSA","Raw FI6"
0.68,0.22,4,"ELSA","Raw FI6"
0.72,0.22,5,"ELSA","Raw FI6"
0.84,0.22,1,"ELSA","Raw FI6"
0.88,0.22,1,"ELSA","Raw FI6"
0.9,0.22,2,"ELSA","Raw FI6"
0.2,0.24,1,"ELSA","Raw FI6"
0.22,0.24,4,"ELSA","Raw FI6"
0.24,0.24,7,"ELSA","Raw FI6"
0.26,0.24,15,"ELSA","Raw FI6"
0.3,0.24,35,"ELSA","Raw FI6"
0.34,0.24,33,"ELSA","Raw FI6"
0.38,0.24,6,"ELSA","Raw FI6"
0.42,0.24,1,"ELSA","Raw FI6"
0.46,0.24,6,"ELSA","Raw FI6"
0.5,0.24,9,"ELSA","Raw FI6"
0.54,0.24,4,"ELSA","Raw FI6"
0.56,0.24,1,"ELSA","Raw FI6"
0.62,0.24,2,"ELSA","Raw FI6"
0.66,0.24,3,"ELSA","Raw FI6"
0.7,0.24,1,"ELSA","Raw FI6"
0.72,0.24,4,"ELSA","Raw FI6"
0.88,0.24,1,"ELSA","Raw FI6"
0.24,0.26,10,"ELSA","Raw FI6"
0.28,0.26,26,"ELSA","Raw FI6"
0.3,0.26,18,"ELSA","Raw FI6"
0.32,0.26,10,"ELSA","Raw FI6"
0.34,0.26,4,"ELSA","Raw FI6"
0.36,0.26,2,"ELSA","Raw FI6"
0.38,0.26,1,"ELSA","Raw FI6"
0.4,0.26,2,"ELSA","Raw FI6"
0.42,0.26,5,"ELSA","Raw FI6"
0.44,0.26,1,"ELSA","Raw FI6"
0.46,0.26,4,"ELSA","Raw FI6"
0.5,0.26,9,"ELSA","Raw FI6"
0.54,0.26,9,"ELSA","Raw FI6"
0.58,0.26,1,"ELSA","Raw FI6"
0.62,0.26,1,"ELSA","Raw FI6"
0.66,0.26,4,"ELSA","Raw FI6"
0.7,0.26,6,"ELSA","Raw FI6"
0.74,0.26,1,"ELSA","Raw FI6"
0.78,0.26,2,"ELSA","Raw FI6"
0.86,0.26,3,"ELSA","Raw FI6"
0.24,0.28,6,"ELSA","Raw FI6"
0.28,0.28,22,"ELSA","Raw FI6"
0.32,0.28,14,"ELSA","Raw FI6"
0.36,0.28,4,"ELSA","Raw FI6"
0.4,0.28,4,"ELSA","Raw FI6"
0.44,0.28,13,"ELSA","Raw FI6"
0.48,0.28,19,"ELSA","Raw FI6"
0.52,0.28,8,"ELSA","Raw FI6"
0.56,0.28,2,"ELSA","Raw FI6"
0.6,0.28,4,"ELSA","Raw FI6"
0.62,0.28,2,"ELSA","Raw FI6"
0.64,0.28,1,"ELSA","Raw FI6"
0.66,0.28,1,"ELSA","Raw FI6"
0.68,0.28,1,"ELSA","Raw FI6"
0.7,0.28,4,"ELSA","Raw FI6"
0.82,0.28,4,"ELSA","Raw FI6"
0.86,0.28,6,"ELSA","Raw FI6"
0.22,0.3,4,"ELSA","Raw FI6"
0.26,0.3,8,"ELSA","Raw FI6"
0.28,0.3,7,"ELSA","Raw FI6"
0.3,0.3,5,"ELSA","Raw FI6"
0.32,0.3,3,"ELSA","Raw FI6"
0.38,0.3,2,"ELSA","Raw FI6"
0.4,0.3,8,"ELSA","Raw FI6"
0.44,0.3,14,"ELSA","Raw FI6"
0.48,0.3,13,"ELSA","Raw FI6"
0.52,0.3,6,"ELSA","Raw FI6"
0.56,0.3,1,"ELSA","Raw FI6"
0.6,0.3,1,"ELSA","Raw FI6"
0.64,0.3,10,"ELSA","Raw FI6"
0.68,0.3,5,"ELSA","Raw FI6"
0.76,0.3,2,"ELSA","Raw FI6"
0.8,0.3,2,"ELSA","Raw FI6"
0.82,0.3,1,"ELSA","Raw FI6"
0.84,0.3,6,"ELSA","Raw FI6"
0.86,0.3,1,"ELSA","Raw FI6"
0.26,0.32,5,"ELSA","Raw FI6"
0.3,0.32,6,"ELSA","Raw FI6"
0.34,0.32,2,"ELSA","Raw FI6"
0.38,0.32,4,"ELSA","Raw FI6"
0.42,0.32,18,"ELSA","Raw FI6"
0.46,0.32,22,"ELSA","Raw FI6"
0.5,0.32,6,"ELSA","Raw FI6"
0.54,0.32,2,"ELSA","Raw FI6"
0.58,0.32,2,"ELSA","Raw FI6"
0.6,0.32,4,"ELSA","Raw FI6"
0.62,0.32,2,"ELSA","Raw FI6"
0.64,0.32,8,"ELSA","Raw FI6"
0.66,0.32,1,"ELSA","Raw FI6"
0.68,0.32,5,"ELSA","Raw FI6"
0.8,0.32,3,"ELSA","Raw FI6"
0.84,0.32,1,"ELSA","Raw FI6"
0.24,0.34,1,"ELSA","Raw FI6"
0.3,0.34,1,"ELSA","Raw FI6"
0.34,0.34,1,"ELSA","Raw FI6"
0.36,0.34,1,"ELSA","Raw FI6"
0.38,0.34,8,"ELSA","Raw FI6"
0.4,0.34,1,"ELSA","Raw FI6"
0.42,0.34,16,"ELSA","Raw FI6"
0.46,0.34,15,"ELSA","Raw FI6"
0.5,0.34,10,"ELSA","Raw FI6"
0.58,0.34,1,"ELSA","Raw FI6"
0.62,0.34,11,"ELSA","Raw FI6"
0.66,0.34,5,"ELSA","Raw FI6"
0.74,0.34,1,"ELSA","Raw FI6"
0.78,0.34,6,"ELSA","Raw FI6"
0.8,0.34,1,"ELSA","Raw FI6"
0.82,0.34,4,"ELSA","Raw FI6"
0.84,0.34,3,"ELSA","Raw FI6"
0.36,0.36,9,"ELSA","Raw FI6"
0.4,0.36,31,"ELSA","Raw FI6"
0.44,0.36,18,"ELSA","Raw FI6"
0.48,0.36,2,"ELSA","Raw FI6"
0.5,0.36,1,"ELSA","Raw FI6"
0.52,0.36,1,"ELSA","Raw FI6"
0.56,0.36,6,"ELSA","Raw FI6"
0.58,0.36,8,"ELSA","Raw FI6"
0.6,0.36,3,"ELSA","Raw FI6"
0.62,0.36,8,"ELSA","Raw FI6"
0.64,0.36,4,"ELSA","Raw FI6"
0.66,0.36,3,"ELSA","Raw FI6"
0.7,0.36,1,"ELSA","Raw FI6"
0.74,0.36,1,"ELSA","Raw FI6"
0.78,0.36,8,"ELSA","Raw FI6"
0.82,0.36,9,"ELSA","Raw FI6"
0.32,0.38,1,"ELSA","Raw FI6"
0.36,0.38,5,"ELSA","Raw FI6"
0.4,0.38,21,"ELSA","Raw FI6"
0.44,0.38,18,"ELSA","Raw FI6"
0.48,0.38,6,"ELSA","Raw FI6"
0.52,0.38,2,"ELSA","Raw FI6"
0.56,0.38,5,"ELSA","Raw FI6"
0.6,0.38,15,"ELSA","Raw FI6"
0.64,0.38,5,"ELSA","Raw FI6"
0.72,0.38,2,"ELSA","Raw FI6"
0.74,0.38,1,"ELSA","Raw FI6"
0.76,0.38,3,"ELSA","Raw FI6"
0.78,0.38,1,"ELSA","Raw FI6"
0.8,0.38,4,"ELSA","Raw FI6"
0.3,0.4,2,"ELSA","Raw FI6"
0.34,0.4,2,"ELSA","Raw FI6"
0.38,0.4,18,"ELSA","Raw FI6"
0.42,0.4,15,"ELSA","Raw FI6"
0.46,0.4,2,"ELSA","Raw FI6"
0.5,0.4,2,"ELSA","Raw FI6"
0.54,0.4,5,"ELSA","Raw FI6"
0.56,0.4,3,"ELSA","Raw FI6"
0.58,0.4,3,"ELSA","Raw FI6"
0.6,0.4,5,"ELSA","Raw FI6"
0.62,0.4,2,"ELSA","Raw FI6"
0.64,0.4,1,"ELSA","Raw FI6"
0.72,0.4,1,"ELSA","Raw FI6"
0.76,0.4,5,"ELSA","Raw FI6"
0.8,0.4,12,"ELSA","Raw FI6"
0.34,0.42,3,"ELSA","Raw FI6"
0.36,0.42,2,"ELSA","Raw FI6"
0.38,0.42,9,"ELSA","Raw FI6"
0.42,0.42,3,"ELSA","Raw FI6"
0.46,0.42,5,"ELSA","Raw FI6"
0.54,0.42,15,"ELSA","Raw FI6"
0.58,0.42,14,"ELSA","Raw FI6"
0.62,0.42,11,"ELSA","Raw FI6"
0.7,0.42,3,"ELSA","Raw FI6"
0.74,0.42,5,"ELSA","Raw FI6"
0.76,0.42,4,"ELSA","Raw FI6"
0.78,0.42,8,"ELSA","Raw FI6"
0.8,0.42,5,"ELSA","Raw FI6"
0.36,0.44,6,"ELSA","Raw FI6"
0.4,0.44,8,"ELSA","Raw FI6"
0.48,0.44,3,"ELSA","Raw FI6"
0.52,0.44,2,"ELSA","Raw FI6"
0.54,0.44,11,"ELSA","Raw FI6"
0.56,0.44,6,"ELSA","Raw FI6"
0.58,0.44,14,"ELSA","Raw FI6"
0.6,0.44,2,"ELSA","Raw FI6"
0.62,0.44,3,"ELSA","Raw FI6"
0.7,0.44,3,"ELSA","Raw FI6"
0.74,0.44,6,"ELSA","Raw FI6"
0.78,0.44,14,"ELSA","Raw FI6"
0.36,0.46,5,"ELSA","Raw FI6"
0.4,0.46,1,"ELSA","Raw FI6"
0.44,0.46,1,"ELSA","Raw FI6"
0.48,0.46,2,"ELSA","Raw FI6"
0.52,0.46,6,"ELSA","Raw FI6"
0.56,0.46,18,"ELSA","Raw FI6"
0.6,0.46,6,"ELSA","Raw FI6"
0.68,0.46,1,"ELSA","Raw FI6"
0.7,0.46,2,"ELSA","Raw FI6"
0.72,0.46,9,"ELSA","Raw FI6"
0.74,0.46,3,"ELSA","Raw FI6"
0.76,0.46,5,"ELSA","Raw FI6"
0.78,0.46,3,"ELSA","Raw FI6"
0.38,0.48,1,"ELSA","Raw FI6"
0.46,0.48,1,"ELSA","Raw FI6"
0.48,0.48,2,"ELSA","Raw FI6"
0.5,0.48,4,"ELSA","Raw FI6"
0.52,0.48,5,"ELSA","Raw FI6"
0.54,0.48,1,"ELSA","Raw FI6"
0.56,0.48,9,"ELSA","Raw FI6"
0.58,0.48,2,"ELSA","Raw FI6"
0.6,0.48,2,"ELSA","Raw FI6"
0.68,0.48,5,"ELSA","Raw FI6"
0.72,0.48,8,"ELSA","Raw FI6"
0.76,0.48,4,"ELSA","Raw FI6"
0.42,0.5,1,"ELSA","Raw FI6"
0.46,0.5,1,"ELSA","Raw FI6"
0.5,0.5,10,"ELSA","Raw FI6"
0.54,0.5,12,"ELSA","Raw FI6"
0.58,0.5,5,"ELSA","Raw FI6"
0.62,0.5,3,"ELSA","Raw FI6"
0.66,0.5,3,"ELSA","Raw FI6"
0.68,0.5,1,"ELSA","Raw FI6"
0.7,0.5,4,"ELSA","Raw FI6"
0.72,0.5,2,"ELSA","Raw FI6"
0.74,0.5,2,"ELSA","Raw FI6"
0.76,0.5,1,"ELSA","Raw FI6"
0.48,0.52,1,"ELSA","Raw FI6"
0.5,0.52,1,"ELSA","Raw FI6"
0.52,0.52,1,"ELSA","Raw FI6"
0.54,0.52,6,"ELSA","Raw FI6"
0.58,0.52,2,"ELSA","Raw FI6"
0.62,0.52,1,"ELSA","Raw FI6"
0.66,0.52,2,"ELSA","Raw FI6"
0.7,0.52,1,"ELSA","Raw FI6"
0.74,0.52,11,"ELSA","Raw FI6"
0.48,0.54,4,"ELSA","Raw FI6"
0.52,0.54,2,"ELSA","Raw FI6"
0.56,0.54,1,"ELSA","Raw FI6"
0.64,0.54,6,"ELSA","Raw FI6"
0.66,0.54,3,"ELSA","Raw FI6"
0.68,0.54,6,"ELSA","Raw FI6"
0.72,0.54,1,"ELSA","Raw FI6"
0.74,0.54,2,"ELSA","Raw FI6"
0.46,0.56,1,"ELSA","Raw FI6"
0.52,0.56,3,"ELSA","Raw FI6"
0.64,0.56,2,"ELSA","Raw FI6"
0.68,0.56,4,"ELSA","Raw FI6"
0.72,0.56,5,"ELSA","Raw FI6"
0.5,0.58,1,"ELSA","Raw FI6"
0.54,0.58,1,"ELSA","Raw FI6"
0.58,0.58,1,"ELSA","Raw FI6"
0.62,0.58,1,"ELSA","Raw FI6"
0.64,0.58,1,"ELSA","Raw FI6"
0.66,0.58,2,"ELSA","Raw FI6"
0.68,0.58,2,"ELSA","Raw FI6"
0.72,0.58,1,"ELSA","Raw FI6"
0.48,0.6,1,"ELSA","Raw FI6"
0.58,0.6,1,"ELSA","Raw FI6"
0.62,0.6,2,"ELSA","Raw FI6"
0.66,0.6,4,"ELSA","Raw FI6"
0.7,0.6,1,"ELSA","Raw FI6"
0.64,0.62,2,"ELSA","Raw FI6"
0.6,0.64,1,"ELSA","Raw FI6"
0.64,0.64,1,"ELSA","Raw FI6"
0.64,0.72,1,"ELSA","Raw FI6"
0.32,-0.34,1,"ELSA","Training-mapped FI6"
0.72,-0.34,1,"ELSA","Training-mapped FI6"
0.68,-0.32,1,"ELSA","Training-mapped FI6"
0.62,-0.3,1,"ELSA","Training-mapped FI6"
0.28,-0.28,1,"ELSA","Training-mapped FI6"
0.54,-0.28,1,"ELSA","Training-mapped FI6"
0.7,-0.28,1,"ELSA","Training-mapped FI6"
0.6,-0.26,1,"ELSA","Training-mapped FI6"
0.2,-0.24,1,"ELSA","Training-mapped FI6"
0.66,-0.24,3,"ELSA","Training-mapped FI6"
0.68,-0.24,3,"ELSA","Training-mapped FI6"
0.26,-0.22,1,"ELSA","Training-mapped FI6"
0.34,-0.22,1,"ELSA","Training-mapped FI6"
0.42,-0.22,1,"ELSA","Training-mapped FI6"
0.48,-0.22,1,"ELSA","Training-mapped FI6"
0.5,-0.22,2,"ELSA","Training-mapped FI6"
0.56,-0.22,2,"ELSA","Training-mapped FI6"
0.58,-0.22,1,"ELSA","Training-mapped FI6"
0.66,-0.22,2,"ELSA","Training-mapped FI6"
0.34,-0.2,1,"ELSA","Training-mapped FI6"
0.48,-0.2,2,"ELSA","Training-mapped FI6"
0.56,-0.2,1,"ELSA","Training-mapped FI6"
0.58,-0.2,1,"ELSA","Training-mapped FI6"
0.64,-0.2,1,"ELSA","Training-mapped FI6"
0.18,-0.18,1,"ELSA","Training-mapped FI6"
0.22,-0.18,3,"ELSA","Training-mapped FI6"
0.28,-0.18,2,"ELSA","Training-mapped FI6"
0.36,-0.18,1,"ELSA","Training-mapped FI6"
0.38,-0.18,1,"ELSA","Training-mapped FI6"
0.4,-0.18,2,"ELSA","Training-mapped FI6"
0.48,-0.18,2,"ELSA","Training-mapped FI6"
0.5,-0.18,1,"ELSA","Training-mapped FI6"
0.52,-0.18,1,"ELSA","Training-mapped FI6"
0.56,-0.18,2,"ELSA","Training-mapped FI6"
0.64,-0.18,4,"ELSA","Training-mapped FI6"
0.16,-0.16,2,"ELSA","Training-mapped FI6"
0.18,-0.16,4,"ELSA","Training-mapped FI6"
0.2,-0.16,1,"ELSA","Training-mapped FI6"
0.26,-0.16,1,"ELSA","Training-mapped FI6"
0.3,-0.16,2,"ELSA","Training-mapped FI6"
0.34,-0.16,1,"ELSA","Training-mapped FI6"
0.36,-0.16,1,"ELSA","Training-mapped FI6"
0.38,-0.16,2,"ELSA","Training-mapped FI6"
0.44,-0.16,2,"ELSA","Training-mapped FI6"
0.48,-0.16,1,"ELSA","Training-mapped FI6"
0.52,-0.16,2,"ELSA","Training-mapped FI6"
0.54,-0.16,2,"ELSA","Training-mapped FI6"
0.64,-0.16,6,"ELSA","Training-mapped FI6"
0.16,-0.14,2,"ELSA","Training-mapped FI6"
0.18,-0.14,7,"ELSA","Training-mapped FI6"
0.2,-0.14,2,"ELSA","Training-mapped FI6"
0.28,-0.14,2,"ELSA","Training-mapped FI6"
0.34,-0.14,1,"ELSA","Training-mapped FI6"
0.38,-0.14,2,"ELSA","Training-mapped FI6"
0.44,-0.14,2,"ELSA","Training-mapped FI6"
0.46,-0.14,1,"ELSA","Training-mapped FI6"
0.48,-0.14,2,"ELSA","Training-mapped FI6"
0.5,-0.14,2,"ELSA","Training-mapped FI6"
0.52,-0.14,1,"ELSA","Training-mapped FI6"
0.54,-0.14,6,"ELSA","Training-mapped FI6"
0.58,-0.14,2,"ELSA","Training-mapped FI6"
0.6,-0.14,5,"ELSA","Training-mapped FI6"
0.62,-0.14,6,"ELSA","Training-mapped FI6"
0.12,-0.12,1,"ELSA","Training-mapped FI6"
0.14,-0.12,6,"ELSA","Training-mapped FI6"
0.16,-0.12,4,"ELSA","Training-mapped FI6"
0.18,-0.12,2,"ELSA","Training-mapped FI6"
0.2,-0.12,3,"ELSA","Training-mapped FI6"
0.22,-0.12,1,"ELSA","Training-mapped FI6"
0.24,-0.12,1,"ELSA","Training-mapped FI6"
0.26,-0.12,1,"ELSA","Training-mapped FI6"
0.3,-0.12,1,"ELSA","Training-mapped FI6"
0.34,-0.12,1,"ELSA","Training-mapped FI6"
0.36,-0.12,2,"ELSA","Training-mapped FI6"
0.4,-0.12,1,"ELSA","Training-mapped FI6"
0.42,-0.12,2,"ELSA","Training-mapped FI6"
0.46,-0.12,3,"ELSA","Training-mapped FI6"
0.5,-0.12,2,"ELSA","Training-mapped FI6"
0.52,-0.12,3,"ELSA","Training-mapped FI6"
0.54,-0.12,3,"ELSA","Training-mapped FI6"
0.56,-0.12,1,"ELSA","Training-mapped FI6"
0.6,-0.12,4,"ELSA","Training-mapped FI6"
0.62,-0.12,1,"ELSA","Training-mapped FI6"
0.12,-0.1,1,"ELSA","Training-mapped FI6"
0.14,-0.1,14,"ELSA","Training-mapped FI6"
0.16,-0.1,12,"ELSA","Training-mapped FI6"
0.18,-0.1,6,"ELSA","Training-mapped FI6"
0.2,-0.1,3,"ELSA","Training-mapped FI6"
0.24,-0.1,5,"ELSA","Training-mapped FI6"
0.26,-0.1,4,"ELSA","Training-mapped FI6"
0.28,-0.1,2,"ELSA","Training-mapped FI6"
0.32,-0.1,5,"ELSA","Training-mapped FI6"
0.34,-0.1,4,"ELSA","Training-mapped FI6"
0.36,-0.1,5,"ELSA","Training-mapped FI6"
0.38,-0.1,1,"ELSA","Training-mapped FI6"
0.42,-0.1,6,"ELSA","Training-mapped FI6"
0.44,-0.1,5,"ELSA","Training-mapped FI6"
0.48,-0.1,2,"ELSA","Training-mapped FI6"
0.5,-0.1,3,"ELSA","Training-mapped FI6"
0.52,-0.1,6,"ELSA","Training-mapped FI6"
0.56,-0.1,2,"ELSA","Training-mapped FI6"
0.58,-0.1,4,"ELSA","Training-mapped FI6"
0.6,-0.1,6,"ELSA","Training-mapped FI6"
0.1,-0.08,6,"ELSA","Training-mapped FI6"
0.12,-0.08,10,"ELSA","Training-mapped FI6"
0.14,-0.08,24,"ELSA","Training-mapped FI6"
0.16,-0.08,13,"ELSA","Training-mapped FI6"
0.18,-0.08,4,"ELSA","Training-mapped FI6"
0.2,-0.08,1,"ELSA","Training-mapped FI6"
0.22,-0.08,7,"ELSA","Training-mapped FI6"
0.24,-0.08,4,"ELSA","Training-mapped FI6"
0.26,-0.08,2,"ELSA","Training-mapped FI6"
0.28,-0.08,1,"ELSA","Training-mapped FI6"
0.3,-0.08,2,"ELSA","Training-mapped FI6"
0.32,-0.08,6,"ELSA","Training-mapped FI6"
0.34,-0.08,4,"ELSA","Training-mapped FI6"
0.36,-0.08,2,"ELSA","Training-mapped FI6"
0.38,-0.08,1,"ELSA","Training-mapped FI6"
0.4,-0.08,4,"ELSA","Training-mapped FI6"
0.42,-0.08,2,"ELSA","Training-mapped FI6"
0.44,-0.08,3,"ELSA","Training-mapped FI6"
0.48,-0.08,2,"ELSA","Training-mapped FI6"
0.5,-0.08,3,"ELSA","Training-mapped FI6"
0.52,-0.08,4,"ELSA","Training-mapped FI6"
0.58,-0.08,6,"ELSA","Training-mapped FI6"
0.6,-0.08,8,"ELSA","Training-mapped FI6"
0.1,-0.06,9,"ELSA","Training-mapped FI6"
0.12,-0.06,32,"ELSA","Training-mapped FI6"
0.14,-0.06,36,"ELSA","Training-mapped FI6"
0.16,-0.06,16,"ELSA","Training-mapped FI6"
0.18,-0.06,5,"ELSA","Training-mapped FI6"
0.2,-0.06,7,"ELSA","Training-mapped FI6"
0.22,-0.06,14,"ELSA","Training-mapped FI6"
0.24,-0.06,8,"ELSA","Training-mapped FI6"
0.26,-0.06,4,"ELSA","Training-mapped FI6"
0.28,-0.06,4,"ELSA","Training-mapped FI6"
0.3,-0.06,4,"ELSA","Training-mapped FI6"
0.32,-0.06,4,"ELSA","Training-mapped FI6"
0.34,-0.06,6,"ELSA","Training-mapped FI6"
0.38,-0.06,5,"ELSA","Training-mapped FI6"
0.4,-0.06,4,"ELSA","Training-mapped FI6"
0.42,-0.06,6,"ELSA","Training-mapped FI6"
0.46,-0.06,3,"ELSA","Training-mapped FI6"
0.48,-0.06,2,"ELSA","Training-mapped FI6"
0.5,-0.06,7,"ELSA","Training-mapped FI6"
0.54,-0.06,1,"ELSA","Training-mapped FI6"
0.56,-0.06,9,"ELSA","Training-mapped FI6"
0.58,-0.06,9,"ELSA","Training-mapped FI6"
0.08,-0.04,12,"ELSA","Training-mapped FI6"
0.1,-0.04,48,"ELSA","Training-mapped FI6"
0.12,-0.04,67,"ELSA","Training-mapped FI6"
0.14,-0.04,11,"ELSA","Training-mapped FI6"
0.16,-0.04,9,"ELSA","Training-mapped FI6"
0.18,-0.04,7,"ELSA","Training-mapped FI6"
0.2,-0.04,12,"ELSA","Training-mapped FI6"
0.22,-0.04,7,"ELSA","Training-mapped FI6"
0.24,-0.04,3,"ELSA","Training-mapped FI6"
0.26,-0.04,4,"ELSA","Training-mapped FI6"
0.28,-0.04,7,"ELSA","Training-mapped FI6"
0.3,-0.04,7,"ELSA","Training-mapped FI6"
0.32,-0.04,4,"ELSA","Training-mapped FI6"
0.34,-0.04,2,"ELSA","Training-mapped FI6"
0.36,-0.04,4,"ELSA","Training-mapped FI6"
0.38,-0.04,8,"ELSA","Training-mapped FI6"
0.4,-0.04,6,"ELSA","Training-mapped FI6"
0.42,-0.04,2,"ELSA","Training-mapped FI6"
0.44,-0.04,5,"ELSA","Training-mapped FI6"
0.46,-0.04,5,"ELSA","Training-mapped FI6"
0.48,-0.04,8,"ELSA","Training-mapped FI6"
0.5,-0.04,3,"ELSA","Training-mapped FI6"
0.52,-0.04,1,"ELSA","Training-mapped FI6"
0.54,-0.04,2,"ELSA","Training-mapped FI6"
0.56,-0.04,9,"ELSA","Training-mapped FI6"
0.58,-0.04,7,"ELSA","Training-mapped FI6"
0.08,-0.02,18,"ELSA","Training-mapped FI6"
0.1,-0.02,103,"ELSA","Training-mapped FI6"
0.12,-0.02,74,"ELSA","Training-mapped FI6"
0.14,-0.02,15,"ELSA","Training-mapped FI6"
0.16,-0.02,7,"ELSA","Training-mapped FI6"
0.18,-0.02,6,"ELSA","Training-mapped FI6"
0.2,-0.02,20,"ELSA","Training-mapped FI6"
0.22,-0.02,9,"ELSA","Training-mapped FI6"
0.24,-0.02,3,"ELSA","Training-mapped FI6"
0.26,-0.02,4,"ELSA","Training-mapped FI6"
0.28,-0.02,4,"ELSA","Training-mapped FI6"
0.3,-0.02,11,"ELSA","Training-mapped FI6"
0.34,-0.02,1,"ELSA","Training-mapped FI6"
0.36,-0.02,7,"ELSA","Training-mapped FI6"
0.38,-0.02,11,"ELSA","Training-mapped FI6"
0.4,-0.02,9,"ELSA","Training-mapped FI6"
0.42,-0.02,1,"ELSA","Training-mapped FI6"
0.44,-0.02,1,"ELSA","Training-mapped FI6"
0.46,-0.02,10,"ELSA","Training-mapped FI6"
0.48,-0.02,7,"ELSA","Training-mapped FI6"
0.5,-0.02,1,"ELSA","Training-mapped FI6"
0.52,-0.02,2,"ELSA","Training-mapped FI6"
0.54,-0.02,7,"ELSA","Training-mapped FI6"
0.56,-0.02,14,"ELSA","Training-mapped FI6"
0.06,0,60,"ELSA","Training-mapped FI6"
0.08,0,101,"ELSA","Training-mapped FI6"
0.1,0,135,"ELSA","Training-mapped FI6"
0.12,0,24,"ELSA","Training-mapped FI6"
0.14,0,4,"ELSA","Training-mapped FI6"
0.16,0,23,"ELSA","Training-mapped FI6"
0.18,0,25,"ELSA","Training-mapped FI6"
0.2,0,28,"ELSA","Training-mapped FI6"
0.22,0,4,"ELSA","Training-mapped FI6"
0.24,0,5,"ELSA","Training-mapped FI6"
0.26,0,9,"ELSA","Training-mapped FI6"
0.28,0,11,"ELSA","Training-mapped FI6"
0.3,0,12,"ELSA","Training-mapped FI6"
0.32,0,5,"ELSA","Training-mapped FI6"
0.34,0,3,"ELSA","Training-mapped FI6"
0.36,0,8,"ELSA","Training-mapped FI6"
0.38,0,8,"ELSA","Training-mapped FI6"
0.42,0,4,"ELSA","Training-mapped FI6"
0.44,0,6,"ELSA","Training-mapped FI6"
0.46,0,13,"ELSA","Training-mapped FI6"
0.48,0,1,"ELSA","Training-mapped FI6"
0.52,0,3,"ELSA","Training-mapped FI6"
0.54,0,8,"ELSA","Training-mapped FI6"
0.56,0,8,"ELSA","Training-mapped FI6"
0.06,0.02,46,"ELSA","Training-mapped FI6"
0.08,0.02,159,"ELSA","Training-mapped FI6"
0.1,0.02,113,"ELSA","Training-mapped FI6"
0.12,0.02,25,"ELSA","Training-mapped FI6"
0.14,0.02,9,"ELSA","Training-mapped FI6"
0.16,0.02,18,"ELSA","Training-mapped FI6"
0.18,0.02,50,"ELSA","Training-mapped FI6"
0.2,0.02,13,"ELSA","Training-mapped FI6"
0.22,0.02,9,"ELSA","Training-mapped FI6"
0.24,0.02,7,"ELSA","Training-mapped FI6"
0.26,0.02,26,"ELSA","Training-mapped FI6"
0.28,0.02,28,"ELSA","Training-mapped FI6"
0.3,0.02,2,"ELSA","Training-mapped FI6"
0.32,0.02,2,"ELSA","Training-mapped FI6"
0.34,0.02,7,"ELSA","Training-mapped FI6"
0.36,0.02,16,"ELSA","Training-mapped FI6"
0.38,0.02,5,"ELSA","Training-mapped FI6"
0.4,0.02,1,"ELSA","Training-mapped FI6"
0.42,0.02,1,"ELSA","Training-mapped FI6"
0.44,0.02,11,"ELSA","Training-mapped FI6"
0.46,0.02,6,"ELSA","Training-mapped FI6"
0.5,0.02,3,"ELSA","Training-mapped FI6"
0.52,0.02,7,"ELSA","Training-mapped FI6"
0.54,0.02,5,"ELSA","Training-mapped FI6"
0.04,0.04,37,"ELSA","Training-mapped FI6"
0.06,0.04,100,"ELSA","Training-mapped FI6"
0.08,0.04,95,"ELSA","Training-mapped FI6"
0.1,0.04,18,"ELSA","Training-mapped FI6"
0.12,0.04,5,"ELSA","Training-mapped FI6"
0.14,0.04,45,"ELSA","Training-mapped FI6"
0.16,0.04,41,"ELSA","Training-mapped FI6"
0.18,0.04,22,"ELSA","Training-mapped FI6"
0.2,0.04,6,"ELSA","Training-mapped FI6"
0.22,0.04,10,"ELSA","Training-mapped FI6"
0.24,0.04,21,"ELSA","Training-mapped FI6"
0.26,0.04,23,"ELSA","Training-mapped FI6"
0.28,0.04,10,"ELSA","Training-mapped FI6"
0.3,0.04,6,"ELSA","Training-mapped FI6"
0.32,0.04,8,"ELSA","Training-mapped FI6"
0.34,0.04,14,"ELSA","Training-mapped FI6"
0.36,0.04,12,"ELSA","Training-mapped FI6"
0.38,0.04,2,"ELSA","Training-mapped FI6"
0.4,0.04,5,"ELSA","Training-mapped FI6"
0.42,0.04,14,"ELSA","Training-mapped FI6"
0.44,0.04,12,"ELSA","Training-mapped FI6"
0.48,0.04,2,"ELSA","Training-mapped FI6"
0.5,0.04,6,"ELSA","Training-mapped FI6"
0.52,0.04,9,"ELSA","Training-mapped FI6"
0.54,0.04,4,"ELSA","Training-mapped FI6"
0.06,0.06,24,"ELSA","Training-mapped FI6"
0.08,0.06,37,"ELSA","Training-mapped FI6"
0.1,0.06,19,"ELSA","Training-mapped FI6"
0.12,0.06,6,"ELSA","Training-mapped FI6"
0.14,0.06,37,"ELSA","Training-mapped FI6"
0.16,0.06,58,"ELSA","Training-mapped FI6"
0.18,0.06,15,"ELSA","Training-mapped FI6"
0.2,0.06,5,"ELSA","Training-mapped FI6"
0.22,0.06,17,"ELSA","Training-mapped FI6"
0.24,0.06,38,"ELSA","Training-mapped FI6"
0.26,0.06,24,"ELSA","Training-mapped FI6"
0.28,0.06,3,"ELSA","Training-mapped FI6"
0.3,0.06,6,"ELSA","Training-mapped FI6"
0.32,0.06,14,"ELSA","Training-mapped FI6"
0.34,0.06,17,"ELSA","Training-mapped FI6"
0.36,0.06,8,"ELSA","Training-mapped FI6"
0.38,0.06,1,"ELSA","Training-mapped FI6"
0.4,0.06,6,"ELSA","Training-mapped FI6"
0.42,0.06,8,"ELSA","Training-mapped FI6"
0.44,0.06,11,"ELSA","Training-mapped FI6"
0.48,0.06,2,"ELSA","Training-mapped FI6"
0.5,0.06,7,"ELSA","Training-mapped FI6"
0.52,0.06,7,"ELSA","Training-mapped FI6"
0.08,0.08,4,"ELSA","Training-mapped FI6"
0.1,0.08,6,"ELSA","Training-mapped FI6"
0.12,0.08,33,"ELSA","Training-mapped FI6"
0.14,0.08,37,"ELSA","Training-mapped FI6"
0.16,0.08,32,"ELSA","Training-mapped FI6"
0.18,0.08,4,"ELSA","Training-mapped FI6"
0.2,0.08,15,"ELSA","Training-mapped FI6"
0.22,0.08,18,"ELSA","Training-mapped FI6"
0.24,0.08,37,"ELSA","Training-mapped FI6"
0.26,0.08,8,"ELSA","Training-mapped FI6"
0.28,0.08,7,"ELSA","Training-mapped FI6"
0.3,0.08,14,"ELSA","Training-mapped FI6"
0.32,0.08,15,"ELSA","Training-mapped FI6"
0.34,0.08,6,"ELSA","Training-mapped FI6"
0.36,0.08,8,"ELSA","Training-mapped FI6"
0.38,0.08,2,"ELSA","Training-mapped FI6"
0.4,0.08,7,"ELSA","Training-mapped FI6"
0.42,0.08,12,"ELSA","Training-mapped FI6"
0.44,0.08,3,"ELSA","Training-mapped FI6"
0.46,0.08,1,"ELSA","Training-mapped FI6"
0.48,0.08,5,"ELSA","Training-mapped FI6"
0.5,0.08,6,"ELSA","Training-mapped FI6"
0.52,0.08,7,"ELSA","Training-mapped FI6"
0.12,0.1,19,"ELSA","Training-mapped FI6"
0.14,0.1,35,"ELSA","Training-mapped FI6"
0.16,0.1,13,"ELSA","Training-mapped FI6"
0.18,0.1,6,"ELSA","Training-mapped FI6"
0.2,0.1,12,"ELSA","Training-mapped FI6"
0.22,0.1,51,"ELSA","Training-mapped FI6"
0.24,0.1,9,"ELSA","Training-mapped FI6"
0.26,0.1,1,"ELSA","Training-mapped FI6"
0.28,0.1,7,"ELSA","Training-mapped FI6"
0.3,0.1,8,"ELSA","Training-mapped FI6"
0.32,0.1,19,"ELSA","Training-mapped FI6"
0.34,0.1,5,"ELSA","Training-mapped FI6"
0.36,0.1,2,"ELSA","Training-mapped FI6"
0.38,0.1,19,"ELSA","Training-mapped FI6"
0.4,0.1,20,"ELSA","Training-mapped FI6"
0.42,0.1,6,"ELSA","Training-mapped FI6"
0.46,0.1,3,"ELSA","Training-mapped FI6"
0.5,0.1,3,"ELSA","Training-mapped FI6"
0.1,0.12,1,"ELSA","Training-mapped FI6"
0.12,0.12,11,"ELSA","Training-mapped FI6"
0.14,0.12,4,"ELSA","Training-mapped FI6"
0.16,0.12,3,"ELSA","Training-mapped FI6"
0.18,0.12,17,"ELSA","Training-mapped FI6"
0.2,0.12,27,"ELSA","Training-mapped FI6"
0.22,0.12,16,"ELSA","Training-mapped FI6"
0.24,0.12,6,"ELSA","Training-mapped FI6"
0.26,0.12,4,"ELSA","Training-mapped FI6"
0.28,0.12,20,"ELSA","Training-mapped FI6"
0.3,0.12,24,"ELSA","Training-mapped FI6"
0.32,0.12,15,"ELSA","Training-mapped FI6"
0.34,0.12,1,"ELSA","Training-mapped FI6"
0.36,0.12,2,"ELSA","Training-mapped FI6"
0.38,0.12,15,"ELSA","Training-mapped FI6"
0.4,0.12,16,"ELSA","Training-mapped FI6"
0.42,0.12,2,"ELSA","Training-mapped FI6"
0.44,0.12,6,"ELSA","Training-mapped FI6"
0.46,0.12,4,"ELSA","Training-mapped FI6"
0.48,0.12,7,"ELSA","Training-mapped FI6"
0.5,0.12,3,"ELSA","Training-mapped FI6"
0.14,0.14,1,"ELSA","Training-mapped FI6"
0.16,0.14,3,"ELSA","Training-mapped FI6"
0.18,0.14,8,"ELSA","Training-mapped FI6"
0.2,0.14,23,"ELSA","Training-mapped FI6"
0.22,0.14,6,"ELSA","Training-mapped FI6"
0.24,0.14,2,"ELSA","Training-mapped FI6"
0.26,0.14,11,"ELSA","Training-mapped FI6"
0.28,0.14,22,"ELSA","Training-mapped FI6"
0.3,0.14,15,"ELSA","Training-mapped FI6"
0.32,0.14,3,"ELSA","Training-mapped FI6"
0.34,0.14,3,"ELSA","Training-mapped FI6"
0.36,0.14,6,"ELSA","Training-mapped FI6"
0.38,0.14,10,"ELSA","Training-mapped FI6"
0.4,0.14,5,"ELSA","Training-mapped FI6"
0.42,0.14,1,"ELSA","Training-mapped FI6"
0.44,0.14,7,"ELSA","Training-mapped FI6"
0.46,0.14,4,"ELSA","Training-mapped FI6"
0.16,0.16,8,"ELSA","Training-mapped FI6"
0.18,0.16,5,"ELSA","Training-mapped FI6"
0.2,0.16,3,"ELSA","Training-mapped FI6"
0.22,0.16,2,"ELSA","Training-mapped FI6"
0.24,0.16,5,"ELSA","Training-mapped FI6"
0.26,0.16,10,"ELSA","Training-mapped FI6"
0.28,0.16,15,"ELSA","Training-mapped FI6"
0.3,0.16,5,"ELSA","Training-mapped FI6"
0.32,0.16,3,"ELSA","Training-mapped FI6"
0.34,0.16,5,"ELSA","Training-mapped FI6"
0.36,0.16,7,"ELSA","Training-mapped FI6"
0.38,0.16,10,"ELSA","Training-mapped FI6"
0.4,0.16,2,"ELSA","Training-mapped FI6"
0.42,0.16,1,"ELSA","Training-mapped FI6"
0.44,0.16,4,"ELSA","Training-mapped FI6"
0.46,0.16,2,"ELSA","Training-mapped FI6"
0.48,0.16,1,"ELSA","Training-mapped FI6"
0.18,0.18,3,"ELSA","Training-mapped FI6"
0.22,0.18,1,"ELSA","Training-mapped FI6"
0.24,0.18,2,"ELSA","Training-mapped FI6"
0.26,0.18,6,"ELSA","Training-mapped FI6"
0.28,0.18,5,"ELSA","Training-mapped FI6"
0.3,0.18,1,"ELSA","Training-mapped FI6"
0.32,0.18,3,"ELSA","Training-mapped FI6"
0.34,0.18,10,"ELSA","Training-mapped FI6"
0.36,0.18,7,"ELSA","Training-mapped FI6"
0.38,0.18,1,"ELSA","Training-mapped FI6"
0.42,0.18,1,"ELSA","Training-mapped FI6"
0.44,0.18,1,"ELSA","Training-mapped FI6"
0.2,0.2,1,"ELSA","Training-mapped FI6"
0.24,0.2,7,"ELSA","Training-mapped FI6"
0.26,0.2,7,"ELSA","Training-mapped FI6"
0.28,0.2,3,"ELSA","Training-mapped FI6"
0.32,0.2,2,"ELSA","Training-mapped FI6"
0.34,0.2,2,"ELSA","Training-mapped FI6"
0.36,0.2,1,"ELSA","Training-mapped FI6"
0.4,0.2,2,"ELSA","Training-mapped FI6"
0.42,0.2,1,"ELSA","Training-mapped FI6"
0.44,0.2,2,"ELSA","Training-mapped FI6"
0.2,0.22,1,"ELSA","Training-mapped FI6"
0.24,0.22,7,"ELSA","Training-mapped FI6"
0.26,0.22,2,"ELSA","Training-mapped FI6"
0.28,0.22,1,"ELSA","Training-mapped FI6"
0.32,0.22,4,"ELSA","Training-mapped FI6"
0.34,0.22,3,"ELSA","Training-mapped FI6"
0.36,0.22,1,"ELSA","Training-mapped FI6"
0.38,0.22,1,"ELSA","Training-mapped FI6"
0.42,0.22,1,"ELSA","Training-mapped FI6"
0.3,0.24,1,"ELSA","Training-mapped FI6"
0.32,0.24,1,"ELSA","Training-mapped FI6"
0.4,0.24,1,"ELSA","Training-mapped FI6"
0.32,0.26,1,"ELSA","Training-mapped FI6"
0.42,0.26,1,"ELSA","Training-mapped FI6"
0.4,-0.32,1,"SHARE","Raw FI6"
0.3,-0.28,1,"SHARE","Raw FI6"
0.3,-0.26,1,"SHARE","Raw FI6"
0.46,-0.26,1,"SHARE","Raw FI6"
0.2,-0.24,3,"SHARE","Raw FI6"
0.24,-0.24,1,"SHARE","Raw FI6"
0.24,-0.22,2,"SHARE","Raw FI6"
0.28,-0.22,1,"SHARE","Raw FI6"
0.1,-0.2,2,"SHARE","Raw FI6"
0.14,-0.2,5,"SHARE","Raw FI6"
0.18,-0.2,3,"SHARE","Raw FI6"
0.22,-0.2,2,"SHARE","Raw FI6"
0.24,-0.2,1,"SHARE","Raw FI6"
0.26,-0.2,1,"SHARE","Raw FI6"
0.08,-0.18,2,"SHARE","Raw FI6"
0.12,-0.18,1,"SHARE","Raw FI6"
0.14,-0.18,1,"SHARE","Raw FI6"
0.16,-0.18,2,"SHARE","Raw FI6"
0.18,-0.18,2,"SHARE","Raw FI6"
0.22,-0.18,2,"SHARE","Raw FI6"
0.26,-0.18,2,"SHARE","Raw FI6"
0.08,-0.16,8,"SHARE","Raw FI6"
0.12,-0.16,5,"SHARE","Raw FI6"
0.16,-0.16,17,"SHARE","Raw FI6"
0.2,-0.16,10,"SHARE","Raw FI6"
0.24,-0.16,2,"SHARE","Raw FI6"
0.26,-0.16,1,"SHARE","Raw FI6"
0.06,-0.14,7,"SHARE","Raw FI6"
0.08,-0.14,7,"SHARE","Raw FI6"
0.1,-0.14,1,"SHARE","Raw FI6"
0.12,-0.14,6,"SHARE","Raw FI6"
0.14,-0.14,9,"SHARE","Raw FI6"
0.16,-0.14,20,"SHARE","Raw FI6"
0.2,-0.14,14,"SHARE","Raw FI6"
0.24,-0.14,5,"SHARE","Raw FI6"
0.36,-0.14,1,"SHARE","Raw FI6"
0.4,-0.14,1,"SHARE","Raw FI6"
0.06,-0.12,23,"SHARE","Raw FI6"
0.1,-0.12,31,"SHARE","Raw FI6"
0.14,-0.12,30,"SHARE","Raw FI6"
0.18,-0.12,18,"SHARE","Raw FI6"
0.2,-0.12,3,"SHARE","Raw FI6"
0.22,-0.12,1,"SHARE","Raw FI6"
0.36,-0.12,2,"SHARE","Raw FI6"
0.38,-0.12,1,"SHARE","Raw FI6"
0.04,-0.1,13,"SHARE","Raw FI6"
0.06,-0.1,12,"SHARE","Raw FI6"
0.08,-0.1,12,"SHARE","Raw FI6"
0.1,-0.1,22,"SHARE","Raw FI6"
0.12,-0.1,21,"SHARE","Raw FI6"
0.14,-0.1,59,"SHARE","Raw FI6"
0.18,-0.1,34,"SHARE","Raw FI6"
0.22,-0.1,7,"SHARE","Raw FI6"
0.26,-0.1,2,"SHARE","Raw FI6"
0.3,-0.1,2,"SHARE","Raw FI6"
0.34,-0.1,1,"SHARE","Raw FI6"
0.38,-0.1,2,"SHARE","Raw FI6"
0.46,-0.1,1,"SHARE","Raw FI6"
0.04,-0.08,64,"SHARE","Raw FI6"
0.08,-0.08,76,"SHARE","Raw FI6"
0.12,-0.08,135,"SHARE","Raw FI6"
0.16,-0.08,74,"SHARE","Raw FI6"
0.2,-0.08,4,"SHARE","Raw FI6"
0.22,-0.08,1,"SHARE","Raw FI6"
0.24,-0.08,2,"SHARE","Raw FI6"
0.28,-0.08,3,"SHARE","Raw FI6"
0.32,-0.08,2,"SHARE","Raw FI6"
0.34,-0.08,3,"SHARE","Raw FI6"
0.38,-0.08,1,"SHARE","Raw FI6"
0.02,-0.06,24,"SHARE","Raw FI6"
0.04,-0.06,42,"SHARE","Raw FI6"
0.06,-0.06,38,"SHARE","Raw FI6"
0.08,-0.06,65,"SHARE","Raw FI6"
0.1,-0.06,31,"SHARE","Raw FI6"
0.12,-0.06,149,"SHARE","Raw FI6"
0.16,-0.06,65,"SHARE","Raw FI6"
0.2,-0.06,16,"SHARE","Raw FI6"
0.24,-0.06,1,"SHARE","Raw FI6"
0.28,-0.06,4,"SHARE","Raw FI6"
0.32,-0.06,6,"SHARE","Raw FI6"
0.36,-0.06,6,"SHARE","Raw FI6"
0.52,-0.06,1,"SHARE","Raw FI6"
0.54,-0.06,3,"SHARE","Raw FI6"
0.02,-0.04,80,"SHARE","Raw FI6"
0.06,-0.04,174,"SHARE","Raw FI6"
0.1,-0.04,309,"SHARE","Raw FI6"
0.14,-0.04,129,"SHARE","Raw FI6"
0.16,-0.04,26,"SHARE","Raw FI6"
0.18,-0.04,11,"SHARE","Raw FI6"
0.2,-0.04,5,"SHARE","Raw FI6"
0.22,-0.04,1,"SHARE","Raw FI6"
0.24,-0.04,1,"SHARE","Raw FI6"
0.26,-0.04,4,"SHARE","Raw FI6"
0.28,-0.04,10,"SHARE","Raw FI6"
0.3,-0.04,4,"SHARE","Raw FI6"
0.32,-0.04,16,"SHARE","Raw FI6"
0.36,-0.04,6,"SHARE","Raw FI6"
0.44,-0.04,1,"SHARE","Raw FI6"
0.48,-0.04,1,"SHARE","Raw FI6"
0.52,-0.04,1,"SHARE","Raw FI6"
0,-0.02,1,"SHARE","Raw FI6"
0.02,-0.02,13,"SHARE","Raw FI6"
0.04,-0.02,37,"SHARE","Raw FI6"
0.06,-0.02,147,"SHARE","Raw FI6"
0.08,-0.02,76,"SHARE","Raw FI6"
0.1,-0.02,291,"SHARE","Raw FI6"
0.12,-0.02,39,"SHARE","Raw FI6"
0.14,-0.02,119,"SHARE","Raw FI6"
0.18,-0.02,17,"SHARE","Raw FI6"
0.22,-0.02,8,"SHARE","Raw FI6"
0.26,-0.02,23,"SHARE","Raw FI6"
0.3,-0.02,19,"SHARE","Raw FI6"
0.34,-0.02,7,"SHARE","Raw FI6"
0.42,-0.02,2,"SHARE","Raw FI6"
0.46,-0.02,1,"SHARE","Raw FI6"
0.52,-0.02,1,"SHARE","Raw FI6"
0.04,0,115,"SHARE","Raw FI6"
0.08,0,379,"SHARE","Raw FI6"
0.12,0,170,"SHARE","Raw FI6"
0.16,0,14,"SHARE","Raw FI6"
0.18,0,3,"SHARE","Raw FI6"
0.2,0,9,"SHARE","Raw FI6"
0.22,0,5,"SHARE","Raw FI6"
0.24,0,8,"SHARE","Raw FI6"
0.26,0,3,"SHARE","Raw FI6"
0.28,0,7,"SHARE","Raw FI6"
0.3,0,9,"SHARE","Raw FI6"
0.32,0,2,"SHARE","Raw FI6"
0.34,0,6,"SHARE","Raw FI6"
0.38,0,1,"SHARE","Raw FI6"
0.42,0,3,"SHARE","Raw FI6"
0.46,0,3,"SHARE","Raw FI6"
0.5,0,3,"SHARE","Raw FI6"
0.66,0,1,"SHARE","Raw FI6"
0.84,0,1,"SHARE","Raw FI6"
0.04,0.02,13,"SHARE","Raw FI6"
0.06,0.02,53,"SHARE","Raw FI6"
0.08,0.02,230,"SHARE","Raw FI6"
0.12,0.02,137,"SHARE","Raw FI6"
0.16,0.02,26,"SHARE","Raw FI6"
0.2,0.02,11,"SHARE","Raw FI6"
0.24,0.02,55,"SHARE","Raw FI6"
0.28,0.02,46,"SHARE","Raw FI6"
0.32,0.02,12,"SHARE","Raw FI6"
0.4,0.02,1,"SHARE","Raw FI6"
0.44,0.02,5,"SHARE","Raw FI6"
0.48,0.02,3,"SHARE","Raw FI6"
0.5,0.02,3,"SHARE","Raw FI6"
0.66,0.02,2,"SHARE","Raw FI6"
0.82,0.02,1,"SHARE","Raw FI6"
0.06,0.04,71,"SHARE","Raw FI6"
0.1,0.04,123,"SHARE","Raw FI6"
0.12,0.04,27,"SHARE","Raw FI6"
0.14,0.04,21,"SHARE","Raw FI6"
0.16,0.04,7,"SHARE","Raw FI6"
0.18,0.04,14,"SHARE","Raw FI6"
0.2,0.04,3,"SHARE","Raw FI6"
0.22,0.04,57,"SHARE","Raw FI6"
0.24,0.04,26,"SHARE","Raw FI6"
0.26,0.04,15,"SHARE","Raw FI6"
0.28,0.04,32,"SHARE","Raw FI6"
0.3,0.04,6,"SHARE","Raw FI6"
0.32,0.04,10,"SHARE","Raw FI6"
0.4,0.04,1,"SHARE","Raw FI6"
0.44,0.04,5,"SHARE","Raw FI6"
0.48,0.04,6,"SHARE","Raw FI6"
0.6,0.04,2,"SHARE","Raw FI6"
0.64,0.04,3,"SHARE","Raw FI6"
0.06,0.06,1,"SHARE","Raw FI6"
0.1,0.06,59,"SHARE","Raw FI6"
0.14,0.06,24,"SHARE","Raw FI6"
0.18,0.06,37,"SHARE","Raw FI6"
0.22,0.06,76,"SHARE","Raw FI6"
0.26,0.06,73,"SHARE","Raw FI6"
0.3,0.06,32,"SHARE","Raw FI6"
0.38,0.06,4,"SHARE","Raw FI6"
0.4,0.06,4,"SHARE","Raw FI6"
0.42,0.06,11,"SHARE","Raw FI6"
0.44,0.06,4,"SHARE","Raw FI6"
0.46,0.06,4,"SHARE","Raw FI6"
0.48,0.06,1,"SHARE","Raw FI6"
0.6,0.06,2,"SHARE","Raw FI6"
0.64,0.06,3,"SHARE","Raw FI6"
0.8,0.06,1,"SHARE","Raw FI6"
0.08,0.08,14,"SHARE","Raw FI6"
0.12,0.08,14,"SHARE","Raw FI6"
0.14,0.08,8,"SHARE","Raw FI6"
0.16,0.08,34,"SHARE","Raw FI6"
0.18,0.08,10,"SHARE","Raw FI6"
0.2,0.08,106,"SHARE","Raw FI6"
0.22,0.08,53,"SHARE","Raw FI6"
0.24,0.08,20,"SHARE","Raw FI6"
0.26,0.08,66,"SHARE","Raw FI6"
0.28,0.08,3,"SHARE","Raw FI6"
0.3,0.08,16,"SHARE","Raw FI6"
0.34,0.08,1,"SHARE","Raw FI6"
0.38,0.08,8,"SHARE","Raw FI6"
0.42,0.08,22,"SHARE","Raw FI6"
0.46,0.08,7,"SHARE","Raw FI6"
0.58,0.08,1,"SHARE","Raw FI6"
0.62,0.08,5,"SHARE","Raw FI6"
0.12,0.1,11,"SHARE","Raw FI6"
0.16,0.1,47,"SHARE","Raw FI6"
0.2,0.1,141,"SHARE","Raw FI6"
0.24,0.1,110,"SHARE","Raw FI6"
0.28,0.1,22,"SHARE","Raw FI6"
0.32,0.1,3,"SHARE","Raw FI6"
0.36,0.1,11,"SHARE","Raw FI6"
0.38,0.1,3,"SHARE","Raw FI6"
0.4,0.1,15,"SHARE","Raw FI6"
0.42,0.1,6,"SHARE","Raw FI6"
0.44,0.1,7,"SHARE","Raw FI6"
0.46,0.1,3,"SHARE","Raw FI6"
0.54,0.1,1,"SHARE","Raw FI6"
0.58,0.1,5,"SHARE","Raw FI6"
0.62,0.1,3,"SHARE","Raw FI6"
0.7,0.1,1,"SHARE","Raw FI6"
0.78,0.1,1,"SHARE","Raw FI6"
0.92,0.1,1,"SHARE","Raw FI6"
0.1,0.12,2,"SHARE","Raw FI6"
0.14,0.12,29,"SHARE","Raw FI6"
0.16,0.12,13,"SHARE","Raw FI6"
0.18,0.12,70,"SHARE","Raw FI6"
0.2,0.12,73,"SHARE","Raw FI6"
0.22,0.12,30,"SHARE","Raw FI6"
0.24,0.12,88,"SHARE","Raw FI6"
0.26,0.12,3,"SHARE","Raw FI6"
0.28,0.12,20,"SHARE","Raw FI6"
0.32,0.12,5,"SHARE","Raw FI6"
0.36,0.12,26,"SHARE","Raw FI6"
0.4,0.12,36,"SHARE","Raw FI6"
0.44,0.12,18,"SHARE","Raw FI6"
0.56,0.12,8,"SHARE","Raw FI6"
0.6,0.12,2,"SHARE","Raw FI6"
0.62,0.12,2,"SHARE","Raw FI6"
0.76,0.12,3,"SHARE","Raw FI6"
0.78,0.12,1,"SHARE","Raw FI6"
0.9,0.12,1,"SHARE","Raw FI6"
0.94,0.12,6,"SHARE","Raw FI6"
0.14,0.14,14,"SHARE","Raw FI6"
0.18,0.14,97,"SHARE","Raw FI6"
0.22,0.14,111,"SHARE","Raw FI6"
0.26,0.14,21,"SHARE","Raw FI6"
0.3,0.14,5,"SHARE","Raw FI6"
0.34,0.14,33,"SHARE","Raw FI6"
0.36,0.14,9,"SHARE","Raw FI6"
0.38,0.14,46,"SHARE","Raw FI6"
0.4,0.14,11,"SHARE","Raw FI6"
0.42,0.14,4,"SHARE","Raw FI6"
0.44,0.14,10,"SHARE","Raw FI6"
0.5,0.14,3,"SHARE","Raw FI6"
0.52,0.14,4,"SHARE","Raw FI6"
0.56,0.14,6,"SHARE","Raw FI6"
0.6,0.14,5,"SHARE","Raw FI6"
0.72,0.14,1,"SHARE","Raw FI6"
0.92,0.14,4,"SHARE","Raw FI6"
0.12,0.16,1,"SHARE","Raw FI6"
0.14,0.16,2,"SHARE","Raw FI6"
0.16,0.16,43,"SHARE","Raw FI6"
0.18,0.16,51,"SHARE","Raw FI6"
0.2,0.16,27,"SHARE","Raw FI6"
0.22,0.16,81,"SHARE","Raw FI6"
0.24,0.16,3,"SHARE","Raw FI6"
0.26,0.16,15,"SHARE","Raw FI6"
0.28,0.16,4,"SHARE","Raw FI6"
0.3,0.16,8,"SHARE","Raw FI6"
0.34,0.16,41,"SHARE","Raw FI6"
0.38,0.16,64,"SHARE","Raw FI6"
0.42,0.16,27,"SHARE","Raw FI6"
0.5,0.16,4,"SHARE","Raw FI6"
0.54,0.16,10,"SHARE","Raw FI6"
0.56,0.16,2,"SHARE","Raw FI6"
0.58,0.16,10,"SHARE","Raw FI6"
0.6,0.16,3,"SHARE","Raw FI6"
0.72,0.16,2,"SHARE","Raw FI6"
0.76,0.16,4,"SHARE","Raw FI6"
0.88,0.16,3,"SHARE","Raw FI6"
0.92,0.16,11,"SHARE","Raw FI6"
0.16,0.18,12,"SHARE","Raw FI6"
0.2,0.18,65,"SHARE","Raw FI6"
0.24,0.18,13,"SHARE","Raw FI6"
0.28,0.18,16,"SHARE","Raw FI6"
0.32,0.18,35,"SHARE","Raw FI6"
0.34,0.18,14,"SHARE","Raw FI6"
0.36,0.18,56,"SHARE","Raw FI6"
0.38,0.18,11,"SHARE","Raw FI6"
0.4,0.18,16,"SHARE","Raw FI6"
0.42,0.18,11,"SHARE","Raw FI6"
0.48,0.18,3,"SHARE","Raw FI6"
0.5,0.18,6,"SHARE","Raw FI6"
0.54,0.18,14,"SHARE","Raw FI6"
0.58,0.18,9,"SHARE","Raw FI6"
0.7,0.18,6,"SHARE","Raw FI6"
0.74,0.18,13,"SHARE","Raw FI6"
0.82,0.18,1,"SHARE","Raw FI6"
0.84,0.18,1,"SHARE","Raw FI6"
0.86,0.18,1,"SHARE","Raw FI6"
0.9,0.18,8,"SHARE","Raw FI6"
0.92,0.18,3,"SHARE","Raw FI6"
0.16,0.2,3,"SHARE","Raw FI6"
0.18,0.2,2,"SHARE","Raw FI6"
0.2,0.2,32,"SHARE","Raw FI6"
0.22,0.2,2,"SHARE","Raw FI6"
0.24,0.2,11,"SHARE","Raw FI6"
0.28,0.2,27,"SHARE","Raw FI6"
0.32,0.2,66,"SHARE","Raw FI6"
0.36,0.2,96,"SHARE","Raw FI6"
0.4,0.2,40,"SHARE","Raw FI6"
0.44,0.2,4,"SHARE","Raw FI6"
0.48,0.2,7,"SHARE","Raw FI6"
0.52,0.2,26,"SHARE","Raw FI6"
0.56,0.2,12,"SHARE","Raw FI6"
0.58,0.2,5,"SHARE","Raw FI6"
0.64,0.2,2,"SHARE","Raw FI6"
0.66,0.2,1,"SHARE","Raw FI6"
0.68,0.2,1,"SHARE","Raw FI6"
0.7,0.2,3,"SHARE","Raw FI6"
0.72,0.2,1,"SHARE","Raw FI6"
0.74,0.2,7,"SHARE","Raw FI6"
0.82,0.2,2,"SHARE","Raw FI6"
0.86,0.2,1,"SHARE","Raw FI6"
0.9,0.2,14,"SHARE","Raw FI6"
0.18,0.22,5,"SHARE","Raw FI6"
0.22,0.22,8,"SHARE","Raw FI6"
0.26,0.22,16,"SHARE","Raw FI6"
0.3,0.22,50,"SHARE","Raw FI6"
0.32,0.22,30,"SHARE","Raw FI6"
0.34,0.22,76,"SHARE","Raw FI6"
0.36,0.22,26,"SHARE","Raw FI6"
0.38,0.22,10,"SHARE","Raw FI6"
0.4,0.22,23,"SHARE","Raw FI6"
0.44,0.22,2,"SHARE","Raw FI6"
0.46,0.22,1,"SHARE","Raw FI6"
0.48,0.22,9,"SHARE","Raw FI6"
0.52,0.22,28,"SHARE","Raw FI6"
0.56,0.22,27,"SHARE","Raw FI6"
0.64,0.22,2,"SHARE","Raw FI6"
0.68,0.22,5,"SHARE","Raw FI6"
0.72,0.22,13,"SHARE","Raw FI6"
0.8,0.22,2,"SHARE","Raw FI6"
0.84,0.22,4,"SHARE","Raw FI6"
0.86,0.22,2,"SHARE","Raw FI6"
0.88,0.22,14,"SHARE","Raw FI6"
0.9,0.22,4,"SHARE","Raw FI6"
0.18,0.24,1,"SHARE","Raw FI6"
0.24,0.24,5,"SHARE","Raw FI6"
0.26,0.24,24,"SHARE","Raw FI6"
0.3,0.24,96,"SHARE","Raw FI6"
0.34,0.24,119,"SHARE","Raw FI6"
0.38,0.24,34,"SHARE","Raw FI6"
0.42,0.24,6,"SHARE","Raw FI6"
0.46,0.24,15,"SHARE","Raw FI6"
0.5,0.24,38,"SHARE","Raw FI6"
0.54,0.24,18,"SHARE","Raw FI6"
0.56,0.24,9,"SHARE","Raw FI6"
0.58,0.24,1,"SHARE","Raw FI6"
0.62,0.24,1,"SHARE","Raw FI6"
0.68,0.24,4,"SHARE","Raw FI6"
0.7,0.24,3,"SHARE","Raw FI6"
0.72,0.24,14,"SHARE","Raw FI6"
0.8,0.24,1,"SHARE","Raw FI6"
0.84,0.24,3,"SHARE","Raw FI6"
0.88,0.24,18,"SHARE","Raw FI6"
0.24,0.26,12,"SHARE","Raw FI6"
0.28,0.26,78,"SHARE","Raw FI6"
0.3,0.26,20,"SHARE","Raw FI6"
0.32,0.26,81,"SHARE","Raw FI6"
0.34,0.26,38,"SHARE","Raw FI6"
0.36,0.26,13,"SHARE","Raw FI6"
0.38,0.26,13,"SHARE","Raw FI6"
0.4,0.26,2,"SHARE","Raw FI6"
0.42,0.26,2,"SHARE","Raw FI6"
0.44,0.26,4,"SHARE","Raw FI6"
0.46,0.26,14,"SHARE","Raw FI6"
0.5,0.26,31,"SHARE","Raw FI6"
0.54,0.26,35,"SHARE","Raw FI6"
0.62,0.26,2,"SHARE","Raw FI6"
0.66,0.26,13,"SHARE","Raw FI6"
0.7,0.26,20,"SHARE","Raw FI6"
0.82,0.26,6,"SHARE","Raw FI6"
0.84,0.26,1,"SHARE","Raw FI6"
0.86,0.26,12,"SHARE","Raw FI6"
0.88,0.26,11,"SHARE","Raw FI6"
0.24,0.28,12,"SHARE","Raw FI6"
0.28,0.28,79,"SHARE","Raw FI6"
0.32,0.28,87,"SHARE","Raw FI6"
0.36,0.28,29,"SHARE","Raw FI6"
0.4,0.28,1,"SHARE","Raw FI6"
0.44,0.28,30,"SHARE","Raw FI6"
0.48,0.28,57,"SHARE","Raw FI6"
0.52,0.28,35,"SHARE","Raw FI6"
0.54,0.28,6,"SHARE","Raw FI6"
0.56,0.28,1,"SHARE","Raw FI6"
0.6,0.28,7,"SHARE","Raw FI6"
0.62,0.28,1,"SHARE","Raw FI6"
0.64,0.28,4,"SHARE","Raw FI6"
0.66,0.28,8,"SHARE","Raw FI6"
0.68,0.28,5,"SHARE","Raw FI6"
0.7,0.28,19,"SHARE","Raw FI6"
0.78,0.28,2,"SHARE","Raw FI6"
0.82,0.28,7,"SHARE","Raw FI6"
0.86,0.28,23,"SHARE","Raw FI6"
0.26,0.3,27,"SHARE","Raw FI6"
0.28,0.3,17,"SHARE","Raw FI6"
0.3,0.3,37,"SHARE","Raw FI6"
0.32,0.3,22,"SHARE","Raw FI6"
0.34,0.3,2,"SHARE","Raw FI6"
0.36,0.3,14,"SHARE","Raw FI6"
0.38,0.3,1,"SHARE","Raw FI6"
0.4,0.3,4,"SHARE","Raw FI6"
0.42,0.3,7,"SHARE","Raw FI6"
0.44,0.3,19,"SHARE","Raw FI6"
0.48,0.3,44,"SHARE","Raw FI6"
0.52,0.3,52,"SHARE","Raw FI6"
0.6,0.3,5,"SHARE","Raw FI6"
0.64,0.3,22,"SHARE","Raw FI6"
0.68,0.3,26,"SHARE","Raw FI6"
0.72,0.3,1,"SHARE","Raw FI6"
0.76,0.3,1,"SHARE","Raw FI6"
0.8,0.3,6,"SHARE","Raw FI6"
0.82,0.3,1,"SHARE","Raw FI6"
0.84,0.3,18,"SHARE","Raw FI6"
0.86,0.3,14,"SHARE","Raw FI6"
0.26,0.32,11,"SHARE","Raw FI6"
0.3,0.32,41,"SHARE","Raw FI6"
0.34,0.32,17,"SHARE","Raw FI6"
0.38,0.32,12,"SHARE","Raw FI6"
0.42,0.32,39,"SHARE","Raw FI6"
0.46,0.32,89,"SHARE","Raw FI6"
0.5,0.32,38,"SHARE","Raw FI6"
0.52,0.32,14,"SHARE","Raw FI6"
0.54,0.32,2,"SHARE","Raw FI6"
0.56,0.32,2,"SHARE","Raw FI6"
0.58,0.32,5,"SHARE","Raw FI6"
0.6,0.32,4,"SHARE","Raw FI6"
0.62,0.32,5,"SHARE","Raw FI6"
0.64,0.32,22,"SHARE","Raw FI6"
0.66,0.32,7,"SHARE","Raw FI6"
0.68,0.32,17,"SHARE","Raw FI6"
0.76,0.32,1,"SHARE","Raw FI6"
0.8,0.32,11,"SHARE","Raw FI6"
0.84,0.32,43,"SHARE","Raw FI6"
0.28,0.34,10,"SHARE","Raw FI6"
0.3,0.34,5,"SHARE","Raw FI6"
0.32,0.34,4,"SHARE","Raw FI6"
0.34,0.34,5,"SHARE","Raw FI6"
0.36,0.34,1,"SHARE","Raw FI6"
0.38,0.34,4,"SHARE","Raw FI6"
0.4,0.34,11,"SHARE","Raw FI6"
0.42,0.34,43,"SHARE","Raw FI6"
0.46,0.34,60,"SHARE","Raw FI6"
0.5,0.34,36,"SHARE","Raw FI6"
0.54,0.34,2,"SHARE","Raw FI6"
0.58,0.34,6,"SHARE","Raw FI6"
0.62,0.34,29,"SHARE","Raw FI6"
0.66,0.34,17,"SHARE","Raw FI6"
0.74,0.34,2,"SHARE","Raw FI6"
0.78,0.34,3,"SHARE","Raw FI6"
0.8,0.34,2,"SHARE","Raw FI6"
0.82,0.34,15,"SHARE","Raw FI6"
0.84,0.34,26,"SHARE","Raw FI6"
0.28,0.36,4,"SHARE","Raw FI6"
0.32,0.36,5,"SHARE","Raw FI6"
0.36,0.36,10,"SHARE","Raw FI6"
0.4,0.36,51,"SHARE","Raw FI6"
0.44,0.36,109,"SHARE","Raw FI6"
0.48,0.36,21,"SHARE","Raw FI6"
0.5,0.36,13,"SHARE","Raw FI6"
0.56,0.36,6,"SHARE","Raw FI6"
0.58,0.36,9,"SHARE","Raw FI6"
0.6,0.36,13,"SHARE","Raw FI6"
0.62,0.36,23,"SHARE","Raw FI6"
0.64,0.36,6,"SHARE","Raw FI6"
0.66,0.36,23,"SHARE","Raw FI6"
0.74,0.36,1,"SHARE","Raw FI6"
0.78,0.36,11,"SHARE","Raw FI6"
0.82,0.36,40,"SHARE","Raw FI6"
0.32,0.38,1,"SHARE","Raw FI6"
0.36,0.38,5,"SHARE","Raw FI6"
0.38,0.38,9,"SHARE","Raw FI6"
0.4,0.38,33,"SHARE","Raw FI6"
0.44,0.38,63,"SHARE","Raw FI6"
0.48,0.38,32,"SHARE","Raw FI6"
0.52,0.38,2,"SHARE","Raw FI6"
0.56,0.38,12,"SHARE","Raw FI6"
0.6,0.38,35,"SHARE","Raw FI6"
0.64,0.38,56,"SHARE","Raw FI6"
0.72,0.38,4,"SHARE","Raw FI6"
0.76,0.38,10,"SHARE","Raw FI6"
0.78,0.38,2,"SHARE","Raw FI6"
0.8,0.38,14,"SHARE","Raw FI6"
0.82,0.38,6,"SHARE","Raw FI6"
0.34,0.4,2,"SHARE","Raw FI6"
0.38,0.4,38,"SHARE","Raw FI6"
0.42,0.4,63,"SHARE","Raw FI6"
0.44,0.4,14,"SHARE","Raw FI6"
0.46,0.4,16,"SHARE","Raw FI6"
0.48,0.4,8,"SHARE","Raw FI6"
0.5,0.4,2,"SHARE","Raw FI6"
0.54,0.4,8,"SHARE","Raw FI6"
0.56,0.4,13,"SHARE","Raw FI6"
0.58,0.4,10,"SHARE","Raw FI6"
0.6,0.4,35,"SHARE","Raw FI6"
0.62,0.4,6,"SHARE","Raw FI6"
0.64,0.4,29,"SHARE","Raw FI6"
0.68,0.4,1,"SHARE","Raw FI6"
0.72,0.4,4,"SHARE","Raw FI6"
0.76,0.4,13,"SHARE","Raw FI6"
0.8,0.4,37,"SHARE","Raw FI6"
0.34,0.42,5,"SHARE","Raw FI6"
0.36,0.42,1,"SHARE","Raw FI6"
0.38,0.42,21,"SHARE","Raw FI6"
0.42,0.42,38,"SHARE","Raw FI6"
0.46,0.42,16,"SHARE","Raw FI6"
0.54,0.42,15,"SHARE","Raw FI6"
0.58,0.42,54,"SHARE","Raw FI6"
0.62,0.42,43,"SHARE","Raw FI6"
0.7,0.42,3,"SHARE","Raw FI6"
0.72,0.42,2,"SHARE","Raw FI6"
0.74,0.42,9,"SHARE","Raw FI6"
0.76,0.42,1,"SHARE","Raw FI6"
0.78,0.42,12,"SHARE","Raw FI6"
0.8,0.42,23,"SHARE","Raw FI6"
0.36,0.44,15,"SHARE","Raw FI6"
0.4,0.44,40,"SHARE","Raw FI6"
0.44,0.44,13,"SHARE","Raw FI6"
0.46,0.44,6,"SHARE","Raw FI6"
0.48,0.44,3,"SHARE","Raw FI6"
0.52,0.44,16,"SHARE","Raw FI6"
0.54,0.44,8,"SHARE","Raw FI6"
0.56,0.44,13,"SHARE","Raw FI6"
0.58,0.44,45,"SHARE","Raw FI6"
0.6,0.44,12,"SHARE","Raw FI6"
0.62,0.44,28,"SHARE","Raw FI6"
0.66,0.44,1,"SHARE","Raw FI6"
0.7,0.44,4,"SHARE","Raw FI6"
0.74,0.44,17,"SHARE","Raw FI6"
0.78,0.44,51,"SHARE","Raw FI6"
0.36,0.46,6,"SHARE","Raw FI6"
0.4,0.46,11,"SHARE","Raw FI6"
0.44,0.46,4,"SHARE","Raw FI6"
0.48,0.46,4,"SHARE","Raw FI6"
0.52,0.46,16,"SHARE","Raw FI6"
0.56,0.46,45,"SHARE","Raw FI6"
0.6,0.46,34,"SHARE","Raw FI6"
0.68,0.46,4,"SHARE","Raw FI6"
0.72,0.46,8,"SHARE","Raw FI6"
0.74,0.46,2,"SHARE","Raw FI6"
0.76,0.46,31,"SHARE","Raw FI6"
0.78,0.46,14,"SHARE","Raw FI6"
0.38,0.48,5,"SHARE","Raw FI6"
0.42,0.48,4,"SHARE","Raw FI6"
0.44,0.48,2,"SHARE","Raw FI6"
0.46,0.48,1,"SHARE","Raw FI6"
0.5,0.48,10,"SHARE","Raw FI6"
0.52,0.48,6,"SHARE","Raw FI6"
0.54,0.48,10,"SHARE","Raw FI6"
0.56,0.48,37,"SHARE","Raw FI6"
0.58,0.48,6,"SHARE","Raw FI6"
0.6,0.48,20,"SHARE","Raw FI6"
0.64,0.48,1,"SHARE","Raw FI6"
0.68,0.48,5,"SHARE","Raw FI6"
0.72,0.48,16,"SHARE","Raw FI6"
0.76,0.48,41,"SHARE","Raw FI6"
0.42,0.5,3,"SHARE","Raw FI6"
0.46,0.5,1,"SHARE","Raw FI6"
0.5,0.5,7,"SHARE","Raw FI6"
0.54,0.5,53,"SHARE","Raw FI6"
0.58,0.5,28,"SHARE","Raw FI6"
0.66,0.5,2,"SHARE","Raw FI6"
0.7,0.5,9,"SHARE","Raw FI6"
0.72,0.5,3,"SHARE","Raw FI6"
0.74,0.5,10,"SHARE","Raw FI6"
0.76,0.5,8,"SHARE","Raw FI6"
0.4,0.52,1,"SHARE","Raw FI6"
0.46,0.52,1,"SHARE","Raw FI6"
0.48,0.52,9,"SHARE","Raw FI6"
0.5,0.52,5,"SHARE","Raw FI6"
0.52,0.52,8,"SHARE","Raw FI6"
0.54,0.52,25,"SHARE","Raw FI6"
0.56,0.52,8,"SHARE","Raw FI6"
0.58,0.52,22,"SHARE","Raw FI6"
0.66,0.52,7,"SHARE","Raw FI6"
0.7,0.52,18,"SHARE","Raw FI6"
0.74,0.52,32,"SHARE","Raw FI6"
0.44,0.54,2,"SHARE","Raw FI6"
0.48,0.54,2,"SHARE","Raw FI6"
0.52,0.54,27,"SHARE","Raw FI6"
0.56,0.54,17,"SHARE","Raw FI6"
0.64,0.54,2,"SHARE","Raw FI6"
0.66,0.54,1,"SHARE","Raw FI6"
0.68,0.54,8,"SHARE","Raw FI6"
0.7,0.54,4,"SHARE","Raw FI6"
0.72,0.54,11,"SHARE","Raw FI6"
0.74,0.54,7,"SHARE","Raw FI6"
0.46,0.56,1,"SHARE","Raw FI6"
0.48,0.56,2,"SHARE","Raw FI6"
0.5,0.56,4,"SHARE","Raw FI6"
0.52,0.56,7,"SHARE","Raw FI6"
0.56,0.56,7,"SHARE","Raw FI6"
0.6,0.56,1,"SHARE","Raw FI6"
0.64,0.56,5,"SHARE","Raw FI6"
0.68,0.56,11,"SHARE","Raw FI6"
0.72,0.56,24,"SHARE","Raw FI6"
0.46,0.58,2,"SHARE","Raw FI6"
0.5,0.58,11,"SHARE","Raw FI6"
0.54,0.58,6,"SHARE","Raw FI6"
0.58,0.58,1,"SHARE","Raw FI6"
0.62,0.58,1,"SHARE","Raw FI6"
0.64,0.58,1,"SHARE","Raw FI6"
0.66,0.58,4,"SHARE","Raw FI6"
0.68,0.58,2,"SHARE","Raw FI6"
0.7,0.58,2,"SHARE","Raw FI6"
0.72,0.58,5,"SHARE","Raw FI6"
0.44,0.6,1,"SHARE","Raw FI6"
0.5,0.6,5,"SHARE","Raw FI6"
0.54,0.6,4,"SHARE","Raw FI6"
0.62,0.6,1,"SHARE","Raw FI6"
0.66,0.6,11,"SHARE","Raw FI6"
0.7,0.6,15,"SHARE","Raw FI6"
0.44,0.62,1,"SHARE","Raw FI6"
0.48,0.62,1,"SHARE","Raw FI6"
0.52,0.62,1,"SHARE","Raw FI6"
0.6,0.62,6,"SHARE","Raw FI6"
0.62,0.62,2,"SHARE","Raw FI6"
0.64,0.62,5,"SHARE","Raw FI6"
0.66,0.62,4,"SHARE","Raw FI6"
0.68,0.62,6,"SHARE","Raw FI6"
0.7,0.62,2,"SHARE","Raw FI6"
0.64,0.64,7,"SHARE","Raw FI6"
0.68,0.64,11,"SHARE","Raw FI6"
0.58,0.66,1,"SHARE","Raw FI6"
0.62,0.66,3,"SHARE","Raw FI6"
0.64,0.66,1,"SHARE","Raw FI6"
0.68,0.66,2,"SHARE","Raw FI6"
0.62,0.68,4,"SHARE","Raw FI6"
0.6,0.7,1,"SHARE","Raw FI6"
0.6,0.74,1,"SHARE","Raw FI6"
0.38,-0.36,1,"SHARE","Training-mapped FI6"
0.4,-0.36,1,"SHARE","Training-mapped FI6"
0.66,-0.34,1,"SHARE","Training-mapped FI6"
0.64,-0.32,1,"SHARE","Training-mapped FI6"
0.7,-0.32,1,"SHARE","Training-mapped FI6"
0.72,-0.32,4,"SHARE","Training-mapped FI6"
0.72,-0.3,2,"SHARE","Training-mapped FI6"
0.3,-0.28,1,"SHARE","Training-mapped FI6"
0.62,-0.28,1,"SHARE","Training-mapped FI6"
0.7,-0.28,9,"SHARE","Training-mapped FI6"
0.72,-0.28,4,"SHARE","Training-mapped FI6"
0.28,-0.26,1,"SHARE","Training-mapped FI6"
0.44,-0.26,1,"SHARE","Training-mapped FI6"
0.52,-0.26,1,"SHARE","Training-mapped FI6"
0.54,-0.26,1,"SHARE","Training-mapped FI6"
0.62,-0.26,1,"SHARE","Training-mapped FI6"
0.68,-0.26,1,"SHARE","Training-mapped FI6"
0.7,-0.26,7,"SHARE","Training-mapped FI6"
0.28,-0.24,1,"SHARE","Training-mapped FI6"
0.34,-0.24,1,"SHARE","Training-mapped FI6"
0.4,-0.24,1,"SHARE","Training-mapped FI6"
0.44,-0.24,3,"SHARE","Training-mapped FI6"
0.52,-0.24,1,"SHARE","Training-mapped FI6"
0.68,-0.24,12,"SHARE","Training-mapped FI6"
0.7,-0.24,5,"SHARE","Training-mapped FI6"
0.22,-0.22,3,"SHARE","Training-mapped FI6"
0.24,-0.22,3,"SHARE","Training-mapped FI6"
0.26,-0.22,1,"SHARE","Training-mapped FI6"
0.32,-0.22,1,"SHARE","Training-mapped FI6"
0.34,-0.22,1,"SHARE","Training-mapped FI6"
0.42,-0.22,1,"SHARE","Training-mapped FI6"
0.5,-0.22,1,"SHARE","Training-mapped FI6"
0.52,-0.22,3,"SHARE","Training-mapped FI6"
0.6,-0.22,4,"SHARE","Training-mapped FI6"
0.64,-0.22,2,"SHARE","Training-mapped FI6"
0.66,-0.22,1,"SHARE","Training-mapped FI6"
0.68,-0.22,15,"SHARE","Training-mapped FI6"
0.24,-0.2,1,"SHARE","Training-mapped FI6"
0.32,-0.2,3,"SHARE","Training-mapped FI6"
0.34,-0.2,1,"SHARE","Training-mapped FI6"
0.4,-0.2,1,"SHARE","Training-mapped FI6"
0.42,-0.2,1,"SHARE","Training-mapped FI6"
0.48,-0.2,2,"SHARE","Training-mapped FI6"
0.5,-0.2,3,"SHARE","Training-mapped FI6"
0.54,-0.2,1,"SHARE","Training-mapped FI6"
0.56,-0.2,1,"SHARE","Training-mapped FI6"
0.58,-0.2,1,"SHARE","Training-mapped FI6"
0.62,-0.2,1,"SHARE","Training-mapped FI6"
0.64,-0.2,2,"SHARE","Training-mapped FI6"
0.66,-0.2,9,"SHARE","Training-mapped FI6"
0.68,-0.2,8,"SHARE","Training-mapped FI6"
0.2,-0.18,3,"SHARE","Training-mapped FI6"
0.22,-0.18,3,"SHARE","Training-mapped FI6"
0.24,-0.18,4,"SHARE","Training-mapped FI6"
0.3,-0.18,1,"SHARE","Training-mapped FI6"
0.32,-0.18,1,"SHARE","Training-mapped FI6"
0.36,-0.18,1,"SHARE","Training-mapped FI6"
0.38,-0.18,1,"SHARE","Training-mapped FI6"
0.4,-0.18,3,"SHARE","Training-mapped FI6"
0.42,-0.18,2,"SHARE","Training-mapped FI6"
0.46,-0.18,2,"SHARE","Training-mapped FI6"
0.48,-0.18,1,"SHARE","Training-mapped FI6"
0.5,-0.18,4,"SHARE","Training-mapped FI6"
0.54,-0.18,1,"SHARE","Training-mapped FI6"
0.56,-0.18,1,"SHARE","Training-mapped FI6"
0.58,-0.18,8,"SHARE","Training-mapped FI6"
0.62,-0.18,2,"SHARE","Training-mapped FI6"
0.64,-0.18,6,"SHARE","Training-mapped FI6"
0.66,-0.18,24,"SHARE","Training-mapped FI6"
0.16,-0.16,3,"SHARE","Training-mapped FI6"
0.18,-0.16,2,"SHARE","Training-mapped FI6"
0.2,-0.16,4,"SHARE","Training-mapped FI6"
0.22,-0.16,7,"SHARE","Training-mapped FI6"
0.24,-0.16,3,"SHARE","Training-mapped FI6"
0.26,-0.16,2,"SHARE","Training-mapped FI6"
0.28,-0.16,2,"SHARE","Training-mapped FI6"
0.3,-0.16,4,"SHARE","Training-mapped FI6"
0.32,-0.16,5,"SHARE","Training-mapped FI6"
0.36,-0.16,2,"SHARE","Training-mapped FI6"
0.38,-0.16,3,"SHARE","Training-mapped FI6"
0.4,-0.16,6,"SHARE","Training-mapped FI6"
0.46,-0.16,2,"SHARE","Training-mapped FI6"
0.48,-0.16,4,"SHARE","Training-mapped FI6"
0.54,-0.16,1,"SHARE","Training-mapped FI6"
0.56,-0.16,9,"SHARE","Training-mapped FI6"
0.58,-0.16,3,"SHARE","Training-mapped FI6"
0.6,-0.16,1,"SHARE","Training-mapped FI6"
0.62,-0.16,3,"SHARE","Training-mapped FI6"
0.64,-0.16,16,"SHARE","Training-mapped FI6"
0.66,-0.16,10,"SHARE","Training-mapped FI6"
0.14,-0.14,1,"SHARE","Training-mapped FI6"
0.16,-0.14,3,"SHARE","Training-mapped FI6"
0.18,-0.14,12,"SHARE","Training-mapped FI6"
0.2,-0.14,9,"SHARE","Training-mapped FI6"
0.24,-0.14,2,"SHARE","Training-mapped FI6"
0.26,-0.14,2,"SHARE","Training-mapped FI6"
0.28,-0.14,6,"SHARE","Training-mapped FI6"
0.3,-0.14,6,"SHARE","Training-mapped FI6"
0.34,-0.14,3,"SHARE","Training-mapped FI6"
0.36,-0.14,5,"SHARE","Training-mapped FI6"
0.38,-0.14,4,"SHARE","Training-mapped FI6"
0.44,-0.14,2,"SHARE","Training-mapped FI6"
0.46,-0.14,3,"SHARE","Training-mapped FI6"
0.48,-0.14,2,"SHARE","Training-mapped FI6"
0.52,-0.14,3,"SHARE","Training-mapped FI6"
0.54,-0.14,5,"SHARE","Training-mapped FI6"
0.56,-0.14,6,"SHARE","Training-mapped FI6"
0.62,-0.14,9,"SHARE","Training-mapped FI6"
0.64,-0.14,27,"SHARE","Training-mapped FI6"
0.12,-0.12,3,"SHARE","Training-mapped FI6"
0.14,-0.12,2,"SHARE","Training-mapped FI6"
0.16,-0.12,21,"SHARE","Training-mapped FI6"
0.18,-0.12,14,"SHARE","Training-mapped FI6"
0.2,-0.12,18,"SHARE","Training-mapped FI6"
0.22,-0.12,7,"SHARE","Training-mapped FI6"
0.24,-0.12,1,"SHARE","Training-mapped FI6"
0.26,-0.12,8,"SHARE","Training-mapped FI6"
0.28,-0.12,19,"SHARE","Training-mapped FI6"
0.3,-0.12,5,"SHARE","Training-mapped FI6"
0.32,-0.12,1,"SHARE","Training-mapped FI6"
0.34,-0.12,1,"SHARE","Training-mapped FI6"
0.36,-0.12,5,"SHARE","Training-mapped FI6"
0.38,-0.12,5,"SHARE","Training-mapped FI6"
0.42,-0.12,1,"SHARE","Training-mapped FI6"
0.44,-0.12,8,"SHARE","Training-mapped FI6"
0.46,-0.12,7,"SHARE","Training-mapped FI6"
0.52,-0.12,3,"SHARE","Training-mapped FI6"
0.54,-0.12,9,"SHARE","Training-mapped FI6"
0.56,-0.12,3,"SHARE","Training-mapped FI6"
0.58,-0.12,1,"SHARE","Training-mapped FI6"
0.6,-0.12,5,"SHARE","Training-mapped FI6"
0.62,-0.12,26,"SHARE","Training-mapped FI6"
0.64,-0.12,13,"SHARE","Training-mapped FI6"
0.12,-0.1,3,"SHARE","Training-mapped FI6"
0.14,-0.1,9,"SHARE","Training-mapped FI6"
0.16,-0.1,31,"SHARE","Training-mapped FI6"
0.18,-0.1,30,"SHARE","Training-mapped FI6"
0.2,-0.1,4,"SHARE","Training-mapped FI6"
0.24,-0.1,12,"SHARE","Training-mapped FI6"
0.26,-0.1,19,"SHARE","Training-mapped FI6"
0.28,-0.1,8,"SHARE","Training-mapped FI6"
0.32,-0.1,1,"SHARE","Training-mapped FI6"
0.34,-0.1,11,"SHARE","Training-mapped FI6"
0.36,-0.1,11,"SHARE","Training-mapped FI6"
0.38,-0.1,1,"SHARE","Training-mapped FI6"
0.42,-0.1,2,"SHARE","Training-mapped FI6"
0.44,-0.1,8,"SHARE","Training-mapped FI6"
0.46,-0.1,10,"SHARE","Training-mapped FI6"
0.5,-0.1,5,"SHARE","Training-mapped FI6"
0.52,-0.1,3,"SHARE","Training-mapped FI6"
0.54,-0.1,21,"SHARE","Training-mapped FI6"
0.58,-0.1,1,"SHARE","Training-mapped FI6"
0.6,-0.1,8,"SHARE","Training-mapped FI6"
0.62,-0.1,45,"SHARE","Training-mapped FI6"
0.1,-0.08,11,"SHARE","Training-mapped FI6"
0.12,-0.08,20,"SHARE","Training-mapped FI6"
0.14,-0.08,60,"SHARE","Training-mapped FI6"
0.16,-0.08,24,"SHARE","Training-mapped FI6"
0.18,-0.08,42,"SHARE","Training-mapped FI6"
0.2,-0.08,8,"SHARE","Training-mapped FI6"
0.22,-0.08,9,"SHARE","Training-mapped FI6"
0.24,-0.08,20,"SHARE","Training-mapped FI6"
0.26,-0.08,12,"SHARE","Training-mapped FI6"
0.28,-0.08,9,"SHARE","Training-mapped FI6"
0.32,-0.08,8,"SHARE","Training-mapped FI6"
0.34,-0.08,23,"SHARE","Training-mapped FI6"
0.36,-0.08,9,"SHARE","Training-mapped FI6"
0.4,-0.08,7,"SHARE","Training-mapped FI6"
0.42,-0.08,10,"SHARE","Training-mapped FI6"
0.44,-0.08,12,"SHARE","Training-mapped FI6"
0.48,-0.08,2,"SHARE","Training-mapped FI6"
0.5,-0.08,8,"SHARE","Training-mapped FI6"
0.52,-0.08,17,"SHARE","Training-mapped FI6"
0.54,-0.08,6,"SHARE","Training-mapped FI6"
0.56,-0.08,1,"SHARE","Training-mapped FI6"
0.58,-0.08,6,"SHARE","Training-mapped FI6"
0.6,-0.08,27,"SHARE","Training-mapped FI6"
0.62,-0.08,14,"SHARE","Training-mapped FI6"
0.1,-0.06,21,"SHARE","Training-mapped FI6"
0.12,-0.06,35,"SHARE","Training-mapped FI6"
0.14,-0.06,123,"SHARE","Training-mapped FI6"
0.16,-0.06,76,"SHARE","Training-mapped FI6"
0.18,-0.06,14,"SHARE","Training-mapped FI6"
0.2,-0.06,5,"SHARE","Training-mapped FI6"
0.22,-0.06,17,"SHARE","Training-mapped FI6"
0.24,-0.06,46,"SHARE","Training-mapped FI6"
0.26,-0.06,16,"SHARE","Training-mapped FI6"
0.3,-0.06,6,"SHARE","Training-mapped FI6"
0.32,-0.06,18,"SHARE","Training-mapped FI6"
0.34,-0.06,20,"SHARE","Training-mapped FI6"
0.36,-0.06,2,"SHARE","Training-mapped FI6"
0.38,-0.06,4,"SHARE","Training-mapped FI6"
0.4,-0.06,7,"SHARE","Training-mapped FI6"
0.42,-0.06,18,"SHARE","Training-mapped FI6"
0.44,-0.06,12,"SHARE","Training-mapped FI6"
0.46,-0.06,1,"SHARE","Training-mapped FI6"
0.48,-0.06,4,"SHARE","Training-mapped FI6"
0.5,-0.06,8,"SHARE","Training-mapped FI6"
0.52,-0.06,22,"SHARE","Training-mapped FI6"
0.56,-0.06,2,"SHARE","Training-mapped FI6"
0.58,-0.06,6,"SHARE","Training-mapped FI6"
0.6,-0.06,32,"SHARE","Training-mapped FI6"
0.08,-0.04,23,"SHARE","Training-mapped FI6"
0.1,-0.04,55,"SHARE","Training-mapped FI6"
0.12,-0.04,158,"SHARE","Training-mapped FI6"
0.14,-0.04,62,"SHARE","Training-mapped FI6"
0.16,-0.04,85,"SHARE","Training-mapped FI6"
0.18,-0.04,19,"SHARE","Training-mapped FI6"
0.2,-0.04,32,"SHARE","Training-mapped FI6"
0.22,-0.04,47,"SHARE","Training-mapped FI6"
0.24,-0.04,38,"SHARE","Training-mapped FI6"
0.26,-0.04,26,"SHARE","Training-mapped FI6"
0.28,-0.04,1,"SHARE","Training-mapped FI6"
0.3,-0.04,14,"SHARE","Training-mapped FI6"
0.32,-0.04,36,"SHARE","Training-mapped FI6"
0.34,-0.04,22,"SHARE","Training-mapped FI6"
0.38,-0.04,8,"SHARE","Training-mapped FI6"
0.4,-0.04,21,"SHARE","Training-mapped FI6"
0.42,-0.04,32,"SHARE","Training-mapped FI6"
0.44,-0.04,1,"SHARE","Training-mapped FI6"
0.46,-0.04,2,"SHARE","Training-mapped FI6"
0.48,-0.04,16,"SHARE","Training-mapped FI6"
0.5,-0.04,23,"SHARE","Training-mapped FI6"
0.52,-0.04,3,"SHARE","Training-mapped FI6"
0.54,-0.04,1,"SHARE","Training-mapped FI6"
0.56,-0.04,10,"SHARE","Training-mapped FI6"
0.58,-0.04,23,"SHARE","Training-mapped FI6"
0.6,-0.04,5,"SHARE","Training-mapped FI6"
0.08,-0.02,44,"SHARE","Training-mapped FI6"
0.1,-0.02,89,"SHARE","Training-mapped FI6"
0.12,-0.02,267,"SHARE","Training-mapped FI6"
0.14,-0.02,150,"SHARE","Training-mapped FI6"
0.16,-0.02,11,"SHARE","Training-mapped FI6"
0.18,-0.02,10,"SHARE","Training-mapped FI6"
0.2,-0.02,65,"SHARE","Training-mapped FI6"
0.22,-0.02,73,"SHARE","Training-mapped FI6"
0.24,-0.02,19,"SHARE","Training-mapped FI6"
0.26,-0.02,3,"SHARE","Training-mapped FI6"
0.28,-0.02,17,"SHARE","Training-mapped FI6"
0.3,-0.02,55,"SHARE","Training-mapped FI6"
0.32,-0.02,26,"SHARE","Training-mapped FI6"
0.34,-0.02,5,"SHARE","Training-mapped FI6"
0.36,-0.02,6,"SHARE","Training-mapped FI6"
0.38,-0.02,13,"SHARE","Training-mapped FI6"
0.4,-0.02,29,"SHARE","Training-mapped FI6"
0.42,-0.02,16,"SHARE","Training-mapped FI6"
0.44,-0.02,1,"SHARE","Training-mapped FI6"
0.46,-0.02,11,"SHARE","Training-mapped FI6"
0.48,-0.02,23,"SHARE","Training-mapped FI6"
0.5,-0.02,25,"SHARE","Training-mapped FI6"
0.54,-0.02,2,"SHARE","Training-mapped FI6"
0.56,-0.02,11,"SHARE","Training-mapped FI6"
0.58,-0.02,39,"SHARE","Training-mapped FI6"
0.06,0,53,"SHARE","Training-mapped FI6"
0.08,0,145,"SHARE","Training-mapped FI6"
0.1,0,326,"SHARE","Training-mapped FI6"
0.12,0,125,"SHARE","Training-mapped FI6"
0.14,0,136,"SHARE","Training-mapped FI6"
0.16,0,23,"SHARE","Training-mapped FI6"
0.18,0,45,"SHARE","Training-mapped FI6"
0.2,0,80,"SHARE","Training-mapped FI6"
0.22,0,69,"SHARE","Training-mapped FI6"
0.24,0,19,"SHARE","Training-mapped FI6"
0.26,0,3,"SHARE","Training-mapped FI6"
0.28,0,42,"SHARE","Training-mapped FI6"
0.3,0,64,"SHARE","Training-mapped FI6"
0.32,0,30,"SHARE","Training-mapped FI6"
0.34,0,3,"SHARE","Training-mapped FI6"
0.36,0,13,"SHARE","Training-mapped FI6"
0.38,0,38,"SHARE","Training-mapped FI6"
0.4,0,31,"SHARE","Training-mapped FI6"
0.42,0,1,"SHARE","Training-mapped FI6"
0.44,0,8,"SHARE","Training-mapped FI6"
0.46,0,28,"SHARE","Training-mapped FI6"
0.48,0,14,"SHARE","Training-mapped FI6"
0.5,0,1,"SHARE","Training-mapped FI6"
0.52,0,3,"SHARE","Training-mapped FI6"
0.54,0,8,"SHARE","Training-mapped FI6"
0.56,0,33,"SHARE","Training-mapped FI6"
0.58,0,12,"SHARE","Training-mapped FI6"
0.06,0.02,83,"SHARE","Training-mapped FI6"
0.08,0.02,192,"SHARE","Training-mapped FI6"
0.1,0.02,361,"SHARE","Training-mapped FI6"
0.12,0.02,173,"SHARE","Training-mapped FI6"
0.14,0.02,29,"SHARE","Training-mapped FI6"
0.16,0.02,33,"SHARE","Training-mapped FI6"
0.18,0.02,129,"SHARE","Training-mapped FI6"
0.2,0.02,110,"SHARE","Training-mapped FI6"
0.22,0.02,23,"SHARE","Training-mapped FI6"
0.24,0.02,5,"SHARE","Training-mapped FI6"
0.26,0.02,34,"SHARE","Training-mapped FI6"
0.28,0.02,65,"SHARE","Training-mapped FI6"
0.3,0.02,41,"SHARE","Training-mapped FI6"
0.32,0.02,10,"SHARE","Training-mapped FI6"
0.34,0.02,18,"SHARE","Training-mapped FI6"
0.36,0.02,14,"SHARE","Training-mapped FI6"
0.38,0.02,41,"SHARE","Training-mapped FI6"
0.4,0.02,36,"SHARE","Training-mapped FI6"
0.42,0.02,2,"SHARE","Training-mapped FI6"
0.44,0.02,13,"SHARE","Training-mapped FI6"
0.46,0.02,24,"SHARE","Training-mapped FI6"
0.48,0.02,38,"SHARE","Training-mapped FI6"
0.5,0.02,1,"SHARE","Training-mapped FI6"
0.52,0.02,4,"SHARE","Training-mapped FI6"
0.54,0.02,15,"SHARE","Training-mapped FI6"
0.56,0.02,44,"SHARE","Training-mapped FI6"
0.04,0.04,25,"SHARE","Training-mapped FI6"
0.06,0.04,109,"SHARE","Training-mapped FI6"
0.08,0.04,263,"SHARE","Training-mapped FI6"
0.1,0.04,135,"SHARE","Training-mapped FI6"
0.12,0.04,106,"SHARE","Training-mapped FI6"
0.14,0.04,35,"SHARE","Training-mapped FI6"
0.16,0.04,77,"SHARE","Training-mapped FI6"
0.18,0.04,122,"SHARE","Training-mapped FI6"
0.2,0.04,93,"SHARE","Training-mapped FI6"
0.22,0.04,16,"SHARE","Training-mapped FI6"
0.24,0.04,8,"SHARE","Training-mapped FI6"
0.26,0.04,49,"SHARE","Training-mapped FI6"
0.28,0.04,96,"SHARE","Training-mapped FI6"
0.3,0.04,33,"SHARE","Training-mapped FI6"
0.32,0.04,4,"SHARE","Training-mapped FI6"
0.34,0.04,24,"SHARE","Training-mapped FI6"
0.36,0.04,46,"SHARE","Training-mapped FI6"
0.38,0.04,55,"SHARE","Training-mapped FI6"
0.4,0.04,2,"SHARE","Training-mapped FI6"
0.42,0.04,11,"SHARE","Training-mapped FI6"
0.44,0.04,35,"SHARE","Training-mapped FI6"
0.46,0.04,30,"SHARE","Training-mapped FI6"
0.48,0.04,19,"SHARE","Training-mapped FI6"
0.5,0.04,3,"SHARE","Training-mapped FI6"
0.52,0.04,10,"SHARE","Training-mapped FI6"
0.54,0.04,33,"SHARE","Training-mapped FI6"
0.56,0.04,14,"SHARE","Training-mapped FI6"
0.06,0.06,29,"SHARE","Training-mapped FI6"
0.08,0.06,119,"SHARE","Training-mapped FI6"
0.1,0.06,94,"SHARE","Training-mapped FI6"
0.12,0.06,19,"SHARE","Training-mapped FI6"
0.14,0.06,51,"SHARE","Training-mapped FI6"
0.16,0.06,139,"SHARE","Training-mapped FI6"
0.18,0.06,111,"SHARE","Training-mapped FI6"
0.2,0.06,18,"SHARE","Training-mapped FI6"
0.22,0.06,16,"SHARE","Training-mapped FI6"
0.24,0.06,50,"SHARE","Training-mapped FI6"
0.26,0.06,96,"SHARE","Training-mapped FI6"
0.28,0.06,50,"SHARE","Training-mapped FI6"
0.3,0.06,14,"SHARE","Training-mapped FI6"
0.32,0.06,21,"SHARE","Training-mapped FI6"
0.34,0.06,20,"SHARE","Training-mapped FI6"
0.36,0.06,46,"SHARE","Training-mapped FI6"
0.38,0.06,37,"SHARE","Training-mapped FI6"
0.4,0.06,6,"SHARE","Training-mapped FI6"
0.42,0.06,17,"SHARE","Training-mapped FI6"
0.44,0.06,33,"SHARE","Training-mapped FI6"
0.46,0.06,36,"SHARE","Training-mapped FI6"
0.5,0.06,4,"SHARE","Training-mapped FI6"
0.52,0.06,7,"SHARE","Training-mapped FI6"
0.54,0.06,33,"SHARE","Training-mapped FI6"
0.06,0.08,1,"SHARE","Training-mapped FI6"
0.08,0.08,9,"SHARE","Training-mapped FI6"
0.1,0.08,28,"SHARE","Training-mapped FI6"
0.12,0.08,22,"SHARE","Training-mapped FI6"
0.14,0.08,67,"SHARE","Training-mapped FI6"
0.16,0.08,120,"SHARE","Training-mapped FI6"
0.18,0.08,85,"SHARE","Training-mapped FI6"
0.2,0.08,11,"SHARE","Training-mapped FI6"
0.22,0.08,19,"SHARE","Training-mapped FI6"
0.24,0.08,80,"SHARE","Training-mapped FI6"
0.26,0.08,119,"SHARE","Training-mapped FI6"
0.28,0.08,35,"SHARE","Training-mapped FI6"
0.3,0.08,1,"SHARE","Training-mapped FI6"
0.32,0.08,36,"SHARE","Training-mapped FI6"
0.34,0.08,76,"SHARE","Training-mapped FI6"
0.36,0.08,45,"SHARE","Training-mapped FI6"
0.38,0.08,1,"SHARE","Training-mapped FI6"
0.4,0.08,15,"SHARE","Training-mapped FI6"
0.42,0.08,51,"SHARE","Training-mapped FI6"
0.44,0.08,35,"SHARE","Training-mapped FI6"
0.46,0.08,13,"SHARE","Training-mapped FI6"
0.48,0.08,3,"SHARE","Training-mapped FI6"
0.5,0.08,16,"SHARE","Training-mapped FI6"
0.52,0.08,21,"SHARE","Training-mapped FI6"
0.54,0.08,10,"SHARE","Training-mapped FI6"
0.08,0.1,2,"SHARE","Training-mapped FI6"
0.1,0.1,3,"SHARE","Training-mapped FI6"
0.12,0.1,19,"SHARE","Training-mapped FI6"
0.14,0.1,86,"SHARE","Training-mapped FI6"
0.16,0.1,64,"SHARE","Training-mapped FI6"
0.18,0.1,13,"SHARE","Training-mapped FI6"
0.2,0.1,16,"SHARE","Training-mapped FI6"
0.22,0.1,77,"SHARE","Training-mapped FI6"
0.24,0.1,108,"SHARE","Training-mapped FI6"
0.26,0.1,59,"SHARE","Training-mapped FI6"
0.28,0.1,14,"SHARE","Training-mapped FI6"
0.3,0.1,26,"SHARE","Training-mapped FI6"
0.32,0.1,33,"SHARE","Training-mapped FI6"
0.34,0.1,73,"SHARE","Training-mapped FI6"
0.36,0.1,21,"SHARE","Training-mapped FI6"
0.38,0.1,4,"SHARE","Training-mapped FI6"
0.4,0.1,26,"SHARE","Training-mapped FI6"
0.42,0.1,44,"SHARE","Training-mapped FI6"
0.44,0.1,37,"SHARE","Training-mapped FI6"
0.46,0.1,1,"SHARE","Training-mapped FI6"
0.48,0.1,5,"SHARE","Training-mapped FI6"
0.5,0.1,15,"SHARE","Training-mapped FI6"
0.52,0.1,24,"SHARE","Training-mapped FI6"
0.1,0.12,1,"SHARE","Training-mapped FI6"
0.12,0.12,5,"SHARE","Training-mapped FI6"
0.14,0.12,21,"SHARE","Training-mapped FI6"
0.16,0.12,34,"SHARE","Training-mapped FI6"
0.18,0.12,7,"SHARE","Training-mapped FI6"
0.2,0.12,24,"SHARE","Training-mapped FI6"
0.22,0.12,98,"SHARE","Training-mapped FI6"
0.24,0.12,87,"SHARE","Training-mapped FI6"
0.26,0.12,13,"SHARE","Training-mapped FI6"
0.28,0.12,8,"SHARE","Training-mapped FI6"
0.3,0.12,57,"SHARE","Training-mapped FI6"
0.32,0.12,83,"SHARE","Training-mapped FI6"
0.34,0.12,27,"SHARE","Training-mapped FI6"
0.36,0.12,2,"SHARE","Training-mapped FI6"
0.38,0.12,19,"SHARE","Training-mapped FI6"
0.4,0.12,51,"SHARE","Training-mapped FI6"
0.42,0.12,26,"SHARE","Training-mapped FI6"
0.44,0.12,8,"SHARE","Training-mapped FI6"
0.46,0.12,5,"SHARE","Training-mapped FI6"
0.48,0.12,16,"SHARE","Training-mapped FI6"
0.5,0.12,20,"SHARE","Training-mapped FI6"
0.52,0.12,9,"SHARE","Training-mapped FI6"
0.12,0.14,3,"SHARE","Training-mapped FI6"
0.14,0.14,5,"SHARE","Training-mapped FI6"
0.18,0.14,12,"SHARE","Training-mapped FI6"
0.2,0.14,57,"SHARE","Training-mapped FI6"
0.22,0.14,65,"SHARE","Training-mapped FI6"
0.24,0.14,35,"SHARE","Training-mapped FI6"
0.26,0.14,4,"SHARE","Training-mapped FI6"
0.28,0.14,40,"SHARE","Training-mapped FI6"
0.3,0.14,29,"SHARE","Training-mapped FI6"
0.32,0.14,66,"SHARE","Training-mapped FI6"
0.34,0.14,16,"SHARE","Training-mapped FI6"
0.36,0.14,6,"SHARE","Training-mapped FI6"
0.38,0.14,31,"SHARE","Training-mapped FI6"
0.4,0.14,33,"SHARE","Training-mapped FI6"
0.42,0.14,25,"SHARE","Training-mapped FI6"
0.46,0.14,4,"SHARE","Training-mapped FI6"
0.48,0.14,7,"SHARE","Training-mapped FI6"
0.5,0.14,13,"SHARE","Training-mapped FI6"
0.14,0.16,1,"SHARE","Training-mapped FI6"
0.18,0.16,11,"SHARE","Training-mapped FI6"
0.2,0.16,44,"SHARE","Training-mapped FI6"
0.22,0.16,40,"SHARE","Training-mapped FI6"
0.24,0.16,13,"SHARE","Training-mapped FI6"
0.26,0.16,8,"SHARE","Training-mapped FI6"
0.28,0.16,38,"SHARE","Training-mapped FI6"
0.3,0.16,63,"SHARE","Training-mapped FI6"
0.32,0.16,19,"SHARE","Training-mapped FI6"
0.34,0.16,3,"SHARE","Training-mapped FI6"
0.36,0.16,12,"SHARE","Training-mapped FI6"
0.38,0.16,48,"SHARE","Training-mapped FI6"
0.4,0.16,24,"SHARE","Training-mapped FI6"
0.42,0.16,5,"SHARE","Training-mapped FI6"
0.44,0.16,5,"SHARE","Training-mapped FI6"
0.46,0.16,5,"SHARE","Training-mapped FI6"
0.48,0.16,15,"SHARE","Training-mapped FI6"
0.5,0.16,2,"SHARE","Training-mapped FI6"
0.18,0.18,7,"SHARE","Training-mapped FI6"
0.2,0.18,15,"SHARE","Training-mapped FI6"
0.22,0.18,6,"SHARE","Training-mapped FI6"
0.24,0.18,3,"SHARE","Training-mapped FI6"
0.26,0.18,23,"SHARE","Training-mapped FI6"
0.28,0.18,20,"SHARE","Training-mapped FI6"
0.3,0.18,41,"SHARE","Training-mapped FI6"
0.32,0.18,13,"SHARE","Training-mapped FI6"
0.34,0.18,6,"SHARE","Training-mapped FI6"
0.36,0.18,21,"SHARE","Training-mapped FI6"
0.38,0.18,34,"SHARE","Training-mapped FI6"
0.4,0.18,24,"SHARE","Training-mapped FI6"
0.44,0.18,2,"SHARE","Training-mapped FI6"
0.46,0.18,7,"SHARE","Training-mapped FI6"
0.48,0.18,8,"SHARE","Training-mapped FI6"
0.2,0.2,4,"SHARE","Training-mapped FI6"
0.22,0.2,1,"SHARE","Training-mapped FI6"
0.24,0.2,2,"SHARE","Training-mapped FI6"
0.26,0.2,22,"SHARE","Training-mapped FI6"
0.28,0.2,31,"SHARE","Training-mapped FI6"
0.3,0.2,2,"SHARE","Training-mapped FI6"
0.32,0.2,2,"SHARE","Training-mapped FI6"
0.34,0.2,10,"SHARE","Training-mapped FI6"
0.36,0.2,30,"SHARE","Training-mapped FI6"
0.38,0.2,15,"SHARE","Training-mapped FI6"
0.4,0.2,5,"SHARE","Training-mapped FI6"
0.44,0.2,9,"SHARE","Training-mapped FI6"
0.46,0.2,13,"SHARE","Training-mapped FI6"
0.48,0.2,4,"SHARE","Training-mapped FI6"
0.22,0.22,2,"SHARE","Training-mapped FI6"
0.24,0.22,13,"SHARE","Training-mapped FI6"
0.26,0.22,4,"SHARE","Training-mapped FI6"
0.28,0.22,9,"SHARE","Training-mapped FI6"
0.3,0.22,5,"SHARE","Training-mapped FI6"
0.32,0.22,1,"SHARE","Training-mapped FI6"
0.34,0.22,12,"SHARE","Training-mapped FI6"
0.36,0.22,15,"SHARE","Training-mapped FI6"
0.38,0.22,4,"SHARE","Training-mapped FI6"
0.4,0.22,1,"SHARE","Training-mapped FI6"
0.42,0.22,3,"SHARE","Training-mapped FI6"
0.44,0.22,8,"SHARE","Training-mapped FI6"
0.46,0.22,5,"SHARE","Training-mapped FI6"
0.24,0.24,4,"SHARE","Training-mapped FI6"
0.26,0.24,5,"SHARE","Training-mapped FI6"
0.28,0.24,3,"SHARE","Training-mapped FI6"
0.3,0.24,2,"SHARE","Training-mapped FI6"
0.32,0.24,3,"SHARE","Training-mapped FI6"
0.34,0.24,11,"SHARE","Training-mapped FI6"
0.36,0.24,3,"SHARE","Training-mapped FI6"
0.38,0.24,4,"SHARE","Training-mapped FI6"
0.4,0.24,4,"SHARE","Training-mapped FI6"
0.42,0.24,4,"SHARE","Training-mapped FI6"
0.44,0.24,1,"SHARE","Training-mapped FI6"
0.28,0.26,1,"SHARE","Training-mapped FI6"
0.3,0.26,1,"SHARE","Training-mapped FI6"
0.32,0.26,3,"SHARE","Training-mapped FI6"
0.34,0.26,9,"SHARE","Training-mapped FI6"
0.36,0.26,2,"SHARE","Training-mapped FI6"
0.42,0.26,5,"SHARE","Training-mapped FI6"
0.32,0.28,4,"SHARE","Training-mapped FI6"
0.36,0.28,1,"SHARE","Training-mapped FI6"
0.4,0.28,2,"SHARE","Training-mapped FI6"
0.42,0.28,1,"SHARE","Training-mapped FI6"
0.3,0.3,1,"SHARE","Training-mapped FI6"
0.4,0.3,1,"SHARE","Training-mapped FI6"
0.28,0.32,1,"SHARE","Training-mapped FI6"
0.38,0.32,1,"SHARE","Training-mapped FI6"
0.26,-0.28,1,"CHARLS","Raw FI6"
0.26,-0.26,1,"CHARLS","Raw FI6"
0.16,-0.24,1,"CHARLS","Raw FI6"
0.24,-0.24,1,"CHARLS","Raw FI6"
0.16,-0.22,2,"CHARLS","Raw FI6"
0.1,-0.2,1,"CHARLS","Raw FI6"
0.22,-0.2,3,"CHARLS","Raw FI6"
0.28,-0.2,2,"CHARLS","Raw FI6"
0.4,-0.2,1,"CHARLS","Raw FI6"
0.14,-0.18,1,"CHARLS","Raw FI6"
0.16,-0.18,1,"CHARLS","Raw FI6"
0.22,-0.18,1,"CHARLS","Raw FI6"
0.38,-0.18,2,"CHARLS","Raw FI6"
0.08,-0.16,1,"CHARLS","Raw FI6"
0.12,-0.16,1,"CHARLS","Raw FI6"
0.16,-0.16,3,"CHARLS","Raw FI6"
0.2,-0.16,5,"CHARLS","Raw FI6"
0.24,-0.16,2,"CHARLS","Raw FI6"
0.38,-0.16,1,"CHARLS","Raw FI6"
0.42,-0.16,2,"CHARLS","Raw FI6"
0.58,-0.16,1,"CHARLS","Raw FI6"
0.06,-0.14,2,"CHARLS","Raw FI6"
0.08,-0.14,1,"CHARLS","Raw FI6"
0.1,-0.14,2,"CHARLS","Raw FI6"
0.12,-0.14,2,"CHARLS","Raw FI6"
0.16,-0.14,3,"CHARLS","Raw FI6"
0.2,-0.14,11,"CHARLS","Raw FI6"
0.24,-0.14,5,"CHARLS","Raw FI6"
0.4,-0.14,1,"CHARLS","Raw FI6"
0.06,-0.12,3,"CHARLS","Raw FI6"
0.1,-0.12,8,"CHARLS","Raw FI6"
0.14,-0.12,5,"CHARLS","Raw FI6"
0.18,-0.12,12,"CHARLS","Raw FI6"
0.2,-0.12,1,"CHARLS","Raw FI6"
0.22,-0.12,3,"CHARLS","Raw FI6"
0.34,-0.12,2,"CHARLS","Raw FI6"
0.56,-0.12,1,"CHARLS","Raw FI6"
0.04,-0.1,1,"CHARLS","Raw FI6"
0.06,-0.1,3,"CHARLS","Raw FI6"
0.08,-0.1,5,"CHARLS","Raw FI6"
0.1,-0.1,8,"CHARLS","Raw FI6"
0.12,-0.1,1,"CHARLS","Raw FI6"
0.14,-0.1,2,"CHARLS","Raw FI6"
0.18,-0.1,28,"CHARLS","Raw FI6"
0.2,-0.1,1,"CHARLS","Raw FI6"
0.22,-0.1,8,"CHARLS","Raw FI6"
0.34,-0.1,1,"CHARLS","Raw FI6"
0.38,-0.1,2,"CHARLS","Raw FI6"
0.04,-0.08,3,"CHARLS","Raw FI6"
0.08,-0.08,9,"CHARLS","Raw FI6"
0.12,-0.08,11,"CHARLS","Raw FI6"
0.16,-0.08,27,"CHARLS","Raw FI6"
0.18,-0.08,1,"CHARLS","Raw FI6"
0.2,-0.08,8,"CHARLS","Raw FI6"
0.22,-0.08,1,"CHARLS","Raw FI6"
0.24,-0.08,2,"CHARLS","Raw FI6"
0.28,-0.08,1,"CHARLS","Raw FI6"
0.32,-0.08,1,"CHARLS","Raw FI6"
0.34,-0.08,6,"CHARLS","Raw FI6"
0.36,-0.08,1,"CHARLS","Raw FI6"
0.38,-0.08,1,"CHARLS","Raw FI6"
0.54,-0.08,1,"CHARLS","Raw FI6"
0.02,-0.06,1,"CHARLS","Raw FI6"
0.06,-0.06,4,"CHARLS","Raw FI6"
0.08,-0.06,13,"CHARLS","Raw FI6"
0.1,-0.06,4,"CHARLS","Raw FI6"
0.12,-0.06,20,"CHARLS","Raw FI6"
0.16,-0.06,44,"CHARLS","Raw FI6"
0.18,-0.06,1,"CHARLS","Raw FI6"
0.2,-0.06,10,"CHARLS","Raw FI6"
0.24,-0.06,1,"CHARLS","Raw FI6"
0.28,-0.06,1,"CHARLS","Raw FI6"
0.32,-0.06,5,"CHARLS","Raw FI6"
0.36,-0.06,4,"CHARLS","Raw FI6"
0.4,-0.06,1,"CHARLS","Raw FI6"
0.42,-0.06,1,"CHARLS","Raw FI6"
0.54,-0.06,2,"CHARLS","Raw FI6"
0.02,-0.04,1,"CHARLS","Raw FI6"
0.06,-0.04,26,"CHARLS","Raw FI6"
0.1,-0.04,22,"CHARLS","Raw FI6"
0.14,-0.04,68,"CHARLS","Raw FI6"
0.18,-0.04,9,"CHARLS","Raw FI6"
0.2,-0.04,3,"CHARLS","Raw FI6"
0.24,-0.04,2,"CHARLS","Raw FI6"
0.28,-0.04,2,"CHARLS","Raw FI6"
0.3,-0.04,6,"CHARLS","Raw FI6"
0.32,-0.04,1,"CHARLS","Raw FI6"
0.34,-0.04,1,"CHARLS","Raw FI6"
0.36,-0.04,2,"CHARLS","Raw FI6"
0.44,-0.04,1,"CHARLS","Raw FI6"
0.48,-0.04,1,"CHARLS","Raw FI6"
0.04,-0.02,10,"CHARLS","Raw FI6"
0.06,-0.02,18,"CHARLS","Raw FI6"
0.08,-0.02,5,"CHARLS","Raw FI6"
0.1,-0.02,22,"CHARLS","Raw FI6"
0.14,-0.02,66,"CHARLS","Raw FI6"
0.18,-0.02,18,"CHARLS","Raw FI6"
0.22,-0.02,3,"CHARLS","Raw FI6"
0.26,-0.02,3,"CHARLS","Raw FI6"
0.3,-0.02,12,"CHARLS","Raw FI6"
0.34,-0.02,7,"CHARLS","Raw FI6"
0.42,-0.02,1,"CHARLS","Raw FI6"
0.46,-0.02,1,"CHARLS","Raw FI6"
0.52,-0.02,1,"CHARLS","Raw FI6"
0.68,-0.02,3,"CHARLS","Raw FI6"
0.04,0,22,"CHARLS","Raw FI6"
0.08,0,18,"CHARLS","Raw FI6"
0.12,0,96,"CHARLS","Raw FI6"
0.16,0,14,"CHARLS","Raw FI6"
0.18,0,1,"CHARLS","Raw FI6"
0.2,0,3,"CHARLS","Raw FI6"
0.24,0,1,"CHARLS","Raw FI6"
0.26,0,1,"CHARLS","Raw FI6"
0.28,0,10,"CHARLS","Raw FI6"
0.3,0,18,"CHARLS","Raw FI6"
0.32,0,1,"CHARLS","Raw FI6"
0.34,0,4,"CHARLS","Raw FI6"
0.46,0,2,"CHARLS","Raw FI6"
0.5,0,4,"CHARLS","Raw FI6"
0.66,0,1,"CHARLS","Raw FI6"
0.76,0,1,"CHARLS","Raw FI6"
0.84,0,1,"CHARLS","Raw FI6"
0.08,0.02,24,"CHARLS","Raw FI6"
0.12,0.02,110,"CHARLS","Raw FI6"
0.16,0.02,15,"CHARLS","Raw FI6"
0.18,0.02,1,"CHARLS","Raw FI6"
0.2,0.02,4,"CHARLS","Raw FI6"
0.24,0.02,3,"CHARLS","Raw FI6"
0.28,0.02,22,"CHARLS","Raw FI6"
0.32,0.02,6,"CHARLS","Raw FI6"
0.44,0.02,7,"CHARLS","Raw FI6"
0.46,0.02,3,"CHARLS","Raw FI6"
0.48,0.02,5,"CHARLS","Raw FI6"
0.5,0.02,1,"CHARLS","Raw FI6"
0.52,0.02,1,"CHARLS","Raw FI6"
0.54,0.02,2,"CHARLS","Raw FI6"
0.62,0.02,1,"CHARLS","Raw FI6"
0.66,0.02,2,"CHARLS","Raw FI6"
0.06,0.04,14,"CHARLS","Raw FI6"
0.1,0.04,63,"CHARLS","Raw FI6"
0.14,0.04,13,"CHARLS","Raw FI6"
0.16,0.04,2,"CHARLS","Raw FI6"
0.18,0.04,6,"CHARLS","Raw FI6"
0.2,0.04,1,"CHARLS","Raw FI6"
0.22,0.04,4,"CHARLS","Raw FI6"
0.24,0.04,6,"CHARLS","Raw FI6"
0.26,0.04,8,"CHARLS","Raw FI6"
0.28,0.04,23,"CHARLS","Raw FI6"
0.3,0.04,1,"CHARLS","Raw FI6"
0.32,0.04,15,"CHARLS","Raw FI6"
0.36,0.04,3,"CHARLS","Raw FI6"
0.4,0.04,2,"CHARLS","Raw FI6"
0.44,0.04,5,"CHARLS","Raw FI6"
0.48,0.04,4,"CHARLS","Raw FI6"
0.64,0.04,2,"CHARLS","Raw FI6"
0.66,0.04,1,"CHARLS","Raw FI6"
0.74,0.04,1,"CHARLS","Raw FI6"
0.78,0.04,1,"CHARLS","Raw FI6"
0.1,0.06,46,"CHARLS","Raw FI6"
0.14,0.06,12,"CHARLS","Raw FI6"
0.18,0.06,6,"CHARLS","Raw FI6"
0.22,0.06,7,"CHARLS","Raw FI6"
0.26,0.06,34,"CHARLS","Raw FI6"
0.3,0.06,9,"CHARLS","Raw FI6"
0.34,0.06,1,"CHARLS","Raw FI6"
0.38,0.06,1,"CHARLS","Raw FI6"
0.42,0.06,1,"CHARLS","Raw FI6"
0.44,0.06,6,"CHARLS","Raw FI6"
0.46,0.06,2,"CHARLS","Raw FI6"
0.48,0.06,2,"CHARLS","Raw FI6"
0.6,0.06,4,"CHARLS","Raw FI6"
0.64,0.06,1,"CHARLS","Raw FI6"
0.08,0.08,25,"CHARLS","Raw FI6"
0.12,0.08,2,"CHARLS","Raw FI6"
0.14,0.08,4,"CHARLS","Raw FI6"
0.16,0.08,2,"CHARLS","Raw FI6"
0.18,0.08,5,"CHARLS","Raw FI6"
0.2,0.08,5,"CHARLS","Raw FI6"
0.22,0.08,7,"CHARLS","Raw FI6"
0.24,0.08,24,"CHARLS","Raw FI6"
0.26,0.08,23,"CHARLS","Raw FI6"
0.28,0.08,5,"CHARLS","Raw FI6"
0.3,0.08,22,"CHARLS","Raw FI6"
0.34,0.08,3,"CHARLS","Raw FI6"
0.38,0.08,4,"CHARLS","Raw FI6"
0.42,0.08,9,"CHARLS","Raw FI6"
0.46,0.08,3,"CHARLS","Raw FI6"
0.62,0.08,7,"CHARLS","Raw FI6"
0.64,0.08,2,"CHARLS","Raw FI6"
0.76,0.08,1,"CHARLS","Raw FI6"
0.78,0.08,2,"CHARLS","Raw FI6"
0.8,0.08,1,"CHARLS","Raw FI6"
0.16,0.1,9,"CHARLS","Raw FI6"
0.2,0.1,17,"CHARLS","Raw FI6"
0.24,0.1,45,"CHARLS","Raw FI6"
0.28,0.1,17,"CHARLS","Raw FI6"
0.32,0.1,3,"CHARLS","Raw FI6"
0.36,0.1,7,"CHARLS","Raw FI6"
0.4,0.1,8,"CHARLS","Raw FI6"
0.42,0.1,1,"CHARLS","Raw FI6"
0.44,0.1,8,"CHARLS","Raw FI6"
0.46,0.1,1,"CHARLS","Raw FI6"
0.5,0.1,1,"CHARLS","Raw FI6"
0.58,0.1,4,"CHARLS","Raw FI6"
0.62,0.1,6,"CHARLS","Raw FI6"
0.74,0.1,2,"CHARLS","Raw FI6"
0.78,0.1,1,"CHARLS","Raw FI6"
0.14,0.12,4,"CHARLS","Raw FI6"
0.16,0.12,2,"CHARLS","Raw FI6"
0.18,0.12,7,"CHARLS","Raw FI6"
0.2,0.12,6,"CHARLS","Raw FI6"
0.22,0.12,21,"CHARLS","Raw FI6"
0.24,0.12,62,"CHARLS","Raw FI6"
0.26,0.12,4,"CHARLS","Raw FI6"
0.28,0.12,8,"CHARLS","Raw FI6"
0.32,0.12,3,"CHARLS","Raw FI6"
0.4,0.12,17,"CHARLS","Raw FI6"
0.44,0.12,7,"CHARLS","Raw FI6"
0.52,0.12,1,"CHARLS","Raw FI6"
0.56,0.12,6,"CHARLS","Raw FI6"
0.6,0.12,10,"CHARLS","Raw FI6"
0.72,0.12,1,"CHARLS","Raw FI6"
0.78,0.12,4,"CHARLS","Raw FI6"
0.14,0.14,4,"CHARLS","Raw FI6"
0.18,0.14,6,"CHARLS","Raw FI6"
0.22,0.14,55,"CHARLS","Raw FI6"
0.26,0.14,18,"CHARLS","Raw FI6"
0.3,0.14,1,"CHARLS","Raw FI6"
0.34,0.14,2,"CHARLS","Raw FI6"
0.38,0.14,19,"CHARLS","Raw FI6"
0.4,0.14,5,"CHARLS","Raw FI6"
0.42,0.14,14,"CHARLS","Raw FI6"
0.44,0.14,7,"CHARLS","Raw FI6"
0.48,0.14,1,"CHARLS","Raw FI6"
0.52,0.14,1,"CHARLS","Raw FI6"
0.56,0.14,8,"CHARLS","Raw FI6"
0.6,0.14,13,"CHARLS","Raw FI6"
0.68,0.14,1,"CHARLS","Raw FI6"
0.72,0.14,2,"CHARLS","Raw FI6"
0.76,0.14,3,"CHARLS","Raw FI6"
0.88,0.14,1,"CHARLS","Raw FI6"
0.92,0.14,2,"CHARLS","Raw FI6"
0.14,0.16,1,"CHARLS","Raw FI6"
0.16,0.16,1,"CHARLS","Raw FI6"
0.18,0.16,5,"CHARLS","Raw FI6"
0.2,0.16,22,"CHARLS","Raw FI6"
0.22,0.16,35,"CHARLS","Raw FI6"
0.24,0.16,3,"CHARLS","Raw FI6"
0.26,0.16,14,"CHARLS","Raw FI6"
0.28,0.16,1,"CHARLS","Raw FI6"
0.3,0.16,6,"CHARLS","Raw FI6"
0.34,0.16,2,"CHARLS","Raw FI6"
0.36,0.16,1,"CHARLS","Raw FI6"
0.38,0.16,23,"CHARLS","Raw FI6"
0.42,0.16,18,"CHARLS","Raw FI6"
0.46,0.16,2,"CHARLS","Raw FI6"
0.5,0.16,1,"CHARLS","Raw FI6"
0.54,0.16,10,"CHARLS","Raw FI6"
0.58,0.16,10,"CHARLS","Raw FI6"
0.6,0.16,1,"CHARLS","Raw FI6"
0.72,0.16,1,"CHARLS","Raw FI6"
0.76,0.16,6,"CHARLS","Raw FI6"
0.84,0.16,2,"CHARLS","Raw FI6"
0.92,0.16,4,"CHARLS","Raw FI6"
0.16,0.18,5,"CHARLS","Raw FI6"
0.2,0.18,23,"CHARLS","Raw FI6"
0.24,0.18,11,"CHARLS","Raw FI6"
0.28,0.18,4,"CHARLS","Raw FI6"
0.32,0.18,3,"CHARLS","Raw FI6"
0.36,0.18,25,"CHARLS","Raw FI6"
0.38,0.18,11,"CHARLS","Raw FI6"
0.4,0.18,6,"CHARLS","Raw FI6"
0.42,0.18,4,"CHARLS","Raw FI6"
0.46,0.18,1,"CHARLS","Raw FI6"
0.5,0.18,4,"CHARLS","Raw FI6"
0.54,0.18,8,"CHARLS","Raw FI6"
0.58,0.18,10,"CHARLS","Raw FI6"
0.62,0.18,1,"CHARLS","Raw FI6"
0.66,0.18,1,"CHARLS","Raw FI6"
0.7,0.18,4,"CHARLS","Raw FI6"
0.74,0.18,8,"CHARLS","Raw FI6"
0.82,0.18,1,"CHARLS","Raw FI6"
0.86,0.18,3,"CHARLS","Raw FI6"
0.88,0.18,2,"CHARLS","Raw FI6"
0.92,0.18,1,"CHARLS","Raw FI6"
0.18,0.2,2,"CHARLS","Raw FI6"
0.2,0.2,10,"CHARLS","Raw FI6"
0.24,0.2,11,"CHARLS","Raw FI6"
0.28,0.2,1,"CHARLS","Raw FI6"
0.32,0.2,7,"CHARLS","Raw FI6"
0.36,0.2,42,"CHARLS","Raw FI6"
0.4,0.2,17,"CHARLS","Raw FI6"
0.44,0.2,3,"CHARLS","Raw FI6"
0.48,0.2,1,"CHARLS","Raw FI6"
0.5,0.2,1,"CHARLS","Raw FI6"
0.52,0.2,16,"CHARLS","Raw FI6"
0.56,0.2,16,"CHARLS","Raw FI6"
0.58,0.2,3,"CHARLS","Raw FI6"
0.66,0.2,1,"CHARLS","Raw FI6"
0.68,0.2,1,"CHARLS","Raw FI6"
0.7,0.2,2,"CHARLS","Raw FI6"
0.74,0.2,5,"CHARLS","Raw FI6"
0.86,0.2,1,"CHARLS","Raw FI6"
0.9,0.2,7,"CHARLS","Raw FI6"
0.18,0.22,8,"CHARLS","Raw FI6"
0.22,0.22,1,"CHARLS","Raw FI6"
0.24,0.22,1,"CHARLS","Raw FI6"
0.26,0.22,2,"CHARLS","Raw FI6"
0.3,0.22,5,"CHARLS","Raw FI6"
0.34,0.22,38,"CHARLS","Raw FI6"
0.36,0.22,14,"CHARLS","Raw FI6"
0.38,0.22,9,"CHARLS","Raw FI6"
0.4,0.22,9,"CHARLS","Raw FI6"
0.44,0.22,1,"CHARLS","Raw FI6"
0.48,0.22,2,"CHARLS","Raw FI6"
0.52,0.22,21,"CHARLS","Raw FI6"
0.56,0.22,21,"CHARLS","Raw FI6"
0.68,0.22,5,"CHARLS","Raw FI6"
0.72,0.22,8,"CHARLS","Raw FI6"
0.8,0.22,1,"CHARLS","Raw FI6"
0.86,0.22,1,"CHARLS","Raw FI6"
0.88,0.22,4,"CHARLS","Raw FI6"
0.9,0.22,4,"CHARLS","Raw FI6"
0.22,0.24,1,"CHARLS","Raw FI6"
0.26,0.24,2,"CHARLS","Raw FI6"
0.3,0.24,9,"CHARLS","Raw FI6"
0.34,0.24,34,"CHARLS","Raw FI6"
0.38,0.24,22,"CHARLS","Raw FI6"
0.42,0.24,2,"CHARLS","Raw FI6"
0.46,0.24,4,"CHARLS","Raw FI6"
0.5,0.24,13,"CHARLS","Raw FI6"
0.54,0.24,15,"CHARLS","Raw FI6"
0.56,0.24,2,"CHARLS","Raw FI6"
0.62,0.24,1,"CHARLS","Raw FI6"
0.64,0.24,1,"CHARLS","Raw FI6"
0.66,0.24,4,"CHARLS","Raw FI6"
0.68,0.24,1,"CHARLS","Raw FI6"
0.7,0.24,1,"CHARLS","Raw FI6"
0.72,0.24,15,"CHARLS","Raw FI6"
0.84,0.24,2,"CHARLS","Raw FI6"
0.88,0.24,7,"CHARLS","Raw FI6"
0.24,0.26,3,"CHARLS","Raw FI6"
0.28,0.26,7,"CHARLS","Raw FI6"
0.32,0.26,21,"CHARLS","Raw FI6"
0.34,0.26,20,"CHARLS","Raw FI6"
0.36,0.26,6,"CHARLS","Raw FI6"
0.38,0.26,6,"CHARLS","Raw FI6"
0.42,0.26,2,"CHARLS","Raw FI6"
0.46,0.26,3,"CHARLS","Raw FI6"
0.5,0.26,24,"CHARLS","Raw FI6"
0.54,0.26,17,"CHARLS","Raw FI6"
0.66,0.26,9,"CHARLS","Raw FI6"
0.7,0.26,6,"CHARLS","Raw FI6"
0.82,0.26,1,"CHARLS","Raw FI6"
0.84,0.26,1,"CHARLS","Raw FI6"
0.86,0.26,6,"CHARLS","Raw FI6"
0.88,0.26,3,"CHARLS","Raw FI6"
0.24,0.28,2,"CHARLS","Raw FI6"
0.28,0.28,2,"CHARLS","Raw FI6"
0.32,0.28,24,"CHARLS","Raw FI6"
0.36,0.28,15,"CHARLS","Raw FI6"
0.4,0.28,5,"CHARLS","Raw FI6"
0.44,0.28,2,"CHARLS","Raw FI6"
0.48,0.28,28,"CHARLS","Raw FI6"
0.52,0.28,21,"CHARLS","Raw FI6"
0.54,0.28,5,"CHARLS","Raw FI6"
0.56,0.28,1,"CHARLS","Raw FI6"
0.58,0.28,1,"CHARLS","Raw FI6"
0.6,0.28,1,"CHARLS","Raw FI6"
0.62,0.28,1,"CHARLS","Raw FI6"
0.64,0.28,5,"CHARLS","Raw FI6"
0.66,0.28,5,"CHARLS","Raw FI6"
0.7,0.28,4,"CHARLS","Raw FI6"
0.74,0.28,1,"CHARLS","Raw FI6"
0.82,0.28,2,"CHARLS","Raw FI6"
0.86,0.28,19,"CHARLS","Raw FI6"
0.26,0.3,2,"CHARLS","Raw FI6"
0.3,0.3,8,"CHARLS","Raw FI6"
0.32,0.3,5,"CHARLS","Raw FI6"
0.34,0.3,5,"CHARLS","Raw FI6"
0.36,0.3,6,"CHARLS","Raw FI6"
0.38,0.3,2,"CHARLS","Raw FI6"
0.42,0.3,1,"CHARLS","Raw FI6"
0.44,0.3,1,"CHARLS","Raw FI6"
0.48,0.3,29,"CHARLS","Raw FI6"
0.52,0.3,21,"CHARLS","Raw FI6"
0.6,0.3,1,"CHARLS","Raw FI6"
0.64,0.3,10,"CHARLS","Raw FI6"
0.68,0.3,15,"CHARLS","Raw FI6"
0.8,0.3,2,"CHARLS","Raw FI6"
0.84,0.3,6,"CHARLS","Raw FI6"
0.86,0.3,5,"CHARLS","Raw FI6"
0.26,0.32,1,"CHARLS","Raw FI6"
0.3,0.32,8,"CHARLS","Raw FI6"
0.34,0.32,7,"CHARLS","Raw FI6"
0.38,0.32,6,"CHARLS","Raw FI6"
0.42,0.32,2,"CHARLS","Raw FI6"
0.46,0.32,24,"CHARLS","Raw FI6"
0.5,0.32,20,"CHARLS","Raw FI6"
0.54,0.32,1,"CHARLS","Raw FI6"
0.6,0.32,1,"CHARLS","Raw FI6"
0.62,0.32,5,"CHARLS","Raw FI6"
0.64,0.32,10,"CHARLS","Raw FI6"
0.66,0.32,7,"CHARLS","Raw FI6"
0.68,0.32,13,"CHARLS","Raw FI6"
0.76,0.32,1,"CHARLS","Raw FI6"
0.8,0.32,5,"CHARLS","Raw FI6"
0.84,0.32,12,"CHARLS","Raw FI6"
0.28,0.34,1,"CHARLS","Raw FI6"
0.3,0.34,3,"CHARLS","Raw FI6"
0.32,0.34,2,"CHARLS","Raw FI6"
0.34,0.34,2,"CHARLS","Raw FI6"
0.36,0.34,1,"CHARLS","Raw FI6"
0.38,0.34,3,"CHARLS","Raw FI6"
0.42,0.34,6,"CHARLS","Raw FI6"
0.46,0.34,23,"CHARLS","Raw FI6"
0.5,0.34,14,"CHARLS","Raw FI6"
0.58,0.34,1,"CHARLS","Raw FI6"
0.62,0.34,13,"CHARLS","Raw FI6"
0.66,0.34,13,"CHARLS","Raw FI6"
0.7,0.34,1,"CHARLS","Raw FI6"
0.78,0.34,5,"CHARLS","Raw FI6"
0.8,0.34,2,"CHARLS","Raw FI6"
0.82,0.34,5,"CHARLS","Raw FI6"
0.84,0.34,4,"CHARLS","Raw FI6"
0.4,0.36,1,"CHARLS","Raw FI6"
0.44,0.36,30,"CHARLS","Raw FI6"
0.48,0.36,19,"CHARLS","Raw FI6"
0.5,0.36,6,"CHARLS","Raw FI6"
0.52,0.36,1,"CHARLS","Raw FI6"
0.56,0.36,2,"CHARLS","Raw FI6"
0.58,0.36,1,"CHARLS","Raw FI6"
0.6,0.36,5,"CHARLS","Raw FI6"
0.62,0.36,10,"CHARLS","Raw FI6"
0.64,0.36,3,"CHARLS","Raw FI6"
0.66,0.36,14,"CHARLS","Raw FI6"
0.7,0.36,1,"CHARLS","Raw FI6"
0.78,0.36,3,"CHARLS","Raw FI6"
0.82,0.36,19,"CHARLS","Raw FI6"
0.34,0.38,1,"CHARLS","Raw FI6"
0.4,0.38,4,"CHARLS","Raw FI6"
0.44,0.38,28,"CHARLS","Raw FI6"
0.48,0.38,9,"CHARLS","Raw FI6"
0.56,0.38,2,"CHARLS","Raw FI6"
0.6,0.38,14,"CHARLS","Raw FI6"
0.64,0.38,21,"CHARLS","Raw FI6"
0.76,0.38,1,"CHARLS","Raw FI6"
0.78,0.38,1,"CHARLS","Raw FI6"
0.8,0.38,6,"CHARLS","Raw FI6"
0.82,0.38,3,"CHARLS","Raw FI6"
0.38,0.4,3,"CHARLS","Raw FI6"
0.42,0.4,25,"CHARLS","Raw FI6"
0.46,0.4,7,"CHARLS","Raw FI6"
0.48,0.4,1,"CHARLS","Raw FI6"
0.5,0.4,1,"CHARLS","Raw FI6"
0.54,0.4,1,"CHARLS","Raw FI6"
0.58,0.4,3,"CHARLS","Raw FI6"
0.6,0.4,7,"CHARLS","Raw FI6"
0.62,0.4,2,"CHARLS","Raw FI6"
0.64,0.4,9,"CHARLS","Raw FI6"
0.76,0.4,4,"CHARLS","Raw FI6"
0.8,0.4,6,"CHARLS","Raw FI6"
0.42,0.42,7,"CHARLS","Raw FI6"
0.46,0.42,13,"CHARLS","Raw FI6"
0.48,0.42,1,"CHARLS","Raw FI6"
0.58,0.42,10,"CHARLS","Raw FI6"
0.62,0.42,15,"CHARLS","Raw FI6"
0.74,0.42,4,"CHARLS","Raw FI6"
0.76,0.42,2,"CHARLS","Raw FI6"
0.78,0.42,9,"CHARLS","Raw FI6"
0.8,0.42,6,"CHARLS","Raw FI6"
0.4,0.44,6,"CHARLS","Raw FI6"
0.44,0.44,3,"CHARLS","Raw FI6"
0.48,0.44,2,"CHARLS","Raw FI6"
0.52,0.44,1,"CHARLS","Raw FI6"
0.54,0.44,2,"CHARLS","Raw FI6"
0.56,0.44,5,"CHARLS","Raw FI6"
0.58,0.44,10,"CHARLS","Raw FI6"
0.6,0.44,2,"CHARLS","Raw FI6"
0.62,0.44,9,"CHARLS","Raw FI6"
0.74,0.44,4,"CHARLS","Raw FI6"
0.78,0.44,6,"CHARLS","Raw FI6"
0.4,0.46,2,"CHARLS","Raw FI6"
0.44,0.46,7,"CHARLS","Raw FI6"
0.48,0.46,1,"CHARLS","Raw FI6"
0.52,0.46,4,"CHARLS","Raw FI6"
0.56,0.46,14,"CHARLS","Raw FI6"
0.6,0.46,15,"CHARLS","Raw FI6"
0.68,0.46,2,"CHARLS","Raw FI6"
0.72,0.46,2,"CHARLS","Raw FI6"
0.74,0.46,4,"CHARLS","Raw FI6"
0.76,0.46,2,"CHARLS","Raw FI6"
0.78,0.46,5,"CHARLS","Raw FI6"
0.38,0.48,4,"CHARLS","Raw FI6"
0.42,0.48,1,"CHARLS","Raw FI6"
0.44,0.48,1,"CHARLS","Raw FI6"
0.52,0.48,1,"CHARLS","Raw FI6"
0.54,0.48,1,"CHARLS","Raw FI6"
0.56,0.48,8,"CHARLS","Raw FI6"
0.6,0.48,6,"CHARLS","Raw FI6"
0.72,0.48,7,"CHARLS","Raw FI6"
0.76,0.48,10,"CHARLS","Raw FI6"
0.42,0.5,1,"CHARLS","Raw FI6"
0.46,0.5,2,"CHARLS","Raw FI6"
0.54,0.5,8,"CHARLS","Raw FI6"
0.58,0.5,6,"CHARLS","Raw FI6"
0.7,0.5,2,"CHARLS","Raw FI6"
0.72,0.5,3,"CHARLS","Raw FI6"
0.74,0.5,6,"CHARLS","Raw FI6"
0.76,0.5,5,"CHARLS","Raw FI6"
0.42,0.52,1,"CHARLS","Raw FI6"
0.48,0.52,2,"CHARLS","Raw FI6"
0.5,0.52,1,"CHARLS","Raw FI6"
0.52,0.52,2,"CHARLS","Raw FI6"
0.54,0.52,4,"CHARLS","Raw FI6"
0.56,0.52,1,"CHARLS","Raw FI6"
0.58,0.52,6,"CHARLS","Raw FI6"
0.7,0.52,4,"CHARLS","Raw FI6"
0.74,0.52,6,"CHARLS","Raw FI6"
0.52,0.54,2,"CHARLS","Raw FI6"
0.56,0.54,7,"CHARLS","Raw FI6"
0.64,0.54,1,"CHARLS","Raw FI6"
0.68,0.54,3,"CHARLS","Raw FI6"
0.7,0.54,2,"CHARLS","Raw FI6"
0.72,0.54,1,"CHARLS","Raw FI6"
0.74,0.54,3,"CHARLS","Raw FI6"
0.52,0.56,3,"CHARLS","Raw FI6"
0.56,0.56,2,"CHARLS","Raw FI6"
0.68,0.56,3,"CHARLS","Raw FI6"
0.72,0.56,7,"CHARLS","Raw FI6"
0.5,0.58,3,"CHARLS","Raw FI6"
0.54,0.58,1,"CHARLS","Raw FI6"
0.68,0.58,2,"CHARLS","Raw FI6"
0.7,0.58,2,"CHARLS","Raw FI6"
0.72,0.58,1,"CHARLS","Raw FI6"
0.66,0.6,2,"CHARLS","Raw FI6"
0.7,0.6,1,"CHARLS","Raw FI6"
0.48,0.62,1,"CHARLS","Raw FI6"
0.68,0.62,1,"CHARLS","Raw FI6"
0.7,0.62,3,"CHARLS","Raw FI6"
0.68,0.64,2,"CHARLS","Raw FI6"
0.66,0.66,1,"CHARLS","Raw FI6"
0.64,0.7,1,"CHARLS","Raw FI6"
0.48,-0.36,1,"CHARLS","Training-mapped FI6"
0.64,-0.36,1,"CHARLS","Training-mapped FI6"
0.58,-0.32,1,"CHARLS","Training-mapped FI6"
0.7,-0.32,1,"CHARLS","Training-mapped FI6"
0.46,-0.3,1,"CHARLS","Training-mapped FI6"
0.54,-0.3,3,"CHARLS","Training-mapped FI6"
0.6,-0.3,1,"CHARLS","Training-mapped FI6"
0.62,-0.3,1,"CHARLS","Training-mapped FI6"
0.7,-0.3,4,"CHARLS","Training-mapped FI6"
0.26,-0.28,1,"CHARLS","Training-mapped FI6"
0.34,-0.28,1,"CHARLS","Training-mapped FI6"
0.44,-0.28,1,"CHARLS","Training-mapped FI6"
0.52,-0.28,1,"CHARLS","Training-mapped FI6"
0.56,-0.28,1,"CHARLS","Training-mapped FI6"
0.6,-0.28,2,"CHARLS","Training-mapped FI6"
0.68,-0.28,2,"CHARLS","Training-mapped FI6"
0.7,-0.28,1,"CHARLS","Training-mapped FI6"
0.26,-0.26,1,"CHARLS","Training-mapped FI6"
0.34,-0.26,2,"CHARLS","Training-mapped FI6"
0.36,-0.26,3,"CHARLS","Training-mapped FI6"
0.44,-0.26,2,"CHARLS","Training-mapped FI6"
0.52,-0.26,2,"CHARLS","Training-mapped FI6"
0.58,-0.26,1,"CHARLS","Training-mapped FI6"
0.6,-0.26,2,"CHARLS","Training-mapped FI6"
0.64,-0.26,2,"CHARLS","Training-mapped FI6"
0.66,-0.26,4,"CHARLS","Training-mapped FI6"
0.68,-0.26,5,"CHARLS","Training-mapped FI6"
0.24,-0.24,1,"CHARLS","Training-mapped FI6"
0.26,-0.24,1,"CHARLS","Training-mapped FI6"
0.32,-0.24,1,"CHARLS","Training-mapped FI6"
0.48,-0.24,1,"CHARLS","Training-mapped FI6"
0.5,-0.24,2,"CHARLS","Training-mapped FI6"
0.52,-0.24,1,"CHARLS","Training-mapped FI6"
0.56,-0.24,2,"CHARLS","Training-mapped FI6"
0.58,-0.24,3,"CHARLS","Training-mapped FI6"
0.6,-0.24,1,"CHARLS","Training-mapped FI6"
0.64,-0.24,2,"CHARLS","Training-mapped FI6"
0.66,-0.24,5,"CHARLS","Training-mapped FI6"
0.68,-0.24,1,"CHARLS","Training-mapped FI6"
0.26,-0.22,1,"CHARLS","Training-mapped FI6"
0.42,-0.22,1,"CHARLS","Training-mapped FI6"
0.5,-0.22,2,"CHARLS","Training-mapped FI6"
0.56,-0.22,2,"CHARLS","Training-mapped FI6"
0.58,-0.22,2,"CHARLS","Training-mapped FI6"
0.62,-0.22,1,"CHARLS","Training-mapped FI6"
0.64,-0.22,1,"CHARLS","Training-mapped FI6"
0.66,-0.22,9,"CHARLS","Training-mapped FI6"
0.18,-0.2,1,"CHARLS","Training-mapped FI6"
0.22,-0.2,3,"CHARLS","Training-mapped FI6"
0.3,-0.2,2,"CHARLS","Training-mapped FI6"
0.32,-0.2,2,"CHARLS","Training-mapped FI6"
0.34,-0.2,1,"CHARLS","Training-mapped FI6"
0.36,-0.2,2,"CHARLS","Training-mapped FI6"
0.38,-0.2,2,"CHARLS","Training-mapped FI6"
0.4,-0.2,2,"CHARLS","Training-mapped FI6"
0.42,-0.2,2,"CHARLS","Training-mapped FI6"
0.46,-0.2,3,"CHARLS","Training-mapped FI6"
0.48,-0.2,8,"CHARLS","Training-mapped FI6"
0.5,-0.2,1,"CHARLS","Training-mapped FI6"
0.54,-0.2,1,"CHARLS","Training-mapped FI6"
0.56,-0.2,7,"CHARLS","Training-mapped FI6"
0.58,-0.2,2,"CHARLS","Training-mapped FI6"
0.6,-0.2,1,"CHARLS","Training-mapped FI6"
0.62,-0.2,1,"CHARLS","Training-mapped FI6"
0.64,-0.2,6,"CHARLS","Training-mapped FI6"
0.66,-0.2,2,"CHARLS","Training-mapped FI6"
0.18,-0.18,2,"CHARLS","Training-mapped FI6"
0.2,-0.18,1,"CHARLS","Training-mapped FI6"
0.22,-0.18,1,"CHARLS","Training-mapped FI6"
0.24,-0.18,3,"CHARLS","Training-mapped FI6"
0.3,-0.18,4,"CHARLS","Training-mapped FI6"
0.32,-0.18,3,"CHARLS","Training-mapped FI6"
0.36,-0.18,1,"CHARLS","Training-mapped FI6"
0.38,-0.18,2,"CHARLS","Training-mapped FI6"
0.4,-0.18,4,"CHARLS","Training-mapped FI6"
0.42,-0.18,1,"CHARLS","Training-mapped FI6"
0.48,-0.18,6,"CHARLS","Training-mapped FI6"
0.52,-0.18,1,"CHARLS","Training-mapped FI6"
0.54,-0.18,4,"CHARLS","Training-mapped FI6"
0.56,-0.18,8,"CHARLS","Training-mapped FI6"
0.62,-0.18,2,"CHARLS","Training-mapped FI6"
0.64,-0.18,16,"CHARLS","Training-mapped FI6"
0.18,-0.16,1,"CHARLS","Training-mapped FI6"
0.2,-0.16,5,"CHARLS","Training-mapped FI6"
0.22,-0.16,4,"CHARLS","Training-mapped FI6"
0.28,-0.16,5,"CHARLS","Training-mapped FI6"
0.3,-0.16,4,"CHARLS","Training-mapped FI6"
0.36,-0.16,7,"CHARLS","Training-mapped FI6"
0.38,-0.16,8,"CHARLS","Training-mapped FI6"
0.44,-0.16,4,"CHARLS","Training-mapped FI6"
0.46,-0.16,10,"CHARLS","Training-mapped FI6"
0.52,-0.16,1,"CHARLS","Training-mapped FI6"
0.54,-0.16,3,"CHARLS","Training-mapped FI6"
0.6,-0.16,2,"CHARLS","Training-mapped FI6"
0.62,-0.16,13,"CHARLS","Training-mapped FI6"
0.64,-0.16,1,"CHARLS","Training-mapped FI6"
0.14,-0.14,1,"CHARLS","Training-mapped FI6"
0.16,-0.14,2,"CHARLS","Training-mapped FI6"
0.18,-0.14,2,"CHARLS","Training-mapped FI6"
0.2,-0.14,10,"CHARLS","Training-mapped FI6"
0.22,-0.14,3,"CHARLS","Training-mapped FI6"
0.26,-0.14,1,"CHARLS","Training-mapped FI6"
0.28,-0.14,5,"CHARLS","Training-mapped FI6"
0.3,-0.14,5,"CHARLS","Training-mapped FI6"
0.36,-0.14,6,"CHARLS","Training-mapped FI6"
0.38,-0.14,4,"CHARLS","Training-mapped FI6"
0.44,-0.14,6,"CHARLS","Training-mapped FI6"
0.46,-0.14,13,"CHARLS","Training-mapped FI6"
0.5,-0.14,1,"CHARLS","Training-mapped FI6"
0.52,-0.14,4,"CHARLS","Training-mapped FI6"
0.54,-0.14,11,"CHARLS","Training-mapped FI6"
0.6,-0.14,2,"CHARLS","Training-mapped FI6"
0.62,-0.14,9,"CHARLS","Training-mapped FI6"
0.14,-0.12,1,"CHARLS","Training-mapped FI6"
0.16,-0.12,3,"CHARLS","Training-mapped FI6"
0.18,-0.12,12,"CHARLS","Training-mapped FI6"
0.2,-0.12,11,"CHARLS","Training-mapped FI6"
0.22,-0.12,2,"CHARLS","Training-mapped FI6"
0.24,-0.12,2,"CHARLS","Training-mapped FI6"
0.26,-0.12,10,"CHARLS","Training-mapped FI6"
0.28,-0.12,5,"CHARLS","Training-mapped FI6"
0.32,-0.12,1,"CHARLS","Training-mapped FI6"
0.34,-0.12,9,"CHARLS","Training-mapped FI6"
0.36,-0.12,3,"CHARLS","Training-mapped FI6"
0.38,-0.12,1,"CHARLS","Training-mapped FI6"
0.4,-0.12,1,"CHARLS","Training-mapped FI6"
0.42,-0.12,8,"CHARLS","Training-mapped FI6"
0.44,-0.12,10,"CHARLS","Training-mapped FI6"
0.46,-0.12,2,"CHARLS","Training-mapped FI6"
0.48,-0.12,1,"CHARLS","Training-mapped FI6"
0.5,-0.12,4,"CHARLS","Training-mapped FI6"
0.52,-0.12,13,"CHARLS","Training-mapped FI6"
0.54,-0.12,5,"CHARLS","Training-mapped FI6"
0.58,-0.12,3,"CHARLS","Training-mapped FI6"
0.6,-0.12,8,"CHARLS","Training-mapped FI6"
0.62,-0.12,6,"CHARLS","Training-mapped FI6"
0.14,-0.1,3,"CHARLS","Training-mapped FI6"
0.16,-0.1,11,"CHARLS","Training-mapped FI6"
0.18,-0.1,22,"CHARLS","Training-mapped FI6"
0.2,-0.1,8,"CHARLS","Training-mapped FI6"
0.22,-0.1,2,"CHARLS","Training-mapped FI6"
0.24,-0.1,2,"CHARLS","Training-mapped FI6"
0.26,-0.1,15,"CHARLS","Training-mapped FI6"
0.28,-0.1,10,"CHARLS","Training-mapped FI6"
0.3,-0.1,1,"CHARLS","Training-mapped FI6"
0.32,-0.1,1,"CHARLS","Training-mapped FI6"
0.34,-0.1,6,"CHARLS","Training-mapped FI6"
0.36,-0.1,3,"CHARLS","Training-mapped FI6"
0.4,-0.1,1,"CHARLS","Training-mapped FI6"
0.42,-0.1,8,"CHARLS","Training-mapped FI6"
0.44,-0.1,11,"CHARLS","Training-mapped FI6"
0.5,-0.1,8,"CHARLS","Training-mapped FI6"
0.52,-0.1,4,"CHARLS","Training-mapped FI6"
0.58,-0.1,6,"CHARLS","Training-mapped FI6"
0.6,-0.1,15,"CHARLS","Training-mapped FI6"
0.1,-0.08,3,"CHARLS","Training-mapped FI6"
0.12,-0.08,7,"CHARLS","Training-mapped FI6"
0.14,-0.08,3,"CHARLS","Training-mapped FI6"
0.16,-0.08,27,"CHARLS","Training-mapped FI6"
0.18,-0.08,12,"CHARLS","Training-mapped FI6"
0.2,-0.08,3,"CHARLS","Training-mapped FI6"
0.22,-0.08,3,"CHARLS","Training-mapped FI6"
0.24,-0.08,24,"CHARLS","Training-mapped FI6"
0.26,-0.08,7,"CHARLS","Training-mapped FI6"
0.28,-0.08,2,"CHARLS","Training-mapped FI6"
0.3,-0.08,5,"CHARLS","Training-mapped FI6"
0.32,-0.08,7,"CHARLS","Training-mapped FI6"
0.34,-0.08,8,"CHARLS","Training-mapped FI6"
0.36,-0.08,5,"CHARLS","Training-mapped FI6"
0.38,-0.08,1,"CHARLS","Training-mapped FI6"
0.4,-0.08,8,"CHARLS","Training-mapped FI6"
0.42,-0.08,20,"CHARLS","Training-mapped FI6"
0.46,-0.08,1,"CHARLS","Training-mapped FI6"
0.48,-0.08,6,"CHARLS","Training-mapped FI6"
0.5,-0.08,9,"CHARLS","Training-mapped FI6"
0.52,-0.08,1,"CHARLS","Training-mapped FI6"
0.54,-0.08,1,"CHARLS","Training-mapped FI6"
0.56,-0.08,6,"CHARLS","Training-mapped FI6"
0.58,-0.08,10,"CHARLS","Training-mapped FI6"
0.6,-0.08,2,"CHARLS","Training-mapped FI6"
0.08,-0.06,1,"CHARLS","Training-mapped FI6"
0.1,-0.06,6,"CHARLS","Training-mapped FI6"
0.12,-0.06,14,"CHARLS","Training-mapped FI6"
0.14,-0.06,10,"CHARLS","Training-mapped FI6"
0.16,-0.06,41,"CHARLS","Training-mapped FI6"
0.18,-0.06,13,"CHARLS","Training-mapped FI6"
0.2,-0.06,2,"CHARLS","Training-mapped FI6"
0.22,-0.06,2,"CHARLS","Training-mapped FI6"
0.24,-0.06,32,"CHARLS","Training-mapped FI6"
0.26,-0.06,14,"CHARLS","Training-mapped FI6"
0.28,-0.06,2,"CHARLS","Training-mapped FI6"
0.3,-0.06,5,"CHARLS","Training-mapped FI6"
0.32,-0.06,17,"CHARLS","Training-mapped FI6"
0.34,-0.06,13,"CHARLS","Training-mapped FI6"
0.36,-0.06,1,"CHARLS","Training-mapped FI6"
0.38,-0.06,5,"CHARLS","Training-mapped FI6"
0.4,-0.06,16,"CHARLS","Training-mapped FI6"
0.42,-0.06,22,"CHARLS","Training-mapped FI6"
0.46,-0.06,1,"CHARLS","Training-mapped FI6"
0.48,-0.06,12,"CHARLS","Training-mapped FI6"
0.5,-0.06,15,"CHARLS","Training-mapped FI6"
0.56,-0.06,1,"CHARLS","Training-mapped FI6"
0.58,-0.06,7,"CHARLS","Training-mapped FI6"
0.08,-0.04,4,"CHARLS","Training-mapped FI6"
0.1,-0.04,9,"CHARLS","Training-mapped FI6"
0.12,-0.04,24,"CHARLS","Training-mapped FI6"
0.14,-0.04,68,"CHARLS","Training-mapped FI6"
0.16,-0.04,18,"CHARLS","Training-mapped FI6"
0.18,-0.04,3,"CHARLS","Training-mapped FI6"
0.2,-0.04,6,"CHARLS","Training-mapped FI6"
0.22,-0.04,29,"CHARLS","Training-mapped FI6"
0.24,-0.04,18,"CHARLS","Training-mapped FI6"
0.26,-0.04,3,"CHARLS","Training-mapped FI6"
0.28,-0.04,2,"CHARLS","Training-mapped FI6"
0.3,-0.04,25,"CHARLS","Training-mapped FI6"
0.32,-0.04,17,"CHARLS","Training-mapped FI6"
0.36,-0.04,2,"CHARLS","Training-mapped FI6"
0.38,-0.04,13,"CHARLS","Training-mapped FI6"
0.4,-0.04,20,"CHARLS","Training-mapped FI6"
0.42,-0.04,1,"CHARLS","Training-mapped FI6"
0.44,-0.04,1,"CHARLS","Training-mapped FI6"
0.46,-0.04,12,"CHARLS","Training-mapped FI6"
0.48,-0.04,16,"CHARLS","Training-mapped FI6"
0.5,-0.04,2,"CHARLS","Training-mapped FI6"
0.54,-0.04,3,"CHARLS","Training-mapped FI6"
0.56,-0.04,11,"CHARLS","Training-mapped FI6"
0.58,-0.04,2,"CHARLS","Training-mapped FI6"
0.08,-0.02,6,"CHARLS","Training-mapped FI6"
0.1,-0.02,20,"CHARLS","Training-mapped FI6"
0.12,-0.02,19,"CHARLS","Training-mapped FI6"
0.14,-0.02,66,"CHARLS","Training-mapped FI6"
0.16,-0.02,15,"CHARLS","Training-mapped FI6"
0.18,-0.02,6,"CHARLS","Training-mapped FI6"
0.2,-0.02,6,"CHARLS","Training-mapped FI6"
0.22,-0.02,39,"CHARLS","Training-mapped FI6"
0.24,-0.02,22,"CHARLS","Training-mapped FI6"
0.26,-0.02,4,"CHARLS","Training-mapped FI6"
0.28,-0.02,1,"CHARLS","Training-mapped FI6"
0.3,-0.02,14,"CHARLS","Training-mapped FI6"
0.32,-0.02,15,"CHARLS","Training-mapped FI6"
0.34,-0.02,3,"CHARLS","Training-mapped FI6"
0.36,-0.02,3,"CHARLS","Training-mapped FI6"
0.38,-0.02,17,"CHARLS","Training-mapped FI6"
0.4,-0.02,19,"CHARLS","Training-mapped FI6"
0.42,-0.02,1,"CHARLS","Training-mapped FI6"
0.44,-0.02,1,"CHARLS","Training-mapped FI6"
0.46,-0.02,13,"CHARLS","Training-mapped FI6"
0.48,-0.02,17,"CHARLS","Training-mapped FI6"
0.5,-0.02,1,"CHARLS","Training-mapped FI6"
0.54,-0.02,6,"CHARLS","Training-mapped FI6"
0.56,-0.02,6,"CHARLS","Training-mapped FI6"
0.08,0,24,"CHARLS","Training-mapped FI6"
0.1,0,27,"CHARLS","Training-mapped FI6"
0.12,0,95,"CHARLS","Training-mapped FI6"
0.14,0,17,"CHARLS","Training-mapped FI6"
0.16,0,7,"CHARLS","Training-mapped FI6"
0.18,0,12,"CHARLS","Training-mapped FI6"
0.2,0,54,"CHARLS","Training-mapped FI6"
0.22,0,11,"CHARLS","Training-mapped FI6"
0.24,0,1,"CHARLS","Training-mapped FI6"
0.26,0,3,"CHARLS","Training-mapped FI6"
0.28,0,43,"CHARLS","Training-mapped FI6"
0.3,0,20,"CHARLS","Training-mapped FI6"
0.32,0,2,"CHARLS","Training-mapped FI6"
0.34,0,4,"CHARLS","Training-mapped FI6"
0.36,0,24,"CHARLS","Training-mapped FI6"
0.38,0,28,"CHARLS","Training-mapped FI6"
0.4,0,2,"CHARLS","Training-mapped FI6"
0.44,0,13,"CHARLS","Training-mapped FI6"
0.46,0,14,"CHARLS","Training-mapped FI6"
0.48,0,3,"CHARLS","Training-mapped FI6"
0.52,0,5,"CHARLS","Training-mapped FI6"
0.54,0,7,"CHARLS","Training-mapped FI6"
0.56,0,3,"CHARLS","Training-mapped FI6"
0.06,0.02,3,"CHARLS","Training-mapped FI6"
0.08,0.02,30,"CHARLS","Training-mapped FI6"
0.1,0.02,17,"CHARLS","Training-mapped FI6"
0.12,0.02,112,"CHARLS","Training-mapped FI6"
0.14,0.02,17,"CHARLS","Training-mapped FI6"
0.16,0.02,6,"CHARLS","Training-mapped FI6"
0.18,0.02,9,"CHARLS","Training-mapped FI6"
0.2,0.02,50,"CHARLS","Training-mapped FI6"
0.22,0.02,16,"CHARLS","Training-mapped FI6"
0.24,0.02,6,"CHARLS","Training-mapped FI6"
0.28,0.02,30,"CHARLS","Training-mapped FI6"
0.3,0.02,12,"CHARLS","Training-mapped FI6"
0.32,0.02,2,"CHARLS","Training-mapped FI6"
0.34,0.02,3,"CHARLS","Training-mapped FI6"
0.36,0.02,21,"CHARLS","Training-mapped FI6"
0.38,0.02,15,"CHARLS","Training-mapped FI6"
0.4,0.02,1,"CHARLS","Training-mapped FI6"
0.42,0.02,1,"CHARLS","Training-mapped FI6"
0.44,0.02,13,"CHARLS","Training-mapped FI6"
0.46,0.02,19,"CHARLS","Training-mapped FI6"
0.5,0.02,1,"CHARLS","Training-mapped FI6"
0.52,0.02,5,"CHARLS","Training-mapped FI6"
0.54,0.02,8,"CHARLS","Training-mapped FI6"
0.06,0.04,11,"CHARLS","Training-mapped FI6"
0.08,0.04,24,"CHARLS","Training-mapped FI6"
0.1,0.04,65,"CHARLS","Training-mapped FI6"
0.12,0.04,11,"CHARLS","Training-mapped FI6"
0.14,0.04,5,"CHARLS","Training-mapped FI6"
0.16,0.04,19,"CHARLS","Training-mapped FI6"
0.18,0.04,73,"CHARLS","Training-mapped FI6"
0.2,0.04,18,"CHARLS","Training-mapped FI6"
0.22,0.04,3,"CHARLS","Training-mapped FI6"
0.24,0.04,8,"CHARLS","Training-mapped FI6"
0.26,0.04,48,"CHARLS","Training-mapped FI6"
0.28,0.04,28,"CHARLS","Training-mapped FI6"
0.3,0.04,2,"CHARLS","Training-mapped FI6"
0.32,0.04,1,"CHARLS","Training-mapped FI6"
0.34,0.04,29,"CHARLS","Training-mapped FI6"
0.36,0.04,27,"CHARLS","Training-mapped FI6"
0.4,0.04,3,"CHARLS","Training-mapped FI6"
0.42,0.04,11,"CHARLS","Training-mapped FI6"
0.44,0.04,11,"CHARLS","Training-mapped FI6"
0.46,0.04,1,"CHARLS","Training-mapped FI6"
0.5,0.04,4,"CHARLS","Training-mapped FI6"
0.52,0.04,9,"CHARLS","Training-mapped FI6"
0.54,0.04,1,"CHARLS","Training-mapped FI6"
0.06,0.06,12,"CHARLS","Training-mapped FI6"
0.08,0.06,16,"CHARLS","Training-mapped FI6"
0.1,0.06,44,"CHARLS","Training-mapped FI6"
0.12,0.06,4,"CHARLS","Training-mapped FI6"
0.14,0.06,7,"CHARLS","Training-mapped FI6"
0.16,0.06,10,"CHARLS","Training-mapped FI6"
0.18,0.06,54,"CHARLS","Training-mapped FI6"
0.2,0.06,13,"CHARLS","Training-mapped FI6"
0.22,0.06,3,"CHARLS","Training-mapped FI6"
0.24,0.06,5,"CHARLS","Training-mapped FI6"
0.26,0.06,47,"CHARLS","Training-mapped FI6"
0.28,0.06,11,"CHARLS","Training-mapped FI6"
0.3,0.06,2,"CHARLS","Training-mapped FI6"
0.32,0.06,3,"CHARLS","Training-mapped FI6"
0.34,0.06,23,"CHARLS","Training-mapped FI6"
0.36,0.06,16,"CHARLS","Training-mapped FI6"
0.38,0.06,1,"CHARLS","Training-mapped FI6"
0.4,0.06,2,"CHARLS","Training-mapped FI6"
0.42,0.06,13,"CHARLS","Training-mapped FI6"
0.44,0.06,15,"CHARLS","Training-mapped FI6"
0.48,0.06,2,"CHARLS","Training-mapped FI6"
0.5,0.06,8,"CHARLS","Training-mapped FI6"
0.52,0.06,7,"CHARLS","Training-mapped FI6"
0.08,0.08,23,"CHARLS","Training-mapped FI6"
0.12,0.08,6,"CHARLS","Training-mapped FI6"
0.14,0.08,6,"CHARLS","Training-mapped FI6"
0.16,0.08,47,"CHARLS","Training-mapped FI6"
0.18,0.08,14,"CHARLS","Training-mapped FI6"
0.2,0.08,2,"CHARLS","Training-mapped FI6"
0.22,0.08,5,"CHARLS","Training-mapped FI6"
0.24,0.08,45,"CHARLS","Training-mapped FI6"
0.26,0.08,13,"CHARLS","Training-mapped FI6"
0.28,0.08,4,"CHARLS","Training-mapped FI6"
0.3,0.08,2,"CHARLS","Training-mapped FI6"
0.32,0.08,17,"CHARLS","Training-mapped FI6"
0.34,0.08,20,"CHARLS","Training-mapped FI6"
0.36,0.08,4,"CHARLS","Training-mapped FI6"
0.38,0.08,1,"CHARLS","Training-mapped FI6"
0.4,0.08,8,"CHARLS","Training-mapped FI6"
0.42,0.08,11,"CHARLS","Training-mapped FI6"
0.44,0.08,1,"CHARLS","Training-mapped FI6"
0.48,0.08,3,"CHARLS","Training-mapped FI6"
0.5,0.08,4,"CHARLS","Training-mapped FI6"
0.52,0.08,3,"CHARLS","Training-mapped FI6"
0.12,0.1,5,"CHARLS","Training-mapped FI6"
0.14,0.1,5,"CHARLS","Training-mapped FI6"
0.16,0.1,23,"CHARLS","Training-mapped FI6"
0.18,0.1,5,"CHARLS","Training-mapped FI6"
0.2,0.1,3,"CHARLS","Training-mapped FI6"
0.22,0.1,9,"CHARLS","Training-mapped FI6"
0.24,0.1,22,"CHARLS","Training-mapped FI6"
0.26,0.1,14,"CHARLS","Training-mapped FI6"
0.28,0.1,7,"CHARLS","Training-mapped FI6"
0.3,0.1,6,"CHARLS","Training-mapped FI6"
0.32,0.1,36,"CHARLS","Training-mapped FI6"
0.34,0.1,9,"CHARLS","Training-mapped FI6"
0.36,0.1,1,"CHARLS","Training-mapped FI6"
0.4,0.1,12,"CHARLS","Training-mapped FI6"
0.42,0.1,14,"CHARLS","Training-mapped FI6"
0.48,0.1,4,"CHARLS","Training-mapped FI6"
0.5,0.1,5,"CHARLS","Training-mapped FI6"
0.12,0.12,4,"CHARLS","Training-mapped FI6"
0.14,0.12,4,"CHARLS","Training-mapped FI6"
0.16,0.12,1,"CHARLS","Training-mapped FI6"
0.18,0.12,3,"CHARLS","Training-mapped FI6"
0.2,0.12,6,"CHARLS","Training-mapped FI6"
0.22,0.12,16,"CHARLS","Training-mapped FI6"
0.24,0.12,8,"CHARLS","Training-mapped FI6"
0.26,0.12,3,"CHARLS","Training-mapped FI6"
0.28,0.12,1,"CHARLS","Training-mapped FI6"
0.3,0.12,26,"CHARLS","Training-mapped FI6"
0.32,0.12,13,"CHARLS","Training-mapped FI6"
0.34,0.12,1,"CHARLS","Training-mapped FI6"
0.36,0.12,6,"CHARLS","Training-mapped FI6"
0.38,0.12,12,"CHARLS","Training-mapped FI6"
0.4,0.12,11,"CHARLS","Training-mapped FI6"
0.46,0.12,1,"CHARLS","Training-mapped FI6"
0.48,0.12,5,"CHARLS","Training-mapped FI6"
0.5,0.12,2,"CHARLS","Training-mapped FI6"
0.14,0.14,8,"CHARLS","Training-mapped FI6"
0.16,0.14,1,"CHARLS","Training-mapped FI6"
0.18,0.14,1,"CHARLS","Training-mapped FI6"
0.2,0.14,2,"CHARLS","Training-mapped FI6"
0.22,0.14,8,"CHARLS","Training-mapped FI6"
0.24,0.14,4,"CHARLS","Training-mapped FI6"
0.26,0.14,1,"CHARLS","Training-mapped FI6"
0.28,0.14,4,"CHARLS","Training-mapped FI6"
0.3,0.14,25,"CHARLS","Training-mapped FI6"
0.32,0.14,9,"CHARLS","Training-mapped FI6"
0.34,0.14,3,"CHARLS","Training-mapped FI6"
0.36,0.14,1,"CHARLS","Training-mapped FI6"
0.38,0.14,6,"CHARLS","Training-mapped FI6"
0.4,0.14,5,"CHARLS","Training-mapped FI6"
0.44,0.14,1,"CHARLS","Training-mapped FI6"
0.46,0.14,4,"CHARLS","Training-mapped FI6"
0.48,0.14,2,"CHARLS","Training-mapped FI6"
0.16,0.16,1,"CHARLS","Training-mapped FI6"
0.18,0.16,1,"CHARLS","Training-mapped FI6"
0.2,0.16,7,"CHARLS","Training-mapped FI6"
0.22,0.16,1,"CHARLS","Training-mapped FI6"
0.26,0.16,3,"CHARLS","Training-mapped FI6"
0.28,0.16,7,"CHARLS","Training-mapped FI6"
0.3,0.16,4,"CHARLS","Training-mapped FI6"
0.32,0.16,1,"CHARLS","Training-mapped FI6"
0.36,0.16,8,"CHARLS","Training-mapped FI6"
0.38,0.16,9,"CHARLS","Training-mapped FI6"
0.4,0.16,4,"CHARLS","Training-mapped FI6"
0.44,0.16,1,"CHARLS","Training-mapped FI6"
0.46,0.16,4,"CHARLS","Training-mapped FI6"
0.2,0.18,1,"CHARLS","Training-mapped FI6"
0.24,0.18,1,"CHARLS","Training-mapped FI6"
0.28,0.18,6,"CHARLS","Training-mapped FI6"
0.3,0.18,7,"CHARLS","Training-mapped FI6"
0.32,0.18,1,"CHARLS","Training-mapped FI6"
0.36,0.18,8,"CHARLS","Training-mapped FI6"
0.38,0.18,2,"CHARLS","Training-mapped FI6"
0.44,0.18,1,"CHARLS","Training-mapped FI6"
0.46,0.18,2,"CHARLS","Training-mapped FI6"
0.26,0.2,2,"CHARLS","Training-mapped FI6"
0.28,0.2,1,"CHARLS","Training-mapped FI6"
0.3,0.2,1,"CHARLS","Training-mapped FI6"
0.32,0.2,3,"CHARLS","Training-mapped FI6"
0.34,0.2,2,"CHARLS","Training-mapped FI6"
0.36,0.2,2,"CHARLS","Training-mapped FI6"
0.26,0.22,4,"CHARLS","Training-mapped FI6"
0.28,0.22,1,"CHARLS","Training-mapped FI6"
0.34,0.22,1,"CHARLS","Training-mapped FI6"
0.44,0.22,1,"CHARLS","Training-mapped FI6"
0.26,0.24,1,"CHARLS","Training-mapped FI6"
0.32,0.24,3,"CHARLS","Training-mapped FI6"
0.42,0.24,1,"CHARLS","Training-mapped FI6"
0.32,0.26,1,"CHARLS","Training-mapped FI6"
0.22,-0.3,1,"MHAS","Raw FI6"
0.28,-0.3,1,"MHAS","Raw FI6"
0.26,-0.28,1,"MHAS","Raw FI6"
0.34,-0.28,1,"MHAS","Raw FI6"
0.18,-0.26,1,"MHAS","Raw FI6"
0.22,-0.26,1,"MHAS","Raw FI6"
0.26,-0.26,1,"MHAS","Raw FI6"
0.38,-0.26,1,"MHAS","Raw FI6"
0.12,-0.24,1,"MHAS","Raw FI6"
0.16,-0.24,4,"MHAS","Raw FI6"
0.2,-0.24,1,"MHAS","Raw FI6"
0.24,-0.24,5,"MHAS","Raw FI6"
0.1,-0.22,1,"MHAS","Raw FI6"
0.12,-0.22,2,"MHAS","Raw FI6"
0.18,-0.22,3,"MHAS","Raw FI6"
0.2,-0.22,3,"MHAS","Raw FI6"
0.24,-0.22,7,"MHAS","Raw FI6"
0.28,-0.22,4,"MHAS","Raw FI6"
0.4,-0.22,1,"MHAS","Raw FI6"
0.1,-0.2,3,"MHAS","Raw FI6"
0.18,-0.2,4,"MHAS","Raw FI6"
0.22,-0.2,15,"MHAS","Raw FI6"
0.38,-0.2,1,"MHAS","Raw FI6"
0.08,-0.18,2,"MHAS","Raw FI6"
0.1,-0.18,1,"MHAS","Raw FI6"
0.16,-0.18,4,"MHAS","Raw FI6"
0.18,-0.18,10,"MHAS","Raw FI6"
0.22,-0.18,15,"MHAS","Raw FI6"
0.24,-0.18,1,"MHAS","Raw FI6"
0.26,-0.18,3,"MHAS","Raw FI6"
0.38,-0.18,2,"MHAS","Raw FI6"
0.08,-0.16,1,"MHAS","Raw FI6"
0.12,-0.16,3,"MHAS","Raw FI6"
0.16,-0.16,15,"MHAS","Raw FI6"
0.2,-0.16,26,"MHAS","Raw FI6"
0.24,-0.16,4,"MHAS","Raw FI6"
0.36,-0.16,1,"MHAS","Raw FI6"
0.38,-0.16,2,"MHAS","Raw FI6"
0.06,-0.14,1,"MHAS","Raw FI6"
0.08,-0.14,1,"MHAS","Raw FI6"
0.1,-0.14,4,"MHAS","Raw FI6"
0.14,-0.14,4,"MHAS","Raw FI6"
0.16,-0.14,13,"MHAS","Raw FI6"
0.2,-0.14,38,"MHAS","Raw FI6"
0.22,-0.14,1,"MHAS","Raw FI6"
0.24,-0.14,5,"MHAS","Raw FI6"
0.28,-0.14,2,"MHAS","Raw FI6"
0.32,-0.14,3,"MHAS","Raw FI6"
0.36,-0.14,5,"MHAS","Raw FI6"
0.4,-0.14,2,"MHAS","Raw FI6"
0.74,-0.14,1,"MHAS","Raw FI6"
0.06,-0.12,9,"MHAS","Raw FI6"
0.1,-0.12,4,"MHAS","Raw FI6"
0.14,-0.12,22,"MHAS","Raw FI6"
0.18,-0.12,32,"MHAS","Raw FI6"
0.22,-0.12,4,"MHAS","Raw FI6"
0.24,-0.12,2,"MHAS","Raw FI6"
0.3,-0.12,4,"MHAS","Raw FI6"
0.34,-0.12,4,"MHAS","Raw FI6"
0.36,-0.12,6,"MHAS","Raw FI6"
0.04,-0.1,3,"MHAS","Raw FI6"
0.06,-0.1,5,"MHAS","Raw FI6"
0.08,-0.1,5,"MHAS","Raw FI6"
0.1,-0.1,7,"MHAS","Raw FI6"
0.12,-0.1,9,"MHAS","Raw FI6"
0.14,-0.1,39,"MHAS","Raw FI6"
0.18,-0.1,61,"MHAS","Raw FI6"
0.22,-0.1,2,"MHAS","Raw FI6"
0.26,-0.1,1,"MHAS","Raw FI6"
0.3,-0.1,5,"MHAS","Raw FI6"
0.34,-0.1,14,"MHAS","Raw FI6"
0.38,-0.1,1,"MHAS","Raw FI6"
0.5,-0.1,2,"MHAS","Raw FI6"
0.68,-0.1,1,"MHAS","Raw FI6"
0.04,-0.08,9,"MHAS","Raw FI6"
0.08,-0.08,15,"MHAS","Raw FI6"
0.12,-0.08,51,"MHAS","Raw FI6"
0.16,-0.08,52,"MHAS","Raw FI6"
0.2,-0.08,7,"MHAS","Raw FI6"
0.22,-0.08,1,"MHAS","Raw FI6"
0.28,-0.08,1,"MHAS","Raw FI6"
0.3,-0.08,4,"MHAS","Raw FI6"
0.32,-0.08,3,"MHAS","Raw FI6"
0.34,-0.08,8,"MHAS","Raw FI6"
0.38,-0.08,6,"MHAS","Raw FI6"
0.5,-0.08,3,"MHAS","Raw FI6"
0.54,-0.08,1,"MHAS","Raw FI6"
0.02,-0.06,4,"MHAS","Raw FI6"
0.04,-0.06,7,"MHAS","Raw FI6"
0.06,-0.06,2,"MHAS","Raw FI6"
0.08,-0.06,7,"MHAS","Raw FI6"
0.1,-0.06,21,"MHAS","Raw FI6"
0.12,-0.06,40,"MHAS","Raw FI6"
0.16,-0.06,60,"MHAS","Raw FI6"
0.2,-0.06,5,"MHAS","Raw FI6"
0.24,-0.06,1,"MHAS","Raw FI6"
0.28,-0.06,7,"MHAS","Raw FI6"
0.32,-0.06,24,"MHAS","Raw FI6"
0.36,-0.06,3,"MHAS","Raw FI6"
0.38,-0.06,1,"MHAS","Raw FI6"
0.48,-0.06,3,"MHAS","Raw FI6"
0.5,-0.06,1,"MHAS","Raw FI6"
0.52,-0.06,1,"MHAS","Raw FI6"
0.54,-0.06,1,"MHAS","Raw FI6"
0.66,-0.06,1,"MHAS","Raw FI6"
0.02,-0.04,11,"MHAS","Raw FI6"
0.06,-0.04,19,"MHAS","Raw FI6"
0.1,-0.04,63,"MHAS","Raw FI6"
0.14,-0.04,92,"MHAS","Raw FI6"
0.2,-0.04,2,"MHAS","Raw FI6"
0.22,-0.04,2,"MHAS","Raw FI6"
0.24,-0.04,1,"MHAS","Raw FI6"
0.26,-0.04,2,"MHAS","Raw FI6"
0.28,-0.04,3,"MHAS","Raw FI6"
0.3,-0.04,6,"MHAS","Raw FI6"
0.32,-0.04,9,"MHAS","Raw FI6"
0.34,-0.04,2,"MHAS","Raw FI6"
0.36,-0.04,4,"MHAS","Raw FI6"
0.44,-0.04,2,"MHAS","Raw FI6"
0.48,-0.04,4,"MHAS","Raw FI6"
0.52,-0.04,4,"MHAS","Raw FI6"
0.64,-0.04,2,"MHAS","Raw FI6"
0.68,-0.04,1,"MHAS","Raw FI6"
0.04,-0.02,5,"MHAS","Raw FI6"
0.06,-0.02,8,"MHAS","Raw FI6"
0.1,-0.02,61,"MHAS","Raw FI6"
0.14,-0.02,76,"MHAS","Raw FI6"
0.16,-0.02,1,"MHAS","Raw FI6"
0.18,-0.02,9,"MHAS","Raw FI6"
0.26,-0.02,10,"MHAS","Raw FI6"
0.3,-0.02,30,"MHAS","Raw FI6"
0.34,-0.02,3,"MHAS","Raw FI6"
0.36,-0.02,1,"MHAS","Raw FI6"
0.42,-0.02,6,"MHAS","Raw FI6"
0.44,-0.02,1,"MHAS","Raw FI6"
0.46,-0.02,11,"MHAS","Raw FI6"
0.48,-0.02,1,"MHAS","Raw FI6"
0.5,-0.02,1,"MHAS","Raw FI6"
0.52,-0.02,2,"MHAS","Raw FI6"
0.6,-0.02,1,"MHAS","Raw FI6"
0.04,0,4,"MHAS","Raw FI6"
0.08,0,73,"MHAS","Raw FI6"
0.12,0,94,"MHAS","Raw FI6"
0.14,0,1,"MHAS","Raw FI6"
0.16,0,4,"MHAS","Raw FI6"
0.18,0,1,"MHAS","Raw FI6"
0.2,0,1,"MHAS","Raw FI6"
0.24,0,7,"MHAS","Raw FI6"
0.26,0,4,"MHAS","Raw FI6"
0.28,0,4,"MHAS","Raw FI6"
0.3,0,25,"MHAS","Raw FI6"
0.34,0,7,"MHAS","Raw FI6"
0.42,0,1,"MHAS","Raw FI6"
0.46,0,11,"MHAS","Raw FI6"
0.5,0,2,"MHAS","Raw FI6"
0.62,0,4,"MHAS","Raw FI6"
0.66,0,1,"MHAS","Raw FI6"
0.68,0,1,"MHAS","Raw FI6"
0.08,0.02,44,"MHAS","Raw FI6"
0.12,0.02,63,"MHAS","Raw FI6"
0.16,0.02,9,"MHAS","Raw FI6"
0.2,0.02,7,"MHAS","Raw FI6"
0.24,0.02,22,"MHAS","Raw FI6"
0.28,0.02,31,"MHAS","Raw FI6"
0.3,0.02,1,"MHAS","Raw FI6"
0.32,0.02,3,"MHAS","Raw FI6"
0.34,0.02,1,"MHAS","Raw FI6"
0.36,0.02,2,"MHAS","Raw FI6"
0.4,0.02,4,"MHAS","Raw FI6"
0.44,0.02,19,"MHAS","Raw FI6"
0.46,0.02,6,"MHAS","Raw FI6"
0.5,0.02,7,"MHAS","Raw FI6"
0.58,0.02,1,"MHAS","Raw FI6"
0.62,0.02,3,"MHAS","Raw FI6"
0.66,0.02,2,"MHAS","Raw FI6"
0.78,0.02,2,"MHAS","Raw FI6"
0.82,0.02,1,"MHAS","Raw FI6"
0.06,0.04,5,"MHAS","Raw FI6"
0.08,0.04,1,"MHAS","Raw FI6"
0.1,0.04,44,"MHAS","Raw FI6"
0.14,0.04,5,"MHAS","Raw FI6"
0.18,0.04,4,"MHAS","Raw FI6"
0.2,0.04,1,"MHAS","Raw FI6"
0.22,0.04,15,"MHAS","Raw FI6"
0.24,0.04,3,"MHAS","Raw FI6"
0.26,0.04,19,"MHAS","Raw FI6"
0.28,0.04,38,"MHAS","Raw FI6"
0.3,0.04,2,"MHAS","Raw FI6"
0.32,0.04,5,"MHAS","Raw FI6"
0.4,0.04,5,"MHAS","Raw FI6"
0.44,0.04,16,"MHAS","Raw FI6"
0.48,0.04,6,"MHAS","Raw FI6"
0.56,0.04,1,"MHAS","Raw FI6"
0.6,0.04,5,"MHAS","Raw FI6"
0.1,0.06,19,"MHAS","Raw FI6"
0.14,0.06,6,"MHAS","Raw FI6"
0.18,0.06,10,"MHAS","Raw FI6"
0.22,0.06,31,"MHAS","Raw FI6"
0.26,0.06,27,"MHAS","Raw FI6"
0.3,0.06,3,"MHAS","Raw FI6"
0.34,0.06,1,"MHAS","Raw FI6"
0.38,0.06,11,"MHAS","Raw FI6"
0.42,0.06,24,"MHAS","Raw FI6"
0.44,0.06,6,"MHAS","Raw FI6"
0.46,0.06,6,"MHAS","Raw FI6"
0.48,0.06,2,"MHAS","Raw FI6"
0.56,0.06,1,"MHAS","Raw FI6"
0.6,0.06,6,"MHAS","Raw FI6"
0.64,0.06,7,"MHAS","Raw FI6"
0.72,0.06,1,"MHAS","Raw FI6"
0.76,0.06,3,"MHAS","Raw FI6"
0.88,0.06,1,"MHAS","Raw FI6"
0.08,0.08,3,"MHAS","Raw FI6"
0.12,0.08,3,"MHAS","Raw FI6"
0.16,0.08,2,"MHAS","Raw FI6"
0.18,0.08,1,"MHAS","Raw FI6"
0.2,0.08,17,"MHAS","Raw FI6"
0.22,0.08,9,"MHAS","Raw FI6"
0.24,0.08,5,"MHAS","Raw FI6"
0.26,0.08,41,"MHAS","Raw FI6"
0.28,0.08,3,"MHAS","Raw FI6"
0.3,0.08,11,"MHAS","Raw FI6"
0.38,0.08,9,"MHAS","Raw FI6"
0.42,0.08,31,"MHAS","Raw FI6"
0.46,0.08,10,"MHAS","Raw FI6"
0.5,0.08,1,"MHAS","Raw FI6"
0.54,0.08,3,"MHAS","Raw FI6"
0.56,0.08,1,"MHAS","Raw FI6"
0.58,0.08,12,"MHAS","Raw FI6"
0.62,0.08,1,"MHAS","Raw FI6"
0.66,0.08,1,"MHAS","Raw FI6"
0.74,0.08,3,"MHAS","Raw FI6"
0.76,0.08,2,"MHAS","Raw FI6"
0.78,0.08,1,"MHAS","Raw FI6"
0.8,0.08,3,"MHAS","Raw FI6"
0.88,0.08,2,"MHAS","Raw FI6"
0.92,0.08,2,"MHAS","Raw FI6"
0.96,0.08,1,"MHAS","Raw FI6"
0.12,0.1,1,"MHAS","Raw FI6"
0.16,0.1,2,"MHAS","Raw FI6"
0.2,0.1,23,"MHAS","Raw FI6"
0.24,0.1,45,"MHAS","Raw FI6"
0.28,0.1,4,"MHAS","Raw FI6"
0.32,0.1,3,"MHAS","Raw FI6"
0.34,0.1,1,"MHAS","Raw FI6"
0.36,0.1,12,"MHAS","Raw FI6"
0.38,0.1,3,"MHAS","Raw FI6"
0.4,0.1,25,"MHAS","Raw FI6"
0.42,0.1,7,"MHAS","Raw FI6"
0.44,0.1,2,"MHAS","Raw FI6"
0.46,0.1,3,"MHAS","Raw FI6"
0.54,0.1,6,"MHAS","Raw FI6"
0.58,0.1,21,"MHAS","Raw FI6"
0.62,0.1,6,"MHAS","Raw FI6"
0.74,0.1,7,"MHAS","Raw FI6"
0.78,0.1,1,"MHAS","Raw FI6"
0.9,0.1,1,"MHAS","Raw FI6"
0.92,0.1,1,"MHAS","Raw FI6"
0.94,0.1,1,"MHAS","Raw FI6"
0.96,0.1,1,"MHAS","Raw FI6"
0.14,0.12,1,"MHAS","Raw FI6"
0.18,0.12,9,"MHAS","Raw FI6"
0.2,0.12,10,"MHAS","Raw FI6"
0.22,0.12,11,"MHAS","Raw FI6"
0.24,0.12,37,"MHAS","Raw FI6"
0.28,0.12,5,"MHAS","Raw FI6"
0.3,0.12,1,"MHAS","Raw FI6"
0.36,0.12,13,"MHAS","Raw FI6"
0.4,0.12,31,"MHAS","Raw FI6"
0.44,0.12,7,"MHAS","Raw FI6"
0.52,0.12,5,"MHAS","Raw FI6"
0.56,0.12,16,"MHAS","Raw FI6"
0.6,0.12,7,"MHAS","Raw FI6"
0.62,0.12,2,"MHAS","Raw FI6"
0.72,0.12,1,"MHAS","Raw FI6"
0.74,0.12,8,"MHAS","Raw FI6"
0.76,0.12,2,"MHAS","Raw FI6"
0.78,0.12,3,"MHAS","Raw FI6"
0.86,0.12,1,"MHAS","Raw FI6"
0.9,0.12,4,"MHAS","Raw FI6"
0.94,0.12,6,"MHAS","Raw FI6"
0.14,0.14,1,"MHAS","Raw FI6"
0.18,0.14,18,"MHAS","Raw FI6"
0.22,0.14,35,"MHAS","Raw FI6"
0.26,0.14,7,"MHAS","Raw FI6"
0.28,0.14,1,"MHAS","Raw FI6"
0.3,0.14,1,"MHAS","Raw FI6"
0.34,0.14,8,"MHAS","Raw FI6"
0.36,0.14,2,"MHAS","Raw FI6"
0.38,0.14,22,"MHAS","Raw FI6"
0.4,0.14,11,"MHAS","Raw FI6"
0.42,0.14,1,"MHAS","Raw FI6"
0.44,0.14,3,"MHAS","Raw FI6"
0.48,0.14,2,"MHAS","Raw FI6"
0.5,0.14,2,"MHAS","Raw FI6"
0.52,0.14,4,"MHAS","Raw FI6"
0.56,0.14,35,"MHAS","Raw FI6"
0.6,0.14,10,"MHAS","Raw FI6"
0.64,0.14,1,"MHAS","Raw FI6"
0.68,0.14,4,"MHAS","Raw FI6"
0.72,0.14,8,"MHAS","Raw FI6"
0.76,0.14,3,"MHAS","Raw FI6"
0.88,0.14,2,"MHAS","Raw FI6"
0.9,0.14,3,"MHAS","Raw FI6"
0.92,0.14,1,"MHAS","Raw FI6"
0.94,0.14,4,"MHAS","Raw FI6"
0.16,0.16,1,"MHAS","Raw FI6"
0.18,0.16,3,"MHAS","Raw FI6"
0.2,0.16,9,"MHAS","Raw FI6"
0.22,0.16,14,"MHAS","Raw FI6"
0.26,0.16,3,"MHAS","Raw FI6"
0.3,0.16,1,"MHAS","Raw FI6"
0.34,0.16,24,"MHAS","Raw FI6"
0.38,0.16,59,"MHAS","Raw FI6"
0.42,0.16,8,"MHAS","Raw FI6"
0.46,0.16,1,"MHAS","Raw FI6"
0.5,0.16,6,"MHAS","Raw FI6"
0.54,0.16,19,"MHAS","Raw FI6"
0.58,0.16,8,"MHAS","Raw FI6"
0.66,0.16,3,"MHAS","Raw FI6"
0.68,0.16,3,"MHAS","Raw FI6"
0.7,0.16,10,"MHAS","Raw FI6"
0.72,0.16,9,"MHAS","Raw FI6"
0.76,0.16,12,"MHAS","Raw FI6"
0.84,0.16,1,"MHAS","Raw FI6"
0.88,0.16,3,"MHAS","Raw FI6"
0.92,0.16,7,"MHAS","Raw FI6"
0.2,0.18,14,"MHAS","Raw FI6"
0.24,0.18,3,"MHAS","Raw FI6"
0.26,0.18,1,"MHAS","Raw FI6"
0.28,0.18,1,"MHAS","Raw FI6"
0.32,0.18,11,"MHAS","Raw FI6"
0.34,0.18,3,"MHAS","Raw FI6"
0.36,0.18,23,"MHAS","Raw FI6"
0.38,0.18,13,"MHAS","Raw FI6"
0.4,0.18,4,"MHAS","Raw FI6"
0.42,0.18,2,"MHAS","Raw FI6"
0.46,0.18,2,"MHAS","Raw FI6"
0.48,0.18,2,"MHAS","Raw FI6"
0.5,0.18,10,"MHAS","Raw FI6"
0.54,0.18,38,"MHAS","Raw FI6"
0.58,0.18,13,"MHAS","Raw FI6"
0.62,0.18,1,"MHAS","Raw FI6"
0.66,0.18,2,"MHAS","Raw FI6"
0.7,0.18,17,"MHAS","Raw FI6"
0.74,0.18,13,"MHAS","Raw FI6"
0.82,0.18,1,"MHAS","Raw FI6"
0.86,0.18,5,"MHAS","Raw FI6"
0.88,0.18,1,"MHAS","Raw FI6"
0.9,0.18,6,"MHAS","Raw FI6"
0.92,0.18,5,"MHAS","Raw FI6"
0.2,0.2,4,"MHAS","Raw FI6"
0.28,0.2,2,"MHAS","Raw FI6"
0.32,0.2,21,"MHAS","Raw FI6"
0.36,0.2,58,"MHAS","Raw FI6"
0.4,0.2,7,"MHAS","Raw FI6"
0.44,0.2,2,"MHAS","Raw FI6"
0.48,0.2,3,"MHAS","Raw FI6"
0.52,0.2,49,"MHAS","Raw FI6"
0.56,0.2,9,"MHAS","Raw FI6"
0.58,0.2,1,"MHAS","Raw FI6"
0.64,0.2,3,"MHAS","Raw FI6"
0.66,0.2,3,"MHAS","Raw FI6"
0.68,0.2,6,"MHAS","Raw FI6"
0.7,0.2,16,"MHAS","Raw FI6"
0.72,0.2,3,"MHAS","Raw FI6"
0.74,0.2,10,"MHAS","Raw FI6"
0.82,0.2,1,"MHAS","Raw FI6"
0.86,0.2,6,"MHAS","Raw FI6"
0.9,0.2,10,"MHAS","Raw FI6"
0.18,0.22,1,"MHAS","Raw FI6"
0.22,0.22,1,"MHAS","Raw FI6"
0.26,0.22,1,"MHAS","Raw FI6"
0.3,0.22,10,"MHAS","Raw FI6"
0.32,0.22,6,"MHAS","Raw FI6"
0.34,0.22,20,"MHAS","Raw FI6"
0.36,0.22,6,"MHAS","Raw FI6"
0.38,0.22,1,"MHAS","Raw FI6"
0.4,0.22,1,"MHAS","Raw FI6"
0.44,0.22,1,"MHAS","Raw FI6"
0.46,0.22,3,"MHAS","Raw FI6"
0.48,0.22,10,"MHAS","Raw FI6"
0.52,0.22,52,"MHAS","Raw FI6"
0.56,0.22,11,"MHAS","Raw FI6"
0.64,0.22,9,"MHAS","Raw FI6"
0.68,0.22,39,"MHAS","Raw FI6"
0.72,0.22,21,"MHAS","Raw FI6"
0.8,0.22,3,"MHAS","Raw FI6"
0.84,0.22,8,"MHAS","Raw FI6"
0.86,0.22,1,"MHAS","Raw FI6"
0.88,0.22,4,"MHAS","Raw FI6"
0.9,0.22,5,"MHAS","Raw FI6"
0.26,0.24,1,"MHAS","Raw FI6"
0.3,0.24,20,"MHAS","Raw FI6"
0.34,0.24,48,"MHAS","Raw FI6"
0.38,0.24,5,"MHAS","Raw FI6"
0.42,0.24,5,"MHAS","Raw FI6"
0.46,0.24,12,"MHAS","Raw FI6"
0.5,0.24,46,"MHAS","Raw FI6"
0.54,0.24,11,"MHAS","Raw FI6"
0.56,0.24,2,"MHAS","Raw FI6"
0.58,0.24,1,"MHAS","Raw FI6"
0.62,0.24,3,"MHAS","Raw FI6"
0.64,0.24,2,"MHAS","Raw FI6"
0.66,0.24,10,"MHAS","Raw FI6"
0.68,0.24,21,"MHAS","Raw FI6"
0.7,0.24,3,"MHAS","Raw FI6"
0.72,0.24,11,"MHAS","Raw FI6"
0.8,0.24,4,"MHAS","Raw FI6"
0.84,0.24,15,"MHAS","Raw FI6"
0.88,0.24,19,"MHAS","Raw FI6"
0.28,0.26,6,"MHAS","Raw FI6"
0.32,0.26,17,"MHAS","Raw FI6"
0.34,0.26,7,"MHAS","Raw FI6"
0.38,0.26,3,"MHAS","Raw FI6"
0.42,0.26,2,"MHAS","Raw FI6"
0.44,0.26,4,"MHAS","Raw FI6"
0.46,0.26,11,"MHAS","Raw FI6"
0.5,0.26,39,"MHAS","Raw FI6"
0.54,0.26,7,"MHAS","Raw FI6"
0.58,0.26,1,"MHAS","Raw FI6"
0.62,0.26,8,"MHAS","Raw FI6"
0.66,0.26,40,"MHAS","Raw FI6"
0.7,0.26,12,"MHAS","Raw FI6"
0.78,0.26,3,"MHAS","Raw FI6"
0.82,0.26,6,"MHAS","Raw FI6"
0.84,0.26,2,"MHAS","Raw FI6"
0.86,0.26,7,"MHAS","Raw FI6"
0.88,0.26,2,"MHAS","Raw FI6"
0.28,0.28,6,"MHAS","Raw FI6"
0.32,0.28,13,"MHAS","Raw FI6"
0.36,0.28,4,"MHAS","Raw FI6"
0.4,0.28,4,"MHAS","Raw FI6"
0.44,0.28,13,"MHAS","Raw FI6"
0.48,0.28,55,"MHAS","Raw FI6"
0.52,0.28,6,"MHAS","Raw FI6"
0.54,0.28,3,"MHAS","Raw FI6"
0.58,0.28,1,"MHAS","Raw FI6"
0.6,0.28,4,"MHAS","Raw FI6"
0.62,0.28,8,"MHAS","Raw FI6"
0.64,0.28,16,"MHAS","Raw FI6"
0.66,0.28,19,"MHAS","Raw FI6"
0.68,0.28,3,"MHAS","Raw FI6"
0.7,0.28,12,"MHAS","Raw FI6"
0.78,0.28,2,"MHAS","Raw FI6"
0.82,0.28,17,"MHAS","Raw FI6"
0.86,0.28,14,"MHAS","Raw FI6"
0.26,0.3,1,"MHAS","Raw FI6"
0.28,0.3,2,"MHAS","Raw FI6"
0.3,0.3,1,"MHAS","Raw FI6"
0.32,0.3,5,"MHAS","Raw FI6"
0.34,0.3,1,"MHAS","Raw FI6"
0.36,0.3,3,"MHAS","Raw FI6"
0.38,0.3,2,"MHAS","Raw FI6"
0.44,0.3,10,"MHAS","Raw FI6"
0.48,0.3,27,"MHAS","Raw FI6"
0.52,0.3,7,"MHAS","Raw FI6"
0.56,0.3,1,"MHAS","Raw FI6"
0.6,0.3,13,"MHAS","Raw FI6"
0.64,0.3,46,"MHAS","Raw FI6"
0.66,0.3,1,"MHAS","Raw FI6"
0.68,0.3,14,"MHAS","Raw FI6"
0.76,0.3,3,"MHAS","Raw FI6"
0.8,0.3,8,"MHAS","Raw FI6"
0.82,0.3,2,"MHAS","Raw FI6"
0.84,0.3,9,"MHAS","Raw FI6"
0.86,0.3,6,"MHAS","Raw FI6"
0.26,0.32,1,"MHAS","Raw FI6"
0.3,0.32,3,"MHAS","Raw FI6"
0.38,0.32,2,"MHAS","Raw FI6"
0.4,0.32,1,"MHAS","Raw FI6"
0.42,0.32,13,"MHAS","Raw FI6"
0.46,0.32,55,"MHAS","Raw FI6"
0.5,0.32,5,"MHAS","Raw FI6"
0.52,0.32,1,"MHAS","Raw FI6"
0.54,0.32,1,"MHAS","Raw FI6"
0.58,0.32,4,"MHAS","Raw FI6"
0.6,0.32,2,"MHAS","Raw FI6"
0.62,0.32,9,"MHAS","Raw FI6"
0.64,0.32,19,"MHAS","Raw FI6"
0.66,0.32,1,"MHAS","Raw FI6"
0.68,0.32,13,"MHAS","Raw FI6"
0.76,0.32,8,"MHAS","Raw FI6"
0.78,0.32,1,"MHAS","Raw FI6"
0.8,0.32,20,"MHAS","Raw FI6"
0.84,0.32,7,"MHAS","Raw FI6"
0.3,0.34,2,"MHAS","Raw FI6"
0.34,0.34,1,"MHAS","Raw FI6"
0.38,0.34,1,"MHAS","Raw FI6"
0.42,0.34,4,"MHAS","Raw FI6"
0.46,0.34,35,"MHAS","Raw FI6"
0.5,0.34,7,"MHAS","Raw FI6"
0.52,0.34,1,"MHAS","Raw FI6"
0.54,0.34,1,"MHAS","Raw FI6"
0.58,0.34,10,"MHAS","Raw FI6"
0.62,0.34,44,"MHAS","Raw FI6"
0.66,0.34,13,"MHAS","Raw FI6"
0.7,0.34,1,"MHAS","Raw FI6"
0.74,0.34,2,"MHAS","Raw FI6"
0.78,0.34,8,"MHAS","Raw FI6"
0.8,0.34,4,"MHAS","Raw FI6"
0.82,0.34,5,"MHAS","Raw FI6"
0.84,0.34,6,"MHAS","Raw FI6"
0.36,0.36,1,"MHAS","Raw FI6"
0.4,0.36,6,"MHAS","Raw FI6"
0.44,0.36,35,"MHAS","Raw FI6"
0.48,0.36,6,"MHAS","Raw FI6"
0.52,0.36,1,"MHAS","Raw FI6"
0.56,0.36,6,"MHAS","Raw FI6"
0.58,0.36,3,"MHAS","Raw FI6"
0.6,0.36,7,"MHAS","Raw FI6"
0.62,0.36,31,"MHAS","Raw FI6"
0.64,0.36,2,"MHAS","Raw FI6"
0.66,0.36,10,"MHAS","Raw FI6"
0.74,0.36,5,"MHAS","Raw FI6"
0.78,0.36,19,"MHAS","Raw FI6"
0.82,0.36,12,"MHAS","Raw FI6"
0.4,0.38,4,"MHAS","Raw FI6"
0.44,0.38,17,"MHAS","Raw FI6"
0.48,0.38,2,"MHAS","Raw FI6"
0.52,0.38,1,"MHAS","Raw FI6"
0.56,0.38,9,"MHAS","Raw FI6"
0.6,0.38,24,"MHAS","Raw FI6"
0.64,0.38,8,"MHAS","Raw FI6"
0.68,0.38,2,"MHAS","Raw FI6"
0.7,0.38,1,"MHAS","Raw FI6"
0.72,0.38,3,"MHAS","Raw FI6"
0.74,0.38,1,"MHAS","Raw FI6"
0.76,0.38,17,"MHAS","Raw FI6"
0.78,0.38,4,"MHAS","Raw FI6"
0.8,0.38,4,"MHAS","Raw FI6"
0.82,0.38,4,"MHAS","Raw FI6"
0.38,0.4,2,"MHAS","Raw FI6"
0.42,0.4,18,"MHAS","Raw FI6"
0.46,0.4,3,"MHAS","Raw FI6"
0.5,0.4,1,"MHAS","Raw FI6"
0.54,0.4,2,"MHAS","Raw FI6"
0.56,0.4,4,"MHAS","Raw FI6"
0.58,0.4,15,"MHAS","Raw FI6"
0.6,0.4,30,"MHAS","Raw FI6"
0.62,0.4,2,"MHAS","Raw FI6"
0.64,0.4,15,"MHAS","Raw FI6"
0.72,0.4,2,"MHAS","Raw FI6"
0.76,0.4,13,"MHAS","Raw FI6"
0.8,0.4,8,"MHAS","Raw FI6"
0.38,0.42,2,"MHAS","Raw FI6"
0.42,0.42,3,"MHAS","Raw FI6"
0.46,0.42,1,"MHAS","Raw FI6"
0.54,0.42,13,"MHAS","Raw FI6"
0.58,0.42,29,"MHAS","Raw FI6"
0.62,0.42,4,"MHAS","Raw FI6"
0.68,0.42,1,"MHAS","Raw FI6"
0.7,0.42,5,"MHAS","Raw FI6"
0.74,0.42,15,"MHAS","Raw FI6"
0.76,0.42,6,"MHAS","Raw FI6"
0.78,0.42,5,"MHAS","Raw FI6"
0.8,0.42,6,"MHAS","Raw FI6"
0.36,0.44,1,"MHAS","Raw FI6"
0.4,0.44,1,"MHAS","Raw FI6"
0.44,0.44,1,"MHAS","Raw FI6"
0.52,0.44,5,"MHAS","Raw FI6"
0.54,0.44,6,"MHAS","Raw FI6"
0.56,0.44,4,"MHAS","Raw FI6"
0.58,0.44,20,"MHAS","Raw FI6"
0.6,0.44,1,"MHAS","Raw FI6"
0.62,0.44,1,"MHAS","Raw FI6"
0.68,0.44,1,"MHAS","Raw FI6"
0.7,0.44,1,"MHAS","Raw FI6"
0.74,0.44,12,"MHAS","Raw FI6"
0.78,0.44,11,"MHAS","Raw FI6"
0.4,0.46,2,"MHAS","Raw FI6"
0.52,0.46,5,"MHAS","Raw FI6"
0.56,0.46,26,"MHAS","Raw FI6"
0.58,0.46,1,"MHAS","Raw FI6"
0.6,0.46,3,"MHAS","Raw FI6"
0.66,0.46,1,"MHAS","Raw FI6"
0.68,0.46,5,"MHAS","Raw FI6"
0.7,0.46,1,"MHAS","Raw FI6"
0.72,0.46,6,"MHAS","Raw FI6"
0.74,0.46,6,"MHAS","Raw FI6"
0.76,0.46,2,"MHAS","Raw FI6"
0.78,0.46,4,"MHAS","Raw FI6"
0.5,0.48,1,"MHAS","Raw FI6"
0.52,0.48,2,"MHAS","Raw FI6"
0.54,0.48,3,"MHAS","Raw FI6"
0.56,0.48,6,"MHAS","Raw FI6"
0.6,0.48,1,"MHAS","Raw FI6"
0.68,0.48,1,"MHAS","Raw FI6"
0.72,0.48,13,"MHAS","Raw FI6"
0.76,0.48,6,"MHAS","Raw FI6"
0.5,0.5,2,"MHAS","Raw FI6"
0.54,0.5,11,"MHAS","Raw FI6"
0.58,0.5,2,"MHAS","Raw FI6"
0.66,0.5,2,"MHAS","Raw FI6"
0.7,0.5,7,"MHAS","Raw FI6"
0.72,0.5,2,"MHAS","Raw FI6"
0.74,0.5,1,"MHAS","Raw FI6"
0.76,0.5,2,"MHAS","Raw FI6"
0.48,0.52,2,"MHAS","Raw FI6"
0.5,0.52,1,"MHAS","Raw FI6"
0.52,0.52,3,"MHAS","Raw FI6"
0.54,0.52,1,"MHAS","Raw FI6"
0.58,0.52,1,"MHAS","Raw FI6"
0.66,0.52,3,"MHAS","Raw FI6"
0.68,0.52,1,"MHAS","Raw FI6"
0.7,0.52,10,"MHAS","Raw FI6"
0.74,0.52,6,"MHAS","Raw FI6"
0.52,0.54,2,"MHAS","Raw FI6"
0.68,0.54,5,"MHAS","Raw FI6"
0.52,0.56,1,"MHAS","Raw FI6"
0.56,0.56,1,"MHAS","Raw FI6"
0.64,0.56,2,"MHAS","Raw FI6"
0.68,0.56,11,"MHAS","Raw FI6"
0.72,0.56,1,"MHAS","Raw FI6"
0.5,0.58,1,"MHAS","Raw FI6"
0.66,0.58,2,"MHAS","Raw FI6"
0.68,0.58,2,"MHAS","Raw FI6"
0.7,0.58,2,"MHAS","Raw FI6"
0.72,0.58,1,"MHAS","Raw FI6"
0.62,0.6,1,"MHAS","Raw FI6"
0.66,0.6,3,"MHAS","Raw FI6"
0.7,0.6,2,"MHAS","Raw FI6"
0.58,-0.42,1,"MHAS","Training-mapped FI6"
0.54,-0.38,1,"MHAS","Training-mapped FI6"
0.7,-0.38,1,"MHAS","Training-mapped FI6"
0.72,-0.38,2,"MHAS","Training-mapped FI6"
0.64,-0.36,1,"MHAS","Training-mapped FI6"
0.68,-0.36,1,"MHAS","Training-mapped FI6"
0.7,-0.36,2,"MHAS","Training-mapped FI6"
0.72,-0.36,2,"MHAS","Training-mapped FI6"
0.32,-0.34,1,"MHAS","Training-mapped FI6"
0.6,-0.34,2,"MHAS","Training-mapped FI6"
0.66,-0.34,2,"MHAS","Training-mapped FI6"
0.68,-0.34,3,"MHAS","Training-mapped FI6"
0.7,-0.34,7,"MHAS","Training-mapped FI6"
0.34,-0.32,1,"MHAS","Training-mapped FI6"
0.36,-0.32,1,"MHAS","Training-mapped FI6"
0.52,-0.32,2,"MHAS","Training-mapped FI6"
0.54,-0.32,1,"MHAS","Training-mapped FI6"
0.66,-0.32,2,"MHAS","Training-mapped FI6"
0.68,-0.32,4,"MHAS","Training-mapped FI6"
0.7,-0.32,4,"MHAS","Training-mapped FI6"
0.26,-0.3,1,"MHAS","Training-mapped FI6"
0.5,-0.3,1,"MHAS","Training-mapped FI6"
0.52,-0.3,1,"MHAS","Training-mapped FI6"
0.58,-0.3,3,"MHAS","Training-mapped FI6"
0.6,-0.3,3,"MHAS","Training-mapped FI6"
0.64,-0.3,1,"MHAS","Training-mapped FI6"
0.66,-0.3,2,"MHAS","Training-mapped FI6"
0.68,-0.3,9,"MHAS","Training-mapped FI6"
0.24,-0.28,1,"MHAS","Training-mapped FI6"
0.26,-0.28,1,"MHAS","Training-mapped FI6"
0.34,-0.28,2,"MHAS","Training-mapped FI6"
0.42,-0.28,2,"MHAS","Training-mapped FI6"
0.44,-0.28,1,"MHAS","Training-mapped FI6"
0.5,-0.28,1,"MHAS","Training-mapped FI6"
0.52,-0.28,3,"MHAS","Training-mapped FI6"
0.56,-0.28,1,"MHAS","Training-mapped FI6"
0.58,-0.28,3,"MHAS","Training-mapped FI6"
0.6,-0.28,2,"MHAS","Training-mapped FI6"
0.64,-0.28,1,"MHAS","Training-mapped FI6"
0.66,-0.28,3,"MHAS","Training-mapped FI6"
0.68,-0.28,7,"MHAS","Training-mapped FI6"
0.24,-0.26,2,"MHAS","Training-mapped FI6"
0.26,-0.26,3,"MHAS","Training-mapped FI6"
0.32,-0.26,2,"MHAS","Training-mapped FI6"
0.34,-0.26,2,"MHAS","Training-mapped FI6"
0.36,-0.26,1,"MHAS","Training-mapped FI6"
0.4,-0.26,1,"MHAS","Training-mapped FI6"
0.42,-0.26,3,"MHAS","Training-mapped FI6"
0.44,-0.26,1,"MHAS","Training-mapped FI6"
0.48,-0.26,5,"MHAS","Training-mapped FI6"
0.56,-0.26,8,"MHAS","Training-mapped FI6"
0.58,-0.26,3,"MHAS","Training-mapped FI6"
0.62,-0.26,1,"MHAS","Training-mapped FI6"
0.64,-0.26,6,"MHAS","Training-mapped FI6"
0.66,-0.26,15,"MHAS","Training-mapped FI6"
0.22,-0.24,1,"MHAS","Training-mapped FI6"
0.24,-0.24,3,"MHAS","Training-mapped FI6"
0.26,-0.24,2,"MHAS","Training-mapped FI6"
0.32,-0.24,2,"MHAS","Training-mapped FI6"
0.4,-0.24,4,"MHAS","Training-mapped FI6"
0.42,-0.24,4,"MHAS","Training-mapped FI6"
0.48,-0.24,4,"MHAS","Training-mapped FI6"
0.5,-0.24,3,"MHAS","Training-mapped FI6"
0.56,-0.24,9,"MHAS","Training-mapped FI6"
0.58,-0.24,5,"MHAS","Training-mapped FI6"
0.62,-0.24,2,"MHAS","Training-mapped FI6"
0.64,-0.24,5,"MHAS","Training-mapped FI6"
0.66,-0.24,7,"MHAS","Training-mapped FI6"
0.18,-0.22,1,"MHAS","Training-mapped FI6"
0.2,-0.22,2,"MHAS","Training-mapped FI6"
0.22,-0.22,7,"MHAS","Training-mapped FI6"
0.24,-0.22,4,"MHAS","Training-mapped FI6"
0.28,-0.22,2,"MHAS","Training-mapped FI6"
0.3,-0.22,6,"MHAS","Training-mapped FI6"
0.32,-0.22,5,"MHAS","Training-mapped FI6"
0.38,-0.22,3,"MHAS","Training-mapped FI6"
0.4,-0.22,2,"MHAS","Training-mapped FI6"
0.42,-0.22,2,"MHAS","Training-mapped FI6"
0.44,-0.22,1,"MHAS","Training-mapped FI6"
0.46,-0.22,5,"MHAS","Training-mapped FI6"
0.48,-0.22,3,"MHAS","Training-mapped FI6"
0.5,-0.22,1,"MHAS","Training-mapped FI6"
0.52,-0.22,1,"MHAS","Training-mapped FI6"
0.54,-0.22,9,"MHAS","Training-mapped FI6"
0.56,-0.22,12,"MHAS","Training-mapped FI6"
0.6,-0.22,1,"MHAS","Training-mapped FI6"
0.62,-0.22,12,"MHAS","Training-mapped FI6"
0.64,-0.22,18,"MHAS","Training-mapped FI6"
0.18,-0.2,3,"MHAS","Training-mapped FI6"
0.2,-0.2,7,"MHAS","Training-mapped FI6"
0.22,-0.2,13,"MHAS","Training-mapped FI6"
0.24,-0.2,4,"MHAS","Training-mapped FI6"
0.26,-0.2,1,"MHAS","Training-mapped FI6"
0.28,-0.2,1,"MHAS","Training-mapped FI6"
0.3,-0.2,10,"MHAS","Training-mapped FI6"
0.32,-0.2,5,"MHAS","Training-mapped FI6"
0.36,-0.2,2,"MHAS","Training-mapped FI6"
0.38,-0.2,12,"MHAS","Training-mapped FI6"
0.4,-0.2,6,"MHAS","Training-mapped FI6"
0.44,-0.2,1,"MHAS","Training-mapped FI6"
0.46,-0.2,14,"MHAS","Training-mapped FI6"
0.48,-0.2,1,"MHAS","Training-mapped FI6"
0.52,-0.2,7,"MHAS","Training-mapped FI6"
0.54,-0.2,11,"MHAS","Training-mapped FI6"
0.56,-0.2,13,"MHAS","Training-mapped FI6"
0.58,-0.2,1,"MHAS","Training-mapped FI6"
0.6,-0.2,3,"MHAS","Training-mapped FI6"
0.62,-0.2,15,"MHAS","Training-mapped FI6"
0.64,-0.2,11,"MHAS","Training-mapped FI6"
0.14,-0.18,1,"MHAS","Training-mapped FI6"
0.18,-0.18,5,"MHAS","Training-mapped FI6"
0.2,-0.18,15,"MHAS","Training-mapped FI6"
0.22,-0.18,10,"MHAS","Training-mapped FI6"
0.24,-0.18,2,"MHAS","Training-mapped FI6"
0.26,-0.18,4,"MHAS","Training-mapped FI6"
0.28,-0.18,12,"MHAS","Training-mapped FI6"
0.3,-0.18,10,"MHAS","Training-mapped FI6"
0.32,-0.18,2,"MHAS","Training-mapped FI6"
0.34,-0.18,6,"MHAS","Training-mapped FI6"
0.36,-0.18,11,"MHAS","Training-mapped FI6"
0.38,-0.18,6,"MHAS","Training-mapped FI6"
0.42,-0.18,1,"MHAS","Training-mapped FI6"
0.44,-0.18,14,"MHAS","Training-mapped FI6"
0.46,-0.18,12,"MHAS","Training-mapped FI6"
0.5,-0.18,6,"MHAS","Training-mapped FI6"
0.52,-0.18,17,"MHAS","Training-mapped FI6"
0.54,-0.18,13,"MHAS","Training-mapped FI6"
0.58,-0.18,3,"MHAS","Training-mapped FI6"
0.6,-0.18,9,"MHAS","Training-mapped FI6"
0.62,-0.18,12,"MHAS","Training-mapped FI6"
0.14,-0.16,3,"MHAS","Training-mapped FI6"
0.18,-0.16,15,"MHAS","Training-mapped FI6"
0.2,-0.16,24,"MHAS","Training-mapped FI6"
0.22,-0.16,10,"MHAS","Training-mapped FI6"
0.26,-0.16,6,"MHAS","Training-mapped FI6"
0.28,-0.16,21,"MHAS","Training-mapped FI6"
0.3,-0.16,5,"MHAS","Training-mapped FI6"
0.34,-0.16,1,"MHAS","Training-mapped FI6"
0.36,-0.16,23,"MHAS","Training-mapped FI6"
0.38,-0.16,7,"MHAS","Training-mapped FI6"
0.42,-0.16,5,"MHAS","Training-mapped FI6"
0.44,-0.16,11,"MHAS","Training-mapped FI6"
0.46,-0.16,7,"MHAS","Training-mapped FI6"
0.48,-0.16,1,"MHAS","Training-mapped FI6"
0.5,-0.16,3,"MHAS","Training-mapped FI6"
0.52,-0.16,25,"MHAS","Training-mapped FI6"
0.54,-0.16,16,"MHAS","Training-mapped FI6"
0.58,-0.16,3,"MHAS","Training-mapped FI6"
0.6,-0.16,20,"MHAS","Training-mapped FI6"
0.62,-0.16,9,"MHAS","Training-mapped FI6"
0.12,-0.14,2,"MHAS","Training-mapped FI6"
0.14,-0.14,1,"MHAS","Training-mapped FI6"
0.16,-0.14,9,"MHAS","Training-mapped FI6"
0.18,-0.14,17,"MHAS","Training-mapped FI6"
0.2,-0.14,29,"MHAS","Training-mapped FI6"
0.24,-0.14,2,"MHAS","Training-mapped FI6"
0.26,-0.14,10,"MHAS","Training-mapped FI6"
0.28,-0.14,9,"MHAS","Training-mapped FI6"
0.3,-0.14,3,"MHAS","Training-mapped FI6"
0.32,-0.14,2,"MHAS","Training-mapped FI6"
0.34,-0.14,11,"MHAS","Training-mapped FI6"
0.36,-0.14,12,"MHAS","Training-mapped FI6"
0.4,-0.14,6,"MHAS","Training-mapped FI6"
0.42,-0.14,22,"MHAS","Training-mapped FI6"
0.44,-0.14,18,"MHAS","Training-mapped FI6"
0.48,-0.14,5,"MHAS","Training-mapped FI6"
0.5,-0.14,28,"MHAS","Training-mapped FI6"
0.52,-0.14,16,"MHAS","Training-mapped FI6"
0.56,-0.14,2,"MHAS","Training-mapped FI6"
0.58,-0.14,17,"MHAS","Training-mapped FI6"
0.6,-0.14,7,"MHAS","Training-mapped FI6"
0.12,-0.12,3,"MHAS","Training-mapped FI6"
0.14,-0.12,3,"MHAS","Training-mapped FI6"
0.16,-0.12,14,"MHAS","Training-mapped FI6"
0.18,-0.12,41,"MHAS","Training-mapped FI6"
0.2,-0.12,4,"MHAS","Training-mapped FI6"
0.24,-0.12,9,"MHAS","Training-mapped FI6"
0.26,-0.12,21,"MHAS","Training-mapped FI6"
0.28,-0.12,8,"MHAS","Training-mapped FI6"
0.3,-0.12,2,"MHAS","Training-mapped FI6"
0.32,-0.12,7,"MHAS","Training-mapped FI6"
0.34,-0.12,30,"MHAS","Training-mapped FI6"
0.36,-0.12,10,"MHAS","Training-mapped FI6"
0.4,-0.12,8,"MHAS","Training-mapped FI6"
0.42,-0.12,24,"MHAS","Training-mapped FI6"
0.44,-0.12,10,"MHAS","Training-mapped FI6"
0.46,-0.12,1,"MHAS","Training-mapped FI6"
0.48,-0.12,4,"MHAS","Training-mapped FI6"
0.5,-0.12,43,"MHAS","Training-mapped FI6"
0.52,-0.12,12,"MHAS","Training-mapped FI6"
0.54,-0.12,1,"MHAS","Training-mapped FI6"
0.56,-0.12,5,"MHAS","Training-mapped FI6"
0.58,-0.12,20,"MHAS","Training-mapped FI6"
0.6,-0.12,7,"MHAS","Training-mapped FI6"
0.12,-0.1,5,"MHAS","Training-mapped FI6"
0.14,-0.1,11,"MHAS","Training-mapped FI6"
0.16,-0.1,46,"MHAS","Training-mapped FI6"
0.18,-0.1,31,"MHAS","Training-mapped FI6"
0.2,-0.1,5,"MHAS","Training-mapped FI6"
0.22,-0.1,3,"MHAS","Training-mapped FI6"
0.24,-0.1,27,"MHAS","Training-mapped FI6"
0.26,-0.1,17,"MHAS","Training-mapped FI6"
0.3,-0.1,10,"MHAS","Training-mapped FI6"
0.32,-0.1,22,"MHAS","Training-mapped FI6"
0.34,-0.1,17,"MHAS","Training-mapped FI6"
0.36,-0.1,1,"MHAS","Training-mapped FI6"
0.38,-0.1,6,"MHAS","Training-mapped FI6"
0.4,-0.1,29,"MHAS","Training-mapped FI6"
0.42,-0.1,15,"MHAS","Training-mapped FI6"
0.46,-0.1,10,"MHAS","Training-mapped FI6"
0.48,-0.1,31,"MHAS","Training-mapped FI6"
0.5,-0.1,18,"MHAS","Training-mapped FI6"
0.54,-0.1,7,"MHAS","Training-mapped FI6"
0.56,-0.1,14,"MHAS","Training-mapped FI6"
0.58,-0.1,10,"MHAS","Training-mapped FI6"
0.1,-0.08,2,"MHAS","Training-mapped FI6"
0.12,-0.08,6,"MHAS","Training-mapped FI6"
0.14,-0.08,45,"MHAS","Training-mapped FI6"
0.16,-0.08,65,"MHAS","Training-mapped FI6"
0.18,-0.08,6,"MHAS","Training-mapped FI6"
0.2,-0.08,2,"MHAS","Training-mapped FI6"
0.22,-0.08,15,"MHAS","Training-mapped FI6"
0.24,-0.08,25,"MHAS","Training-mapped FI6"
0.26,-0.08,6,"MHAS","Training-mapped FI6"
0.28,-0.08,1,"MHAS","Training-mapped FI6"
0.3,-0.08,8,"MHAS","Training-mapped FI6"
0.32,-0.08,32,"MHAS","Training-mapped FI6"
0.34,-0.08,6,"MHAS","Training-mapped FI6"
0.36,-0.08,1,"MHAS","Training-mapped FI6"
0.38,-0.08,7,"MHAS","Training-mapped FI6"
0.4,-0.08,44,"MHAS","Training-mapped FI6"
0.42,-0.08,11,"MHAS","Training-mapped FI6"
0.46,-0.08,7,"MHAS","Training-mapped FI6"
0.48,-0.08,44,"MHAS","Training-mapped FI6"
0.5,-0.08,13,"MHAS","Training-mapped FI6"
0.52,-0.08,1,"MHAS","Training-mapped FI6"
0.54,-0.08,2,"MHAS","Training-mapped FI6"
0.56,-0.08,18,"MHAS","Training-mapped FI6"
0.58,-0.08,8,"MHAS","Training-mapped FI6"
0.08,-0.06,5,"MHAS","Training-mapped FI6"
0.1,-0.06,14,"MHAS","Training-mapped FI6"
0.12,-0.06,26,"MHAS","Training-mapped FI6"
0.14,-0.06,68,"MHAS","Training-mapped FI6"
0.16,-0.06,21,"MHAS","Training-mapped FI6"
0.18,-0.06,1,"MHAS","Training-mapped FI6"
0.2,-0.06,7,"MHAS","Training-mapped FI6"
0.22,-0.06,42,"MHAS","Training-mapped FI6"
0.24,-0.06,14,"MHAS","Training-mapped FI6"
0.26,-0.06,2,"MHAS","Training-mapped FI6"
0.28,-0.06,12,"MHAS","Training-mapped FI6"
0.3,-0.06,28,"MHAS","Training-mapped FI6"
0.32,-0.06,11,"MHAS","Training-mapped FI6"
0.34,-0.06,1,"MHAS","Training-mapped FI6"
0.36,-0.06,7,"MHAS","Training-mapped FI6"
0.38,-0.06,36,"MHAS","Training-mapped FI6"
0.4,-0.06,27,"MHAS","Training-mapped FI6"
0.42,-0.06,1,"MHAS","Training-mapped FI6"
0.44,-0.06,11,"MHAS","Training-mapped FI6"
0.46,-0.06,31,"MHAS","Training-mapped FI6"
0.48,-0.06,16,"MHAS","Training-mapped FI6"
0.5,-0.06,1,"MHAS","Training-mapped FI6"
0.52,-0.06,5,"MHAS","Training-mapped FI6"
0.54,-0.06,23,"MHAS","Training-mapped FI6"
0.56,-0.06,7,"MHAS","Training-mapped FI6"
0.08,-0.04,8,"MHAS","Training-mapped FI6"
0.1,-0.04,18,"MHAS","Training-mapped FI6"
0.12,-0.04,58,"MHAS","Training-mapped FI6"
0.14,-0.04,90,"MHAS","Training-mapped FI6"
0.16,-0.04,7,"MHAS","Training-mapped FI6"
0.18,-0.04,4,"MHAS","Training-mapped FI6"
0.2,-0.04,23,"MHAS","Training-mapped FI6"
0.22,-0.04,37,"MHAS","Training-mapped FI6"
0.24,-0.04,11,"MHAS","Training-mapped FI6"
0.26,-0.04,3,"MHAS","Training-mapped FI6"
0.28,-0.04,14,"MHAS","Training-mapped FI6"
0.3,-0.04,47,"MHAS","Training-mapped FI6"
0.32,-0.04,9,"MHAS","Training-mapped FI6"
0.34,-0.04,2,"MHAS","Training-mapped FI6"
0.36,-0.04,5,"MHAS","Training-mapped FI6"
0.38,-0.04,39,"MHAS","Training-mapped FI6"
0.4,-0.04,11,"MHAS","Training-mapped FI6"
0.42,-0.04,1,"MHAS","Training-mapped FI6"
0.44,-0.04,16,"MHAS","Training-mapped FI6"
0.46,-0.04,43,"MHAS","Training-mapped FI6"
0.48,-0.04,13,"MHAS","Training-mapped FI6"
0.52,-0.04,3,"MHAS","Training-mapped FI6"
0.54,-0.04,12,"MHAS","Training-mapped FI6"
0.56,-0.04,13,"MHAS","Training-mapped FI6"
0.06,-0.02,4,"MHAS","Training-mapped FI6"
0.08,-0.02,9,"MHAS","Training-mapped FI6"
0.1,-0.02,54,"MHAS","Training-mapped FI6"
0.12,-0.02,70,"MHAS","Training-mapped FI6"
0.14,-0.02,47,"MHAS","Training-mapped FI6"
0.16,-0.02,6,"MHAS","Training-mapped FI6"
0.18,-0.02,17,"MHAS","Training-mapped FI6"
0.2,-0.02,53,"MHAS","Training-mapped FI6"
0.22,-0.02,11,"MHAS","Training-mapped FI6"
0.24,-0.02,3,"MHAS","Training-mapped FI6"
0.26,-0.02,8,"MHAS","Training-mapped FI6"
0.28,-0.02,43,"MHAS","Training-mapped FI6"
0.3,-0.02,8,"MHAS","Training-mapped FI6"
0.32,-0.02,4,"MHAS","Training-mapped FI6"
0.34,-0.02,14,"MHAS","Training-mapped FI6"
0.36,-0.02,61,"MHAS","Training-mapped FI6"
0.38,-0.02,9,"MHAS","Training-mapped FI6"
0.4,-0.02,1,"MHAS","Training-mapped FI6"
0.42,-0.02,2,"MHAS","Training-mapped FI6"
0.44,-0.02,35,"MHAS","Training-mapped FI6"
0.46,-0.02,10,"MHAS","Training-mapped FI6"
0.48,-0.02,2,"MHAS","Training-mapped FI6"
0.5,-0.02,3,"MHAS","Training-mapped FI6"
0.52,-0.02,16,"MHAS","Training-mapped FI6"
0.54,-0.02,10,"MHAS","Training-mapped FI6"
0.06,0,11,"MHAS","Training-mapped FI6"
0.08,0,19,"MHAS","Training-mapped FI6"
0.1,0,55,"MHAS","Training-mapped FI6"
0.12,0,88,"MHAS","Training-mapped FI6"
0.14,0,5,"MHAS","Training-mapped FI6"
0.16,0,7,"MHAS","Training-mapped FI6"
0.18,0,31,"MHAS","Training-mapped FI6"
0.2,0,34,"MHAS","Training-mapped FI6"
0.22,0,8,"MHAS","Training-mapped FI6"
0.24,0,1,"MHAS","Training-mapped FI6"
0.26,0,24,"MHAS","Training-mapped FI6"
0.28,0,50,"MHAS","Training-mapped FI6"
0.3,0,6,"MHAS","Training-mapped FI6"
0.32,0,2,"MHAS","Training-mapped FI6"
0.34,0,9,"MHAS","Training-mapped FI6"
0.36,0,35,"MHAS","Training-mapped FI6"
0.38,0,7,"MHAS","Training-mapped FI6"
0.42,0,13,"MHAS","Training-mapped FI6"
0.44,0,40,"MHAS","Training-mapped FI6"
0.46,0,10,"MHAS","Training-mapped FI6"
0.5,0,11,"MHAS","Training-mapped FI6"
0.52,0,12,"MHAS","Training-mapped FI6"
0.54,0,5,"MHAS","Training-mapped FI6"
0.04,0.02,2,"MHAS","Training-mapped FI6"
0.06,0.02,14,"MHAS","Training-mapped FI6"
0.08,0.02,30,"MHAS","Training-mapped FI6"
0.1,0.02,87,"MHAS","Training-mapped FI6"
0.12,0.02,26,"MHAS","Training-mapped FI6"
0.14,0.02,9,"MHAS","Training-mapped FI6"
0.16,0.02,26,"MHAS","Training-mapped FI6"
0.18,0.02,47,"MHAS","Training-mapped FI6"
0.2,0.02,18,"MHAS","Training-mapped FI6"
0.22,0.02,2,"MHAS","Training-mapped FI6"
0.24,0.02,9,"MHAS","Training-mapped FI6"
0.26,0.02,47,"MHAS","Training-mapped FI6"
0.28,0.02,1,"MHAS","Training-mapped FI6"
0.3,0.02,5,"MHAS","Training-mapped FI6"
0.32,0.02,13,"MHAS","Training-mapped FI6"
0.34,0.02,47,"MHAS","Training-mapped FI6"
0.36,0.02,7,"MHAS","Training-mapped FI6"
0.38,0.02,1,"MHAS","Training-mapped FI6"
0.4,0.02,6,"MHAS","Training-mapped FI6"
0.42,0.02,31,"MHAS","Training-mapped FI6"
0.44,0.02,15,"MHAS","Training-mapped FI6"
0.48,0.02,4,"MHAS","Training-mapped FI6"
0.5,0.02,7,"MHAS","Training-mapped FI6"
0.52,0.02,5,"MHAS","Training-mapped FI6"
0.06,0.04,4,"MHAS","Training-mapped FI6"
0.08,0.04,35,"MHAS","Training-mapped FI6"
0.1,0.04,35,"MHAS","Training-mapped FI6"
0.12,0.04,4,"MHAS","Training-mapped FI6"
0.14,0.04,4,"MHAS","Training-mapped FI6"
0.16,0.04,12,"MHAS","Training-mapped FI6"
0.18,0.04,29,"MHAS","Training-mapped FI6"
0.2,0.04,5,"MHAS","Training-mapped FI6"
0.22,0.04,1,"MHAS","Training-mapped FI6"
0.24,0.04,23,"MHAS","Training-mapped FI6"
0.26,0.04,26,"MHAS","Training-mapped FI6"
0.28,0.04,5,"MHAS","Training-mapped FI6"
0.3,0.04,3,"MHAS","Training-mapped FI6"
0.32,0.04,12,"MHAS","Training-mapped FI6"
0.34,0.04,48,"MHAS","Training-mapped FI6"
0.36,0.04,8,"MHAS","Training-mapped FI6"
0.38,0.04,2,"MHAS","Training-mapped FI6"
0.4,0.04,11,"MHAS","Training-mapped FI6"
0.42,0.04,33,"MHAS","Training-mapped FI6"
0.44,0.04,5,"MHAS","Training-mapped FI6"
0.48,0.04,7,"MHAS","Training-mapped FI6"
0.5,0.04,12,"MHAS","Training-mapped FI6"
0.52,0.04,5,"MHAS","Training-mapped FI6"
0.08,0.06,9,"MHAS","Training-mapped FI6"
0.1,0.06,6,"MHAS","Training-mapped FI6"
0.12,0.06,2,"MHAS","Training-mapped FI6"
0.14,0.06,8,"MHAS","Training-mapped FI6"
0.16,0.06,23,"MHAS","Training-mapped FI6"
0.18,0.06,19,"MHAS","Training-mapped FI6"
0.2,0.06,3,"MHAS","Training-mapped FI6"
0.22,0.06,10,"MHAS","Training-mapped FI6"
0.24,0.06,46,"MHAS","Training-mapped FI6"
0.26,0.06,8,"MHAS","Training-mapped FI6"
0.28,0.06,5,"MHAS","Training-mapped FI6"
0.3,0.06,12,"MHAS","Training-mapped FI6"
0.32,0.06,41,"MHAS","Training-mapped FI6"
0.34,0.06,4,"MHAS","Training-mapped FI6"
0.36,0.06,3,"MHAS","Training-mapped FI6"
0.38,0.06,8,"MHAS","Training-mapped FI6"
0.4,0.06,40,"MHAS","Training-mapped FI6"
0.42,0.06,1,"MHAS","Training-mapped FI6"
0.46,0.06,2,"MHAS","Training-mapped FI6"
0.48,0.06,9,"MHAS","Training-mapped FI6"
0.5,0.06,3,"MHAS","Training-mapped FI6"
0.1,0.08,1,"MHAS","Training-mapped FI6"
0.12,0.08,1,"MHAS","Training-mapped FI6"
0.14,0.08,14,"MHAS","Training-mapped FI6"
0.16,0.08,20,"MHAS","Training-mapped FI6"
0.18,0.08,1,"MHAS","Training-mapped FI6"
0.2,0.08,1,"MHAS","Training-mapped FI6"
0.22,0.08,19,"MHAS","Training-mapped FI6"
0.24,0.08,24,"MHAS","Training-mapped FI6"
0.26,0.08,6,"MHAS","Training-mapped FI6"
0.28,0.08,3,"MHAS","Training-mapped FI6"
0.3,0.08,8,"MHAS","Training-mapped FI6"
0.32,0.08,36,"MHAS","Training-mapped FI6"
0.34,0.08,5,"MHAS","Training-mapped FI6"
0.38,0.08,12,"MHAS","Training-mapped FI6"
0.4,0.08,24,"MHAS","Training-mapped FI6"
0.42,0.08,4,"MHAS","Training-mapped FI6"
0.44,0.08,1,"MHAS","Training-mapped FI6"
0.46,0.08,3,"MHAS","Training-mapped FI6"
0.48,0.08,8,"MHAS","Training-mapped FI6"
0.5,0.08,1,"MHAS","Training-mapped FI6"
0.14,0.1,4,"MHAS","Training-mapped FI6"
0.16,0.1,4,"MHAS","Training-mapped FI6"
0.18,0.1,1,"MHAS","Training-mapped FI6"
0.2,0.1,6,"MHAS","Training-mapped FI6"
0.22,0.1,8,"MHAS","Training-mapped FI6"
0.24,0.1,7,"MHAS","Training-mapped FI6"
0.26,0.1,3,"MHAS","Training-mapped FI6"
0.28,0.1,7,"MHAS","Training-mapped FI6"
0.3,0.1,24,"MHAS","Training-mapped FI6"
0.32,0.1,2,"MHAS","Training-mapped FI6"
0.34,0.1,2,"MHAS","Training-mapped FI6"
0.36,0.1,8,"MHAS","Training-mapped FI6"
0.38,0.1,28,"MHAS","Training-mapped FI6"
0.4,0.1,2,"MHAS","Training-mapped FI6"
0.44,0.1,2,"MHAS","Training-mapped FI6"
0.46,0.1,10,"MHAS","Training-mapped FI6"
0.48,0.1,1,"MHAS","Training-mapped FI6"
0.14,0.12,1,"MHAS","Training-mapped FI6"
0.2,0.12,6,"MHAS","Training-mapped FI6"
0.22,0.12,6,"MHAS","Training-mapped FI6"
0.26,0.12,1,"MHAS","Training-mapped FI6"
0.28,0.12,3,"MHAS","Training-mapped FI6"
0.3,0.12,19,"MHAS","Training-mapped FI6"
0.32,0.12,2,"MHAS","Training-mapped FI6"
0.36,0.12,9,"MHAS","Training-mapped FI6"
0.38,0.12,9,"MHAS","Training-mapped FI6"
0.4,0.12,2,"MHAS","Training-mapped FI6"
0.44,0.12,1,"MHAS","Training-mapped FI6"
0.46,0.12,7,"MHAS","Training-mapped FI6"
0.48,0.12,3,"MHAS","Training-mapped FI6"
0.18,0.14,1,"MHAS","Training-mapped FI6"
0.2,0.14,2,"MHAS","Training-mapped FI6"
0.22,0.14,4,"MHAS","Training-mapped FI6"
0.24,0.14,1,"MHAS","Training-mapped FI6"
0.26,0.14,2,"MHAS","Training-mapped FI6"
0.28,0.14,13,"MHAS","Training-mapped FI6"
0.3,0.14,1,"MHAS","Training-mapped FI6"
0.34,0.14,2,"MHAS","Training-mapped FI6"
0.36,0.14,5,"MHAS","Training-mapped FI6"
0.38,0.14,1,"MHAS","Training-mapped FI6"
0.42,0.14,1,"MHAS","Training-mapped FI6"
0.44,0.14,4,"MHAS","Training-mapped FI6"
0.46,0.14,1,"MHAS","Training-mapped FI6"
0.18,0.16,1,"MHAS","Training-mapped FI6"
0.2,0.16,2,"MHAS","Training-mapped FI6"
0.26,0.16,4,"MHAS","Training-mapped FI6"
0.34,0.16,3,"MHAS","Training-mapped FI6"
0.36,0.16,10,"MHAS","Training-mapped FI6"
0.44,0.16,2,"MHAS","Training-mapped FI6"
0.24,0.18,1,"MHAS","Training-mapped FI6"
0.26,0.18,1,"MHAS","Training-mapped FI6"
0.28,0.18,1,"MHAS","Training-mapped FI6"
0.32,0.18,3,"MHAS","Training-mapped FI6"
0.34,0.18,1,"MHAS","Training-mapped FI6"
0.36,0.18,1,"MHAS","Training-mapped FI6"
0.4,0.18,1,"MHAS","Training-mapped FI6"
0.26,0.2,1,"MHAS","Training-mapped FI6"
0.34,0.2,2,"MHAS","Training-mapped FI6"
0.32,0.22,1,"MHAS","Training-mapped FI6"
