"cohort","source","variable","label"
"HRS","HRS_USA/randhrs1992_2022v1.dta","r14mstat","r14mstat:w14 r marital status"
"HRS","HRS_USA/randhrs1992_2022v1.dta","r14mpart","r14mpart:w14 r partnered"
"HRS","HRS_USA/randhrs1992_2022v1.dta","r14mrct","r14mrct:w14 r # marriages"
"HRS","HRS_USA/randhrs1992_2022v1.dta","r14mlen","r14mlen:w14 r length of longest marriage"
"HRS","HRS_USA/randhrs1992_2022v1.dta","r14mcurln","r14mcurln:w14 r length of current marriage"
"HRS","HRS_USA/randhrs1992_2022v1.dta","r14mlenm","r14mlenm:w14 r # marriage lengths missng"
"HRS","HRS_USA/randhrs1992_2022v1.dta","r14mdiv","r14mdiv:w14 r # times divorced"
"HRS","HRS_USA/randhrs1992_2022v1.dta","r14mwid","r14mwid:w14 r # times widowed"
"HRS","HRS_USA/randhrs1992_2022v1.dta","r14mnev","r14mnev:w14 r never married"
"HRS","HRS_USA/randhrs1992_2022v1.dta","r14mend","r14mend:w14 r # times unknown end marriage"
"HRS","HRS_USA/randhrs1992_2022v1.dta","r14mstath","r14mstath:w14 r marstat-w/o part,filled"
"HRS","HRS_USA/randhrs1992_2022v1.dta","r14mstatf","r14mstatf:w14 r mstath-flag diff w/marhist"
"HRS","HRS_USA/randhrs1992_2022v1.dta","r14cenreg","r14cenreg:w14 census region"
"HRS","HRS_USA/randhrs1992_2022v1.dta","r14cendiv","r14cendiv:w14 census division"
"HRS","HRS_USA/randhrs1992_2022v1.dta","r14famr","r14famr:w14 whether family resp"
"HRS","HRS_USA/randhrs1992_2022v1.dta","r14finr","r14finr:w14 whether financial resp"
"HRS","HRS_USA/randhrs1992_2022v1.dta","r14iwbeg","r14iwbeg:w14 interview begin date"
"HRS","HRS_USA/randhrs1992_2022v1.dta","r14iwend","r14iwend:w14 interview end date"
"HRS","HRS_USA/randhrs1992_2022v1.dta","r14iwmid","r14iwmid:w14 interview midpoint date"
"HRS","HRS_USA/randhrs1992_2022v1.dta","r14iwmidf","r14iwmidf:w14 interview midpt date flag"
"HRS","HRS_USA/randhrs1992_2022v1.dta","r14proxy","r14proxy:w14 whether proxy interview"
"HRS","HRS_USA/randhrs1992_2022v1.dta","r14iwstat","r14iwstat:w14 r interview status"
"HRS","HRS_USA/randhrs1992_2022v1.dta","r14urbrur","r14urbrur:w14 urban-suburban-rural"
"HRS","HRS_USA/randhrs1992_2022v1.dta","r14pexit","r14pexit:w14 exit or post-exit interview administered this wave"
"HRS","HRS_USA/randhrs1992_2022v1.dta","r14agem_b","r14agem_b:w14 r age (months) at ivw begmon"
"HRS","HRS_USA/randhrs1992_2022v1.dta","r14agem_e","r14agem_e:w14 r age (months) at ivw endmon"
"HRS","HRS_USA/randhrs1992_2022v1.dta","r14agem_m","r14agem_m:w14 r age (months) at ivw midmon"
"HRS","HRS_USA/randhrs1992_2022v1.dta","r14agey_b","r14agey_b:w14 r age (years) at ivw begmon"
"HRS","HRS_USA/randhrs1992_2022v1.dta","r14agey_e","r14agey_e:w14 r age (years) at ivw endmon"
"HRS","HRS_USA/randhrs1992_2022v1.dta","r14agey_m","r14agey_m:w14 r age (years) at ivw midmon"
"HRS","HRS_USA/randhrs1992_2022v1.dta","r14wthh","r14wthh:w14 household analysis weight"
"HRS","HRS_USA/randhrs1992_2022v1.dta","r14wtresp","r14wtresp:w14 person-level analysis weight"
"HRS","HRS_USA/randhrs1992_2022v1.dta","r14wtr_nh","r14wtr_nh:w14 nurshm resident analysis weight"
"HRS","HRS_USA/randhrs1992_2022v1.dta","r14wtcrnh","r14wtcrnh:w14 combined respondent weight and nurshm resident weight"
"HRS","HRS_USA/randhrs1992_2022v1.dta","r14iwendm","r14iwendm:w14 interview end month"
"HRS","HRS_USA/randhrs1992_2022v1.dta","r14iwendy","r14iwendy:w14 interview end year"
"HRS","HRS_USA/randhrs1992_2022v1.dta","r14shlt","r14shlt:w14 self-report of health"
"HRS","HRS_USA/randhrs1992_2022v1.dta","r14shltc","r14shltc:w14 change in self-reported hlth"
"HRS","HRS_USA/randhrs1992_2022v1.dta","r14shltcf","r14shltcf:w14 flag chg self-reported hlth"
"HRS","HRS_USA/randhrs1992_2022v1.dta","r14hltc3","r14hltc3:w14 self-report of health change"
"HRS","HRS_USA/randhrs1992_2022v1.dta","r14depres","r14depres:w14 cesd: felt depressed"
"HRS","HRS_USA/randhrs1992_2022v1.dta","r14effort","r14effort:w14 cesd: everything an effort"
"HRS","HRS_USA/randhrs1992_2022v1.dta","r14sleepr","r14sleepr:w14 cesd: sleep was restless"
"HRS","HRS_USA/randhrs1992_2022v1.dta","r14whappy","r14whappy:w14 cesd: was happy"
"HRS","HRS_USA/randhrs1992_2022v1.dta","r14flone","r14flone:w14 cesd: felt lonely"
"HRS","HRS_USA/randhrs1992_2022v1.dta","r14enlife","r14enlife:w14 cesd: enjoyed life"
"HRS","HRS_USA/randhrs1992_2022v1.dta","r14fsad","r14fsad:w14 cesd: felt sad"
"HRS","HRS_USA/randhrs1992_2022v1.dta","r14going","r14going:w14 cesd: could not get going"
"HRS","HRS_USA/randhrs1992_2022v1.dta","r14cesd","r14cesd:w14 cesd score"
"HRS","HRS_USA/randhrs1992_2022v1.dta","r14cesdm","r14cesdm:w14 missings in cesd score"
"HRS","HRS_USA/randhrs1992_2022v1.dta","r14vgactx","r14vgactx:w14 r freq vigorous phys activ {finer scale}"
"HRS","HRS_USA/randhrs1992_2022v1.dta","r14mdactx","r14mdactx:w14 r freq moderate phys activ {finer scale}"
"HRS","HRS_USA/randhrs1992_2022v1.dta","r14ltactx","r14ltactx:w14 r freq light phys activ {finer scale}"
"HRS","HRS_USA/randhrs1992_2022v1.dta","r14flusht","r14flusht:w14 prev flu shot"
"HRS","HRS_USA/randhrs1992_2022v1.dta","r14cholst","r14cholst:w14 prev cholesterol"
"HRS","HRS_USA/randhrs1992_2022v1.dta","r14mammog","r14mammog:w14 prev mammogram"
"HRS","HRS_USA/randhrs1992_2022v1.dta","r14papsm","r14papsm:w14 prev pap smear"
"HRS","HRS_USA/randhrs1992_2022v1.dta","r14prost","r14prost:w14 prev prostate"
"HRS","HRS_USA/randhrs1992_2022v1.dta","r14bmi","r14bmi:w14 self-reported body mass index=kg/m2"
"HRS","HRS_USA/randhrs1992_2022v1.dta","r14height","r14height:w14 self-reported height in meters"
"HRS","HRS_USA/randhrs1992_2022v1.dta","r14weight","r14weight:w14 self-reported weight in kilograms"
"HRS","HRS_USA/randhrs1992_2022v1.dta","r14back","r14back:w14 r had back problems"
"HRS","HRS_USA/randhrs1992_2022v1.dta","r14smokev","r14smokev:w14 r smoke ever"
"HRS","HRS_USA/randhrs1992_2022v1.dta","r14smoken","r14smoken:w14 r smokes now"
"HRS","HRS_USA/randhrs1992_2022v1.dta","r14drink","r14drink:w14 r ever drinks any alcohol"
"HRS","HRS_USA/randhrs1992_2022v1.dta","r14drinkd","r14drinkd:w14 r # days/week drinks"
"HRS","HRS_USA/randhrs1992_2022v1.dta","r14drinkn","r14drinkn:w14 r # drinks/day when drinks"
"HRS","HRS_USA/randhrs1992_2022v1.dta","r14sleep","r14sleep:w14 r reports sleep disorder this wv"
"HRS","HRS_USA/randhrs1992_2022v1.dta","r14sleepq","r14sleepq:w14 q-wording sleep disorder this wv"
"HRS","HRS_USA/randhrs1992_2022v1.dta","r14sleepe","r14sleepe:w14 r ever had sleep disorder"
"HRS","HRS_USA/randhrs1992_2022v1.dta","r14sleeps","r14sleeps:w14 r had sleep disorder snce last iw"
"HRS","HRS_USA/randhrs1992_2022v1.dta","r14hibpq","r14hibpq:w14 q-wording high bp this wv"
"HRS","HRS_USA/randhrs1992_2022v1.dta","r14hibp","r14hibp:w14 r reports high bp this wv"
"HRS","HRS_USA/randhrs1992_2022v1.dta","r14hibpe","r14hibpe:w14 r ever had high blood pressure"
"HRS","HRS_USA/randhrs1992_2022v1.dta","r14hibps","r14hibps:w14 r had hi bp since last iw"
"HRS","HRS_USA/randhrs1992_2022v1.dta","r14hibpf","r14hibpf:w14 flag dispute chg hi bp"
"HRS","HRS_USA/randhrs1992_2022v1.dta","r14hibpe2","r14hibpe2:w14 r ever had high blood pressure-2 consecutive reports"
"HRS","HRS_USA/randhrs1992_2022v1.dta","r14diabq","r14diabq:w14 q-wording diabetes this wv"
"HRS","HRS_USA/randhrs1992_2022v1.dta","r14diab","r14diab:w14 r reports diabetes this wv"
"HRS","HRS_USA/randhrs1992_2022v1.dta","r14diabe","r14diabe:w14 r ever had diabetes"
"HRS","HRS_USA/randhrs1992_2022v1.dta","r14diabs","r14diabs:w14 r had diabetes since last iw"
"HRS","HRS_USA/randhrs1992_2022v1.dta","r14diabf","r14diabf:w14 flag dispute chg diabetes"
"HRS","HRS_USA/randhrs1992_2022v1.dta","r14diabe2","r14diabe2:w14 r ever had diabetes-2 consecutive reports"
"HRS","HRS_USA/randhrs1992_2022v1.dta","r14cancrq","r14cancrq:w14 q-wording cancer this wv"
"HRS","HRS_USA/randhrs1992_2022v1.dta","r14cancr","r14cancr:w14 r reports cancer this wv"
"HRS","HRS_USA/randhrs1992_2022v1.dta","r14cancre","r14cancre:w14 r ever had cancer"
"HRS","HRS_USA/randhrs1992_2022v1.dta","r14cancrs","r14cancrs:w14 r had cancer since last iw"
"HRS","HRS_USA/randhrs1992_2022v1.dta","r14cancrf","r14cancrf:w14 flag dispute chg cancer"
"HRS","HRS_USA/randhrs1992_2022v1.dta","r14cancre2","r14cancre2:w14 r ever had cancer-2 consecutive reports"
"HRS","HRS_USA/randhrs1992_2022v1.dta","r14lungq","r14lungq:w14 q-wording lung disease this wv"
"HRS","HRS_USA/randhrs1992_2022v1.dta","r14lung","r14lung:w14 r reports lung disease this wv"
"HRS","HRS_USA/randhrs1992_2022v1.dta","r14lunge","r14lunge:w14 r ever had lung disease"
"HRS","HRS_USA/randhrs1992_2022v1.dta","r14lungs","r14lungs:w14 r had lung dis since last iw"
"HRS","HRS_USA/randhrs1992_2022v1.dta","r14lungf","r14lungf:w14 flag dispute chg lung disease"
"HRS","HRS_USA/randhrs1992_2022v1.dta","r14lunge2","r14lunge2:w14 r ever had lung disease-2 consecutive reports"
"HRS","HRS_USA/randhrs1992_2022v1.dta","r14heartq","r14heartq:w14 q-wording heart prob this wv"
"HRS","HRS_USA/randhrs1992_2022v1.dta","r14heart","r14heart:w14 r reports heart prob this wv"
"HRS","HRS_USA/randhrs1992_2022v1.dta","r14hearte","r14hearte:w14 r ever had heart problems"
"HRS","HRS_USA/randhrs1992_2022v1.dta","r14hearts","r14hearts:w14 r had heart prob snce lastiw"
"HRS","HRS_USA/randhrs1992_2022v1.dta","r14heartf","r14heartf:w14 flag dispute chg heart prob"
"HRS","HRS_USA/randhrs1992_2022v1.dta","r14hearte2","r14hearte2:w14 r ever had heart problems-2 consecutive reports"
"HRS","HRS_USA/randhrs1992_2022v1.dta","r14strokq","r14strokq:w14 q-wording stroke this wv"
"HRS","HRS_USA/randhrs1992_2022v1.dta","r14strok","r14strok:w14 r reports stroke this wv"
"HRS","HRS_USA/randhrs1992_2022v1.dta","r14stroke","r14stroke:w14 r ever had stroke"
"HRS","HRS_USA/randhrs1992_2022v1.dta","r14stroks","r14stroks:w14 r had stroke since last iw"
"HRS","HRS_USA/randhrs1992_2022v1.dta","r14strokf","r14strokf:w14 flag dispute chg stroke"
"HRS","HRS_USA/randhrs1992_2022v1.dta","r14stroke2","r14stroke2:w14 r ever had stroke-2 consecutive reports"
"HRS","HRS_USA/randhrs1992_2022v1.dta","r14psychq","r14psychq:w14 q-wording psych prob this wv"
"HRS","HRS_USA/randhrs1992_2022v1.dta","r14psych","r14psych:w14 r reports psych prob this wv"
"HRS","HRS_USA/randhrs1992_2022v1.dta","r14psyche","r14psyche:w14 r ever had psych problems"
"HRS","HRS_USA/randhrs1992_2022v1.dta","r14psychs","r14psychs:w14 r had psych prob snce lastiw"
"HRS","HRS_USA/randhrs1992_2022v1.dta","r14psychf","r14psychf:w14 flag dispute chg psych probs"
"HRS","HRS_USA/randhrs1992_2022v1.dta","r14psyche2","r14psyche2:w14 r ever had psych problems-2 consecutive reports"
"HRS","HRS_USA/randhrs1992_2022v1.dta","r14arthrq","r14arthrq:w14 q-wording arthritis this wv"
"HRS","HRS_USA/randhrs1992_2022v1.dta","r14arthr","r14arthr:w14 r reports arthritis this wv"
"HRS","HRS_USA/randhrs1992_2022v1.dta","r14arthre","r14arthre:w14 r ever had arthritis"
"HRS","HRS_USA/randhrs1992_2022v1.dta","r14arthrs","r14arthrs:w14 r had arthritis snce last iw"
"HRS","HRS_USA/randhrs1992_2022v1.dta","r14arthrf","r14arthrf:w14 flag dispute chg arthritis"
"HRS","HRS_USA/randhrs1992_2022v1.dta","r14arthre2","r14arthre2:w14 r ever had arthritis-2 consecutive reports"
"HRS","HRS_USA/randhrs1992_2022v1.dta","r14alzheq","r14alzheq:w14 q-wording of alzheimer this wv"
"HRS","HRS_USA/randhrs1992_2022v1.dta","r14alzhe","r14alzhe:w14 r reports alzheimer this wv"
"HRS","HRS_USA/randhrs1992_2022v1.dta","r14alzhee","r14alzhee:w14 r ever reported alzheimer"
"HRS","HRS_USA/randhrs1992_2022v1.dta","r14alzhes","r14alzhes:w14 r had alzheimer onset snce last iw"
"HRS","HRS_USA/randhrs1992_2022v1.dta","r14alzhef","r14alzhef:w14 flag chg prev report of alzheimer"
"HRS","HRS_USA/randhrs1992_2022v1.dta","r14alzhee2","r14alzhee2:w14 r ever reported alzheimer-2 consecutive reports"
"HRS","HRS_USA/randhrs1992_2022v1.dta","r14demenq","r14demenq:w14 q-wording of dementia this wv"
"HRS","HRS_USA/randhrs1992_2022v1.dta","r14demen","r14demen:w14 r reports dementia this wv"
"HRS","HRS_USA/randhrs1992_2022v1.dta","r14demene","r14demene:w14 r ever reported dementia"
"HRS","HRS_USA/randhrs1992_2022v1.dta","r14demens","r14demens:w14 r had dementia onset snce last iw"
"HRS","HRS_USA/randhrs1992_2022v1.dta","r14demenf","r14demenf:w14 flag chg prev report of dementia"
"HRS","HRS_USA/randhrs1992_2022v1.dta","r14demene2","r14demene2:w14 r ever reported dementia-2 consecutive reports"
"HRS","HRS_USA/randhrs1992_2022v1.dta","r14condef","r14condef:w14 # chg from dispute/sum ever"
"HRS","HRS_USA/randhrs1992_2022v1.dta","r14condsf","r14condsf:w14 # chg from dispute/sum since"
"HRS","HRS_USA/randhrs1992_2022v1.dta","r14condsp","r14condsp:w14 flag prv ivw not wv-1/since"
"HRS","HRS_USA/randhrs1992_2022v1.dta","r14conde","r14conde:w14 sum of conditions ever had"
"HRS","HRS_USA/randhrs1992_2022v1.dta","r14conds","r14conds:w14 sum of conditns since lastiw"
"HRS","HRS_USA/randhrs1992_2022v1.dta","r14status","r14status:w14 status:imputation eligibility status"
"HRS","HRS_USA/randhrs1992_2022v1.dta","r14imrcp","r14imrcp:w14 ftf/tel immediate word recall"
"HRS","HRS_USA/randhrs1992_2022v1.dta","r14imrcw","r14imrcw:w14 web immediate word recall"
"HRS","HRS_USA/randhrs1992_2022v1.dta","r14dlrcp","r14dlrcp:w14 ftf/tel delayed word recall"
"HRS","HRS_USA/randhrs1992_2022v1.dta","r14dlrcw","r14dlrcw:w14 web delayed word recall"
"HRS","HRS_USA/randhrs1992_2022v1.dta","r14tr20p","r14tr20p: w14 ftf/tel total word recall summary score"
"HRS","HRS_USA/randhrs1992_2022v1.dta","r14tr20w","r14tr20w: w14 web total word recall summary score"
"HRS","HRS_USA/randhrs1992_2022v1.dta","r14ser7p","r14ser7p: w14 ftf/tel serial 7s"
"HRS","HRS_USA/randhrs1992_2022v1.dta","r14ser7w","r14ser7w: w14 web serial 7s"
"HRS","HRS_USA/randhrs1992_2022v1.dta","r14bwc20p","r14bwc20p:w14 ftf/tel backwards count from 20"
"HRS","HRS_USA/randhrs1992_2022v1.dta","r14bwc20w","r14bwc20w:w14 web backwards count from 20"
"HRS","HRS_USA/randhrs1992_2022v1.dta","r14mop","r14mop:w14 ftf/tel cognition date naming-month"
"HRS","HRS_USA/randhrs1992_2022v1.dta","r14dyp","r14dyp:w14 ftf/tel cognition date naming-day of month"
"HRS","HRS_USA/randhrs1992_2022v1.dta","r14yrp","r14yrp:w14 ftf/tel cognition date naming-year"
"HRS","HRS_USA/randhrs1992_2022v1.dta","r14dwp","r14dwp:w14 ftf/tel cognition date naming-day of week"
"HRS","HRS_USA/randhrs1992_2022v1.dta","r14scisp","r14scisp:w14 ftf/tel scissors"
"HRS","HRS_USA/randhrs1992_2022v1.dta","r14cactp","r14cactp:w14 ftf/tel cactus"
"HRS","HRS_USA/randhrs1992_2022v1.dta","r14presp","r14presp:w14 ftf/tel president"
"HRS","HRS_USA/randhrs1992_2022v1.dta","r14vpp","r14vpp:w14 ftf/tel vice president"
"HRS","HRS_USA/randhrs1992_2022v1.dta","r14vocabp","r14vocabp:w14 ftf/tel vocab sum score"
"HRS","HRS_USA/randhrs1992_2022v1.dta","r14mstotp","r14mstotp: w14 ftf/tel total mental status summary score"
"HRS","HRS_USA/randhrs1992_2022v1.dta","r14cogtotp","r14cogtotp: w14 ftf/tel total cognition summary score"
"HRS","HRS_USA/randhrs1992_2022v1.dta","r14cog27","r14cog27:w14 27-point mode-adjusted cognition summary score"
"HRS","HRS_USA/randhrs1992_2022v1.dta","r14slfmem","r14slfmem:w14 self rated memory"
"HRS","HRS_USA/randhrs1992_2022v1.dta","r14pstmem","r14pstmem:w14 memory compared to past"
"HRS","HRS_USA/randhrs1992_2022v1.dta","r14fimrcp","r14fimrcp:w14 ftf/tel impflag: immediate word recall"
"HRS","HRS_USA/randhrs1992_2022v1.dta","r14fimrcw","r14fimrcw:w14 web impflag: immediate word recall"
"HRS","HRS_USA/randhrs1992_2022v1.dta","r14fdlrcp","r14fdlrcp:w14 ftf/tel impflag: delayed word recall"
"HRS","HRS_USA/randhrs1992_2022v1.dta","r14fdlrcw","r14fdlrcw:w14 web impflag: delayed word recall"
"HRS","HRS_USA/randhrs1992_2022v1.dta","r14fser7p","r14fser7p:w14 ftf/tel impflag: serial 7s"
"HRS","HRS_USA/randhrs1992_2022v1.dta","r14fser7w","r14fser7w:w14 web impflag: serial 7s"
"HRS","HRS_USA/randhrs1992_2022v1.dta","r14fbwc20p","r14fbwc20p:w14 ftf/tel impflag: backwards count from 20"
"HRS","HRS_USA/randhrs1992_2022v1.dta","r14fbwc20w","r14fbwc20w:w14 web impflag: backwards count from 20"
"HRS","HRS_USA/randhrs1992_2022v1.dta","r14fmop","r14fmop:w14 ftf/tel impflag: date: month"
"HRS","HRS_USA/randhrs1992_2022v1.dta","r14fdyp","r14fdyp:w14 ftf/tel impflag: date: day of month"
"HRS","HRS_USA/randhrs1992_2022v1.dta","r14fyrp","r14fyrp:w14 ftf/tel impflag: date: year"
"HRS","HRS_USA/randhrs1992_2022v1.dta","r14fdwp","r14fdwp:w14 ftf/tel impflag: date: day of week"
"HRS","HRS_USA/randhrs1992_2022v1.dta","r14fscisp","r14fscisp:w14 ftf/tel impflag: scissors"
"HRS","HRS_USA/randhrs1992_2022v1.dta","r14fcactp","r14fcactp:w14 ftf/tel impflag: cactus"
"HRS","HRS_USA/randhrs1992_2022v1.dta","r14fpresp","r14fpresp:w14 ftf/tel impflag: president"
"HRS","HRS_USA/randhrs1992_2022v1.dta","r14fvpp","r14fvpp:w14 ftf/tel impflag: vice president"
"HRS","HRS_USA/randhrs1992_2022v1.dta","r14fvocabp","r14fvocabp:w14 ftf/tel impflag: vocab sum score"
"HRS","HRS_USA/randhrs1992_2022v1.dta","r14fslfme","r14fslfme:w14 impflag: self rated memory"
"HRS","HRS_USA/randhrs1992_2022v1.dta","r14fpstme","r14fpstme:w14 impflag: memory compared to past"
"HRS","HRS_USA/randhrs1992_2022v1.dta","r14notics","r14notics:w14 not asked tics items"
"HRS","HRS_USA/randhrs1992_2022v1.dta","r14novoc","r14novoc:w14 not asked vocabulary"
"HRS","HRS_USA/randhrs1992_2022v1.dta","r14cogmode","r14cogmode:w14 cognition section mode: ftf/tel or web"
"HRS","HRS_USA/randhrs1992_2022v1.dta","r14hosp","r14hosp:w14 hospital stay, prv 2 yrs/since prvivw"
"HRS","HRS_USA/randhrs1992_2022v1.dta","r14nrshom","r14nrshom:w14 nurs home stay, prv 2 yrs/since prvivw"
"HRS","HRS_USA/randhrs1992_2022v1.dta","r14doctor","r14doctor:w14 doctor visit, prv 2 yrs/since prvivw"
"HRS","HRS_USA/randhrs1992_2022v1.dta","r14outpt","r14outpt:w14 outpatient surgry, prv 2 yrs/since prvivw"
"HRS","HRS_USA/randhrs1992_2022v1.dta","r14dentst","r14dentst:w14 dental visit, prv 2 yrs/since prvivw"
"HRS","HRS_USA/randhrs1992_2022v1.dta","r14drugs","r14drugs:w14 reg take rx, prv 2 yrs"
"HRS","HRS_USA/randhrs1992_2022v1.dta","r14homcar","r14homcar:w14 home hlth care, prv 2 yrs/since prvivw"
"HRS","HRS_USA/randhrs1992_2022v1.dta","r14spcfac","r14spcfac:w14 spec hlth facilty, prv 2 yrs/since prvivw"
"HRS","HRS_USA/randhrs1992_2022v1.dta","r14hsptim","r14hsptim:w14 # hospital stays, prv 2 yrs/since prvivw"
"HRS","HRS_USA/randhrs1992_2022v1.dta","r14nrstim","r14nrstim:w14 # nurs home stays, prv 2 yrs/since prvivw"
"HRS","HRS_USA/randhrs1992_2022v1.dta","r14hspnit","r14hspnit:w14 # nights in hosp, prv 2 yrs/since prvivw"
"HRS","HRS_USA/randhrs1992_2022v1.dta","r14doctim","r14doctim:w14 # doctor vists, prv 2 yrs/since prvivw"
"HRS","HRS_USA/randhrs1992_2022v1.dta","r14nhmliv","r14nhmliv:w14 live in nurs home at ivw"
"HRS","HRS_USA/randhrs1992_2022v1.dta","r14nhmmvy","r14nhmmvy:w14 year moved to nurs home"
"HRS","HRS_USA/randhrs1992_2022v1.dta","r14nhmmvm","r14nhmmvm:w14 month moved to nurs home"
"HRS","HRS_USA/randhrs1992_2022v1.dta","r14nhmday","r14nhmday:w14 days in nh from move/prvivw"
"HRS","HRS_USA/randhrs1992_2022v1.dta","r14nrsnit","r14nrsnit:w14 # nights in nurs home, prv 2 yrs/since prvivw"
"HRS","HRS_USA/randhrs1992_2022v1.dta","r14oopmd","r14oopmd:w14 mexp amt:out of pkt med exp, prv 2 yrs"
"HRS","HRS_USA/randhrs1992_2022v1.dta","r14oopmdf","r14oopmdf:w14 mexp flag:out of pkt imputed"
"HRS","HRS_USA/randhrs1992_2022v1.dta","r14oopmdo","r14oopmdo:w14 mexp amt:out of pkt med exp w oth, prv 2 yrs"
"HRS","HRS_USA/randhrs1992_2022v1.dta","r14oopmdof","r14oopmdof:w14 mexp flag:out of pkt w oth imputed"
"HRS","HRS_USA/randhrs1992_2022v1.dta","r14bpsys","r14bpsys:w14 r systolic blood pressure"
"HRS","HRS_USA/randhrs1992_2022v1.dta","r14bpdia","r14bpdia:w14 r diastolic blood pressure"
"HRS","HRS_USA/randhrs1992_2022v1.dta","r14bppuls","r14bppuls:w14 r pulse"
"HRS","HRS_USA/randhrs1992_2022v1.dta","r14bppos","r14bppos:w14 r position during bp measures"
"HRS","HRS_USA/randhrs1992_2022v1.dta","r14puff","r14puff:w14 r breathing test"
"HRS","HRS_USA/randhrs1992_2022v1.dta","r14puffpos","r14puffpos:w14 r pos during breathing tests"
"HRS","HRS_USA/randhrs1992_2022v1.dta","r14grpdom","r14grpdom:w14 r dominant hand"
"HRS","HRS_USA/randhrs1992_2022v1.dta","r14grpl","r14grpl:w14 r hand grip strength-left hand"
"HRS","HRS_USA/randhrs1992_2022v1.dta","r14grpr","r14grpr:w14 r hand grip strength-right hand"
"HRS","HRS_USA/randhrs1992_2022v1.dta","r14grppos","r14grppos:w14 r pos during grip strength tests"
"HRS","HRS_USA/randhrs1992_2022v1.dta","r14grp","r14grp:w14 r hand grip strength max msrmnt"
"HRS","HRS_USA/randhrs1992_2022v1.dta","r14balsemi","r14balsemi:w14 r semi tandem bal test time"
"HRS","HRS_USA/randhrs1992_2022v1.dta","r14balsemic","r14balsemic:w14 r semi tandem bal test-comp mvmts"
"HRS","HRS_USA/randhrs1992_2022v1.dta","r14balsbs","r14balsbs:w14 r side-by-side bal test time"
"HRS","HRS_USA/randhrs1992_2022v1.dta","r14balsbsc","r14balsbsc:w14 r side-by-side bal test-comp mvmt"
"HRS","HRS_USA/randhrs1992_2022v1.dta","r14balful","r14balful:w14 r full tandem bal test time"
"HRS","HRS_USA/randhrs1992_2022v1.dta","r14balfulc","r14balfulc:w14 r full tandem bal test-comp mvmt"
"HRS","HRS_USA/randhrs1992_2022v1.dta","r14balfult","r14balfult:w14 r full tandem bal test-cmpltd"
"HRS","HRS_USA/randhrs1992_2022v1.dta","r14timwlk","r14timwlk:w14 r timed walk test time"
"HRS","HRS_USA/randhrs1992_2022v1.dta","r14timwlka","r14timwlka:w14 r timed walk test-walk aid used"
"HRS","HRS_USA/randhrs1992_2022v1.dta","r14pmhght","r14pmhght:w14 r phys msr height in meters"
"HRS","HRS_USA/randhrs1992_2022v1.dta","r14pmhghts","r14pmhghts:w14 r phys msr height-wore shoes"
"HRS","HRS_USA/randhrs1992_2022v1.dta","r14pmwght","r14pmwght:w14 r phys msr weight in kilograms"
"HRS","HRS_USA/randhrs1992_2022v1.dta","r14pmwghts","r14pmwghts:w14 r phys msr weight-wore shoes"
"HRS","HRS_USA/randhrs1992_2022v1.dta","r14pmwghtf","r14pmwghtf:w14 r phys msr weight-floor type"
"HRS","HRS_USA/randhrs1992_2022v1.dta","r14pmbmi","r14pmbmi:w14 r phys msr body mass index=kg/m2"
"HRS","HRS_USA/randhrs1992_2022v1.dta","r14pmwaist","r14pmwaist:w14 r phys msr waist"
"HRS","HRS_USA/randhrs1992_2022v1.dta","r14pmwaistc","r14pmwaistc:w14 r phys msr waist-bulky clothes"
"HRS","HRS_USA/randhrs1992_2022v1.dta","r14dborlmed","r14dborlmed:w14 r reports taking oral meds for diabetes"
"HRS","HRS_USA/randhrs1992_2022v1.dta","r14dbinsuln","r14dbinsuln:w14 r reports taking insulin for diabetes"
"HRS","HRS_USA/randhrs1992_2022v1.dta","r14dbstage","r14dbstage:w14 r stage of diabetes"
"HRS","HRS_USA/randhrs1992_2022v1.dta","r14dbdiagyr","r14dbdiagyr:w14 r year diabetes first diagnosed"
"HRS","HRS_USA/randhrs1992_2022v1.dta","r14depyr","r14depyr:w14 r depressed in past year"
"HRS","HRS_USA/randhrs1992_2022v1.dta","r14deppor","r14deppor:w14 r depressed what portion of day"
"HRS","HRS_USA/randhrs1992_2022v1.dta","r14depevd","r14depevd:w14 r depressed every day"
"HRS","HRS_USA/randhrs1992_2022v1.dta","r14deplos","r14deplos:w14 r loss of interest"
"HRS","HRS_USA/randhrs1992_2022v1.dta","r14deptir","r14deptir:w14 r feeling tired"
"HRS","HRS_USA/randhrs1992_2022v1.dta","r14depnoap","r14depnoap:w14 r lose appetite"
"HRS","HRS_USA/randhrs1992_2022v1.dta","r14dephun","r14dephun:w14 r appetite increased"
"HRS","HRS_USA/randhrs1992_2022v1.dta","r14depsle","r14depsle:w14 r trouble falling asleep"
"HRS","HRS_USA/randhrs1992_2022v1.dta","r14depnit","r14depnit:w14 r frequency of sleep trouble"
"HRS","HRS_USA/randhrs1992_2022v1.dta","r14depcon","r14depcon:w14 r trouble concentrating"
"HRS","HRS_USA/randhrs1992_2022v1.dta","r14depdown","r14depdown:w14 r feeling down on yourself"
"HRS","HRS_USA/randhrs1992_2022v1.dta","r14deptho","r14deptho:w14 r thoughts about death"
"HRS","HRS_USA/randhrs1992_2022v1.dta","r14depwks","r14depwks:w14 r number of weeks felt depressed"
"HRS","HRS_USA/randhrs1992_2022v1.dta","r14deprecm","r14deprecm:w14 r most recent month felt depressed"
"HRS","HRS_USA/randhrs1992_2022v1.dta","r14eyert","r14eyert:w14 self-report of eyesight"
"HRS","HRS_USA/randhrs1992_2022v1.dta","r14eyefr","r14eyefr:w14 self-report of far eyesight"
"HRS","HRS_USA/randhrs1992_2022v1.dta","r14eyenr","r14eyenr:w14 self-report of near eyesight"
"HRS","HRS_USA/randhrs1992_2022v1.dta","r14eyecat","r14eyecat:w14 r reports cataract srgry this wv"
"HRS","HRS_USA/randhrs1992_2022v1.dta","r14eyeglc","r14eyeglc:w14 r reports glaucoma tx this wv"
"HRS","HRS_USA/randhrs1992_2022v1.dta","r14earaid","r14earaid:w14 r reports hearing aid this wv"
"HRS","HRS_USA/randhrs1992_2022v1.dta","r14earrt","r14earrt:w14 self-report of hearing"
"HRS","HRS_USA/randhrs1992_2022v1.dta","r14sleepfal","r14sleepfal:w14 r reports trouble falling asleep"
"HRS","HRS_USA/randhrs1992_2022v1.dta","r14sleepwkn","r14sleepwkn:w14 r reports trouble waking up during night"
"HRS","HRS_USA/randhrs1992_2022v1.dta","r14sleepwke","r14sleepwke:w14 r reports trouble waking up too early"
"HRS","HRS_USA/randhrs1992_2022v1.dta","r14sleeprt","r14sleeprt:w14 r reports feeling rested in am"
"HRS","HRS_USA/randhrs1992_2022v1.dta","r14sdapnea","r14sdapnea:w14 r reports sleep apnea as dx sleep disorder"
"HRS","HRS_USA/randhrs1992_2022v1.dta","r14sdinsom","r14sdinsom:w14 r reports insomnia as dx sleep disorder"
"HRS","HRS_USA/randhrs1992_2022v1.dta","r14sdrstlg","r14sdrstlg:w14 r reports restless leg syndrome as dx sleep disorder"
"HRS","HRS_USA/randhrs1992_2022v1.dta","r14sdnrclps","r14sdnrclps:w14 r reports narcolepsy as dx sleep disorder"
"HRS","HRS_USA/randhrs1992_2022v1.dta","r14sdoth","r14sdoth:w14 r reports other dx sleep disorder"
"HRS","HRS_USA/randhrs1992_2022v1.dta","r14sleepsn","r14sleepsn:w14 r reports snoring while sleeping"
"HRS","HRS_USA/randhrs1992_2022v1.dta","r14sleepbr","r14sleepbr:w14 r reports snort gasp or stop breathing in past year"
"HRS","HRS_USA/randhrs1992_2022v1.dta","r14sleept","r14sleept:w14 r reports tx for sleeping problems"
"HRS","HRS_USA/randhrs1992_2022v1.dta","r14stxoxy","r14stxoxy:w14 r reports oxygen tx for sleeping problems"
"HRS","HRS_USA/randhrs1992_2022v1.dta","r14stxpre","r14stxpre:w14 r reports cpap/bipap tx for sleeping problems"
"HRS","HRS_USA/randhrs1992_2022v1.dta","r14stxsrg","r14stxsrg:w14 r reports surgery tx for sleeping problems"
"HRS","HRS_USA/randhrs1992_2022v1.dta","r14stxjaw","r14stxjaw:w14 r reports jaw device tx for sleeping problems"
"HRS","HRS_USA/randhrs1992_2022v1.dta","r14stxnerve","r14stxnerve:w14 r reports nerve stimulation tx for sleeping probs"
"HRS","HRS_USA/randhrs1992_2022v1.dta","r14stxstrip","r14stxstrip:w14 r reports adhesive strips tx for sleeping probs"
"HRS","HRS_USA/randhrs1992_2022v1.dta","r14stxoth","r14stxoth:w14 r reports other tx for sleeping problems"
"HRS","HRS_USA/randhrs1992_2022v1.dta","r14stxmed","r14stxmed:w14 r reports meds for sleeping problems"
"HRS","HRS_USA/randhrs1992_2022v1.dta","r14prmem","r14prmem:w14 rate r memory"
"HRS","HRS_USA/randhrs1992_2022v1.dta","r14prchmem","r14prchmem:w14 rate r change in memory"
"HRS","HRS_USA/randhrs1992_2022v1.dta","r14lost","r14lost:w14 r lost in familiar environments"
"HRS","HRS_USA/randhrs1992_2022v1.dta","r14wander","r14wander:w14 r ever wander off"
"HRS","HRS_USA/randhrs1992_2022v1.dta","r14alone","r14alone:w14 r can be left alone"
"HRS","HRS_USA/randhrs1992_2022v1.dta","r14haluc","r14haluc:w14 r hallucinates"
"HRS","HRS_USA/randhrs1992_2022v1.dta","r14iearn","r14iearn:w14 income:r earnings"
"HRS","HRS_USA/randhrs1992_2022v1.dta","r14ipena","r14ipena:w14 income:r pension + annuity"
"HRS","HRS_USA/randhrs1992_2022v1.dta","r14ipen","r14ipen:w14 income:r pension"
"HRS","HRS_USA/randhrs1992_2022v1.dta","r14iann","r14iann:w14 income:r annuity"
"HRS","HRS_USA/randhrs1992_2022v1.dta","r14issdi","r14issdi:w14 income:r ssi + ss disability"
"HRS","HRS_USA/randhrs1992_2022v1.dta","r14isret","r14isret:w14 income:r socsec retirement"
"HRS","HRS_USA/randhrs1992_2022v1.dta","r14iunwc","r14iunwc:w14 income:r unemp + workers comp"
"HRS","HRS_USA/randhrs1992_2022v1.dta","r14igxfr","r14igxfr:w14 income:r other gov transfer"
"HRS","HRS_USA/randhrs1992_2022v1.dta","r14isdi","r14isdi:w14 incpart-socsec di"
"HRS","HRS_USA/randhrs1992_2022v1.dta","r14iunem","r14iunem:w14 incpart-unemployment"
"HRS","HRS_USA/randhrs1992_2022v1.dta","r14iwcmp","r14iwcmp:w14 incpart-workers comp"
"HRS","HRS_USA/randhrs1992_2022v1.dta","r14ifsdi","r14ifsdi:w14 impflag-socsec di"
"HRS","HRS_USA/randhrs1992_2022v1.dta","r14ifunem","r14ifunem:w14 impflag-unemployment"
"HRS","HRS_USA/randhrs1992_2022v1.dta","r14ifwcmp","r14ifwcmp:w14 impflag-workers comp"
"HRS","HRS_USA/randhrs1992_2022v1.dta","r14ifearn","r14ifearn:w14 impflag:r earnings"
"HRS","HRS_USA/randhrs1992_2022v1.dta","r14ifpena","r14ifpena:w14 impflag:r pension + annuity"
"HRS","HRS_USA/randhrs1992_2022v1.dta","r14ifpen","r14ifpen:w14 impflag:r pension"
"HRS","HRS_USA/randhrs1992_2022v1.dta","r14ifann","r14ifann:w14 impflag:r annuity"
"HRS","HRS_USA/randhrs1992_2022v1.dta","r14ifssdi","r14ifssdi:w14 impflag:r ssi + ss disability"
"HRS","HRS_USA/randhrs1992_2022v1.dta","r14ifsret","r14ifsret:w14 impflag:r socsec retirement"
"HRS","HRS_USA/randhrs1992_2022v1.dta","r14ifunwc","r14ifunwc:w14 impflag:r unemp + workers comp"
"HRS","HRS_USA/randhrs1992_2022v1.dta","r14ifgxfr","r14ifgxfr:w14 impflag:r other gov transfer"
"HRS","HRS_USA/randhrs1992_2022v1.dta","r14iirawy1","r14iirawy1:w14 income:ira withd-total (lcy)"
"HRS","HRS_USA/randhrs1992_2022v1.dta","r14iiraw","r14iiraw:w14 income:ira withd-total (prev 2 yrs/since last int)"
"HRS","HRS_USA/randhrs1992_2022v1.dta","r14ifiraw","r14ifiraw:w14 impflag:ira withd-total (prev 2 yrs/since last int)"
"HRS","HRS_USA/randhrs1992_2022v1.dta","r14issi","r14issi:w14 incpart-ssi inc"
"HRS","HRS_USA/randhrs1992_2022v1.dta","r14dssamt","r14dssamt:w14 amt received last month ssdi"
"HRS","HRS_USA/randhrs1992_2022v1.dta","r14dsiamt","r14dsiamt:w14 amt received last month ssi"
"HRS","HRS_USA/randhrs1992_2022v1.dta","r14dstat","r14dstat:w14 'position 1=dk, 2=ssdi, 3=ssi'"
"HRS","HRS_USA/randhrs1992_2022v1.dta","r14sdiapp","r14sdiapp:w14 applied for ssdi since last wave"
"HRS","HRS_USA/randhrs1992_2022v1.dta","r14sdiden","r14sdiden:w14 denied ssdi since last wave"
"HRS","HRS_USA/randhrs1992_2022v1.dta","r14sdiapl","r14sdiapl:w14 appealed ssdi decision since last wave"
"HRS","HRS_USA/randhrs1992_2022v1.dta","r14sdirec","r14sdirec:w14 started receiving ssdi since last wave"
"HRS","HRS_USA/randhrs1992_2022v1.dta","r14sdistp","r14sdistp:w14 stopped receiving ssdi since last wave"
"HRS","HRS_USA/randhrs1992_2022v1.dta","r14sdiappy","r14sdiappy:w14 year applied for ssdi since last wave"
"HRS","HRS_USA/randhrs1992_2022v1.dta","r14sdiaply","r14sdiaply:w14 year appealed ssdi since last wave"
"HRS","HRS_USA/randhrs1992_2022v1.dta","r14sdirecy","r14sdirecy:w14 year started receiving ssdi since last wave"
"HRS","HRS_USA/randhrs1992_2022v1.dta","r14sdistpy","r14sdistpy:w14 year stopped receiving ssdi since last wave"
"HRS","HRS_USA/randhrs1992_2022v1.dta","r14sdiappm","r14sdiappm:w14 month applied for ssdi since last wave"
"HRS","HRS_USA/randhrs1992_2022v1.dta","r14sdiaplm","r14sdiaplm:w14 month appealed ssdi since last wave"
"HRS","HRS_USA/randhrs1992_2022v1.dta","r14sdirecm","r14sdirecm:w14 month started receiving ssdi since last wave"
"HRS","HRS_USA/randhrs1992_2022v1.dta","r14sdistpm","r14sdistpm:w14 month stopped receiving ssdi since last wave"
"HRS","HRS_USA/randhrs1992_2022v1.dta","r14ssiapp","r14ssiapp:w14 applied for ssi since last wave"
"HRS","HRS_USA/randhrs1992_2022v1.dta","r14ssiden","r14ssiden:w14 denied ssi since last wave"
"HRS","HRS_USA/randhrs1992_2022v1.dta","r14ssiapl","r14ssiapl:w14 appealed ssi decision since last wave"
"HRS","HRS_USA/randhrs1992_2022v1.dta","r14ssirec","r14ssirec:w14 started receiving ssi since last wave"
"HRS","HRS_USA/randhrs1992_2022v1.dta","r14ssistp","r14ssistp:w14 stopped receiving ssi since last wave"
"HRS","HRS_USA/randhrs1992_2022v1.dta","r14ssiappy","r14ssiappy:w14 year applied for ssi since last wave"
"HRS","HRS_USA/randhrs1992_2022v1.dta","r14ssiaply","r14ssiaply:w14 year appealed ssi since last wave"
"HRS","HRS_USA/randhrs1992_2022v1.dta","r14ssirecy","r14ssirecy:w14 year started receiving ssi since last wave"
"HRS","HRS_USA/randhrs1992_2022v1.dta","r14ssistpy","r14ssistpy:w14 year stopped receiving ssi since last wave"
"HRS","HRS_USA/randhrs1992_2022v1.dta","r14ssiappm","r14ssiappm:w14 month applied for ssi since last wave"
"HRS","HRS_USA/randhrs1992_2022v1.dta","r14ssiaplm","r14ssiaplm:w14 month appealed ssi since last wave"
"HRS","HRS_USA/randhrs1992_2022v1.dta","r14ssirecm","r14ssirecm:w14 month started receiving ssi since last wave"
"HRS","HRS_USA/randhrs1992_2022v1.dta","r14ssistpm","r14ssistpm:w14 month stopped receiving ssi since last wave"
"HRS","HRS_USA/randhrs1992_2022v1.dta","r14ssdi","r14ssdi:w14 r is receiving ssdi"
"HRS","HRS_USA/randhrs1992_2022v1.dta","r14sswrer","r14sswrer:w14 r ss wealth based on own earnings, claiming at 62"
"HRS","HRS_USA/randhrs1992_2022v1.dta","r14sswser","r14sswser:w14 r ssw from spousal/survival benefits, claim at 62"
"HRS","HRS_USA/randhrs1992_2022v1.dta","r14sswrnr","r14sswrnr:w14 r ss wealth based on own earnings, claiming at nra"
"HRS","HRS_USA/randhrs1992_2022v1.dta","r14sswsnr","r14sswsnr:w14 r ssw from spousal/survival benefits, claim at nra"
"HRS","HRS_USA/randhrs1992_2022v1.dta","r14sswrxa","r14sswrxa:w14 r ss wealth based on own earnings, claiming at 70"
"HRS","HRS_USA/randhrs1992_2022v1.dta","r14sswsxa","r14sswsxa:w14 r ssw from spousal/survival benefits, claim at 70"
"HRS","HRS_USA/randhrs1992_2022v1.dta","r14claimed","r14claimed:w14 r already claiming ss benefits"
"HRS","HRS_USA/randhrs1992_2022v1.dta","r14covr","r14covr:w14 r covered by r empl plan"
"HRS","HRS_USA/randhrs1992_2022v1.dta","r14covs","r14covs:w14 r covered by s empl plan"
"HRS","HRS_USA/randhrs1992_2022v1.dta","r14henum","r14henum:w14 number of health insurance plans"
"HRS","HRS_USA/randhrs1992_2022v1.dta","r14covrt","r14covrt:w14 r plan covers retirees"
"HRS","HRS_USA/randhrs1992_2022v1.dta","r14higov","r14higov:w14 r is covered by gov plan"
"HRS","HRS_USA/randhrs1992_2022v1.dta","r14govmr","r14govmr:w14 r has gov plan-medicare"
"HRS","HRS_USA/randhrs1992_2022v1.dta","r14govmd","r14govmd:w14 r has gov plan-medicaid"
"HRS","HRS_USA/randhrs1992_2022v1.dta","r14govva","r14govva:w14 r has gov plan-champus/va"
"HRS","HRS_USA/randhrs1992_2022v1.dta","r14hiothp","r14hiothp:w14 r has other ins"
"HRS","HRS_USA/randhrs1992_2022v1.dta","r14hesrc1","r14hesrc1:w14 source of r empl plan #1"
"HRS","HRS_USA/randhrs1992_2022v1.dta","r14hecov1","r14hecov1:w14 who is covered in r empl plan #1"
"HRS","HRS_USA/randhrs1992_2022v1.dta","r14hertr1","r14hertr1:w14 r coverage by r in retirement #1"
"HRS","HRS_USA/randhrs1992_2022v1.dta","r14herts1","r14herts1:w14 sp coverage by r in retirement #1"
"HRS","HRS_USA/randhrs1992_2022v1.dta","r14hesrc2","r14hesrc2:w14 source of r empl plan #2"
"HRS","HRS_USA/randhrs1992_2022v1.dta","r14hecov2","r14hecov2:w14 who is covered in r empl plan #2"
"HRS","HRS_USA/randhrs1992_2022v1.dta","r14hertr2","r14hertr2:w14 r coverage by r in retirement #2"
"HRS","HRS_USA/randhrs1992_2022v1.dta","r14herts2","r14herts2:w14 sp coverage by r in retirement #2"
"HRS","HRS_USA/randhrs1992_2022v1.dta","r14hesrc3","r14hesrc3:w14 source of r empl plan #3"
"HRS","HRS_USA/randhrs1992_2022v1.dta","r14hecov3","r14hecov3:w14 who is covered in r empl plan #3"
"HRS","HRS_USA/randhrs1992_2022v1.dta","r14hertr3","r14hertr3:w14 r coverage by r in retirement #3"
"HRS","HRS_USA/randhrs1992_2022v1.dta","r14herts3","r14herts3:w14 sp coverage by r in retirement #3"
"HRS","HRS_USA/randhrs1992_2022v1.dta","r14hiltc","r14hiltc:w14 r has long term care ins"
"HRS","HRS_USA/randhrs1992_2022v1.dta","r14tyltc","r14tyltc:w14 r type of long term care ins"
"HRS","HRS_USA/randhrs1992_2022v1.dta","r14ltcprm","r14ltcprm:w14 long term care insurance plan monthly premium"
"HRS","HRS_USA/randhrs1992_2022v1.dta","r14mrprem","r14mrprem:w14 medicare/medicaid hmo monthly premium"
"HRS","HRS_USA/randhrs1992_2022v1.dta","r14rxprem","r14rxprem:w14 prescription drug insurance monthly premium"
"HRS","HRS_USA/randhrs1992_2022v1.dta","r14prpcnt","r14prpcnt:w14 number of private insurance plans"
"HRS","HRS_USA/randhrs1992_2022v1.dta","r14prprm1","r14prprm1:w14 private insurance plan 1 monthly premium"
"HRS","HRS_USA/randhrs1992_2022v1.dta","r14prprm2","r14prprm2:w14 private insurance plan 2 monthly premium"
"HRS","HRS_USA/randhrs1992_2022v1.dta","r14prprm3","r14prprm3:w14 private insurance plan 3 monthly premium"
"HRS","HRS_USA/randhrs1992_2022v1.dta","r14prsrc1","r14prsrc1:w14 private insurance plan 1 source"
"HRS","HRS_USA/randhrs1992_2022v1.dta","r14prsrc2","r14prsrc2:w14 private insurance plan 2 source"
"HRS","HRS_USA/randhrs1992_2022v1.dta","r14prsrc3","r14prsrc3:w14 private insurance plan 3 source"
"HRS","HRS_USA/randhrs1992_2022v1.dta","r14lifein","r14lifein:w14 r has life insurance"
"HRS","HRS_USA/randhrs1992_2022v1.dta","r14wliprm","r14wliprm:w14 whole life insurance monthly premium"
"HRS","HRS_USA/randhrs1992_2022v1.dta","r14heret","r14heret:w14 r covered in retirement /summary"
"HRS","HRS_USA/randhrs1992_2022v1.dta","r14sayret","r14sayret:w14 r considers self retired"
"HRS","HRS_USA/randhrs1992_2022v1.dta","r14retmon","r14retmon:w14 month retired if say retired"
"HRS","HRS_USA/randhrs1992_2022v1.dta","r14retyr","r14retyr:w14 year retired if say retired"
"HRS","HRS_USA/randhrs1992_2022v1.dta","r14retdtwv","r14retdtwv:w14 wave retirement date reported"
"HRS","HRS_USA/randhrs1992_2022v1.dta","r14retsat","r14retsat:w14 ret satisfying"
"HRS","HRS_USA/randhrs1992_2022v1.dta","r14ryrcmp","r14ryrcmp:w14 ret yrs compared to before"
"HRS","HRS_USA/randhrs1992_2022v1.dta","r14liv75","r14liv75:w14 r probability to live 75+"
"HRS","HRS_USA/randhrs1992_2022v1.dta","r14liv75p","r14liv75p:w14 lftab prob live 75+/r curage"
"HRS","HRS_USA/randhrs1992_2022v1.dta","r14liv75r","r14liv75r:w14 rprob live 75+ / lftab prob"
"HRS","HRS_USA/randhrs1992_2022v1.dta","r14liv75c","r14liv75c:w14 chg live 75+: r/lftab ratio"
"HRS","HRS_USA/randhrs1992_2022v1.dta","r14liv75f","r14liv75f:w14 flag liv75c, # prv iw"
"HRS","HRS_USA/randhrs1992_2022v1.dta","r14liv10a","r14liv10a:w14 age used in live 80-100/85 q"
"HRS","HRS_USA/randhrs1992_2022v1.dta","r14liv10","r14liv10:w14 r probability to live 80-100"
"HRS","HRS_USA/randhrs1992_2022v1.dta","r14liv10p","r14liv10p:w14 lftab prob live 80-100/r curage"
"HRS","HRS_USA/randhrs1992_2022v1.dta","r14liv10r","r14liv10r:w14 rprob live 80-100 / lftab prob"
"HRS","HRS_USA/randhrs1992_2022v1.dta","r14liv8xc","r14liv8xc:w14 chg live 80-100: r/lftab ratio"
"HRS","HRS_USA/randhrs1992_2022v1.dta","r14liv8xf","r14liv8xf:w14 flag liv8xc, # prv iw"
"HRS","HRS_USA/randhrs1992_2022v1.dta","r14ans3pq","r14ans3pq:w14 r answered the first three probability questions"
"HRS","HRS_USA/randhrs1992_2022v1.dta","r14pnhm5y","r14pnhm5y:w14 r prob moving to nhm in 5 yrs"
"HRS","HRS_USA/randhrs1992_2022v1.dta","r14finpln","r14finpln:w14 r financial planning horizon"
"HRS","HRS_USA/randhrs1992_2022v1.dta","r14beq10k","r14beq10k:w14 r prob leave bequest 10k+"
"HRS","HRS_USA/randhrs1992_2022v1.dta","r14beq100","r14beq100:w14 r prob leave bequest 100k+"
"HRS","HRS_USA/randhrs1992_2022v1.dta","r14beq500","r14beq500:w14 r prob leave bequest 500k+"
"HRS","HRS_USA/randhrs1992_2022v1.dta","r14beqany","r14beqany:w14 r prob leave bequest any"
"HRS","HRS_USA/randhrs1992_2022v1.dta","r14work62","r14work62:w14 r prob working ft after 62"
"HRS","HRS_USA/randhrs1992_2022v1.dta","r14work65","r14work65:w14 r prob working ft after 65"
"HRS","HRS_USA/randhrs1992_2022v1.dta","r14work62f","r14work62f:w14 logical skip flag: p62"
"HRS","HRS_USA/randhrs1992_2022v1.dta","r14work65f","r14work65f:w14 logical skip flag: p65"
"HRS","HRS_USA/randhrs1992_2022v1.dta","r14work70","r14work70:w14 r prob working ft after 70"
"HRS","HRS_USA/randhrs1992_2022v1.dta","r14work70a","r14work70a:w14 r prob working at all after 70"
"HRS","HRS_USA/randhrs1992_2022v1.dta","r14work70f","r14work70f:w14 logical skip flag: p70"
"HRS","HRS_USA/randhrs1992_2022v1.dta","r14work70af","r14work70af:w14 logical skip flag: p70a"
"HRS","HRS_USA/randhrs1992_2022v1.dta","r14rplnyr","r14rplnyr:w14 when r plans to stop work"
"HRS","HRS_USA/randhrs1992_2022v1.dta","r14rplnya","r14rplnya:w14 when r thinks will stop work"
"HRS","HRS_USA/randhrs1992_2022v1.dta","r14retemp","r14retemp:w14 r gives retired in empstat"
"HRS","HRS_USA/randhrs1992_2022v1.dta","r14work","r14work:w14 r working for pay"
"HRS","HRS_USA/randhrs1992_2022v1.dta","r14work2","r14work2:w14 works at 2nd job"
"HRS","HRS_USA/randhrs1992_2022v1.dta","r14slfemp","r14slfemp:w14 whether self-employed"
"HRS","HRS_USA/randhrs1992_2022v1.dta","r14lbrf","r14lbrf:w14 r labor force status"
"HRS","HRS_USA/randhrs1992_2022v1.dta","r14jphys","r14jphys:w14 cur job req lots phys effort"
"HRS","HRS_USA/randhrs1992_2022v1.dta","r14jlift","r14jlift:w14 cur job req lift heavy loads"
"HRS","HRS_USA/randhrs1992_2022v1.dta","r14jstoop","r14jstoop:w14 cur job req stoop/kneel/crouch"
"HRS","HRS_USA/randhrs1992_2022v1.dta","r14jsight","r14jsight:w14 cur job req good eyesight"
"HRS","HRS_USA/randhrs1992_2022v1.dta","r14jstres","r14jstres:w14 cur job involves much stress"
"HRS","HRS_USA/randhrs1992_2022v1.dta","r14lbrfh","r14lbrfh:w14 labor force status, no week restriction"
"HRS","HRS_USA/randhrs1992_2022v1.dta","r14lbrfy","r14lbrfy:w14 labor force status year round flag"
"HRS","HRS_USA/randhrs1992_2022v1.dta","r14jhours","r14jhours:w14 hours worked/week main job"
"HRS","HRS_USA/randhrs1992_2022v1.dta","r14jhour2","r14jhour2:w14 hours worked/week 2nd job"
"HRS","HRS_USA/randhrs1992_2022v1.dta","r14jweeks","r14jweeks:w14 weeks worked/year main job"
"HRS","HRS_USA/randhrs1992_2022v1.dta","r14jweek2","r14jweek2:w14 weeks worked/year 2nd job"
"HRS","HRS_USA/randhrs1992_2022v1.dta","r14samemp","r14samemp:w14 same employer as last wave"
"HRS","HRS_USA/randhrs1992_2022v1.dta","r14samejob","r14samejob:w14 same job title as last wave"
"HRS","HRS_USA/randhrs1992_2022v1.dta","r14jcten","r14jcten:w14 current job tenure"
"HRS","HRS_USA/randhrs1992_2022v1.dta","r14jcocc","r14jcocc:w14 current job occup/1980 census"
"HRS","HRS_USA/randhrs1992_2022v1.dta","r14jcocca","r14jcocca:w14 cur job occup/ahead coding"
"HRS","HRS_USA/randhrs1992_2022v1.dta","r14jcoccb","r14jcoccb:w14 cur job occup/2000 census"
"HRS","HRS_USA/randhrs1992_2022v1.dta","r14jcoccc","r14jcoccc:w14 cur job occup/2010 census"
"HRS","HRS_USA/randhrs1992_2022v1.dta","r14jcind","r14jcind:w14 current job industry/1980 census"
"HRS","HRS_USA/randhrs1992_2022v1.dta","r14jcindb","r14jcindb:w14 cur job industry/2002 census"
"HRS","HRS_USA/randhrs1992_2022v1.dta","r14jcindc","r14jcindc:w14 cur job industry/2007 census"
"HRS","HRS_USA/randhrs1992_2022v1.dta","r14jlten","r14jlten:w14 longest job tenure"
"HRS","HRS_USA/randhrs1992_2022v1.dta","r14jlocc","r14jlocc:w14 longest job occ/1980 census"
"HRS","HRS_USA/randhrs1992_2022v1.dta","r14jlocca","r14jlocca:w14 long job occup/ahead coding"
"HRS","HRS_USA/randhrs1992_2022v1.dta","r14jloccb","r14jloccb:w14 long job occup/2000 census"
"HRS","HRS_USA/randhrs1992_2022v1.dta","r14jloccc","r14jloccc:w14 long job occup/2010 census"
"HRS","HRS_USA/randhrs1992_2022v1.dta","r14jlind","r14jlind:w14 longest job industry/1980 census"
"HRS","HRS_USA/randhrs1992_2022v1.dta","r14jlindb","r14jlindb:w14 long job industry/2002 census"
"HRS","HRS_USA/randhrs1992_2022v1.dta","r14jlindc","r14jlindc:w14 long job industry/2007 census"
"HRS","HRS_USA/randhrs1992_2022v1.dta","r14jlmis","r14jlmis:w14 longest job # jobs date=miss"
"HRS","HRS_USA/randhrs1992_2022v1.dta","r14jnjob","r14jnjob:w14 # jobs reported"
"HRS","HRS_USA/randhrs1992_2022v1.dta","r14jnjob5","r14jnjob5:w14 # 5+ year-jobs reported"
"HRS","HRS_USA/randhrs1992_2022v1.dta","r14jmiss","r14jmiss:w14 # jobs with missing dates"
"HRS","HRS_USA/randhrs1992_2022v1.dta","r14jjobs","r14jjobs:w14 status of r job history"
"HRS","HRS_USA/randhrs1992_2022v1.dta","r14jlastm","r14jlastm:w14 month last worked/not workng"
"HRS","HRS_USA/randhrs1992_2022v1.dta","r14jlasty","r14jlasty:w14 year last worked/not working"
"HRS","HRS_USA/randhrs1992_2022v1.dta","r14jyears","r14jyears:w14 r years worked/self-rpt+jobh"
"HRS","HRS_USA/randhrs1992_2022v1.dta","r14jyearm","r14jyearm:w14 r years worked/missing flag"
"HRS","HRS_USA/randhrs1992_2022v1.dta","r14jltenf","r14jltenf:w14 long job tenure/fill in flag"
"HRS","HRS_USA/randhrs1992_2022v1.dta","r14wgihr","r14wgihr:w14 imputed wage rate-hrly"
"HRS","HRS_USA/randhrs1992_2022v1.dta","r14wgfhr","r14wgfhr:w14 impute flag wage rate-hrly"
"HRS","HRS_USA/randhrs1992_2022v1.dta","r14wgiwk","r14wgiwk:w14 imputed wage rate-wkly"
"HRS","HRS_USA/randhrs1992_2022v1.dta","r14wgfwk","r14wgfwk:w14 impute flag wage rate-wkly"
"HRS","HRS_USA/randhrs1992_2022v1.dta","r14unemp","r14unemp:w14 =1 if r is unemployed"
"HRS","HRS_USA/randhrs1992_2022v1.dta","r14inlbrf","r14inlbrf:w14 =1 if r is in the labor force"
"HRS","HRS_USA/randhrs1992_2022v1.dta","r14fsize","r14fsize:w14 size of firm or business"
"HRS","HRS_USA/randhrs1992_2022v1.dta","r14fsizef","r14fsizef:w14 value carried forward from previous wave"
"HRS","HRS_USA/randhrs1992_2022v1.dta","r14union","r14union:w14 r is covered by a union"
"HRS","HRS_USA/randhrs1992_2022v1.dta","r14unionf","r14unionf:w14 carried forward value from prev wave"
"HRS","HRS_USA/randhrs1992_2022v1.dta","r14momliv","r14momliv:w14 mother alive"
"HRS","HRS_USA/randhrs1992_2022v1.dta","r14dadliv","r14dadliv:w14 father alive"
"HRS","HRS_USA/randhrs1992_2022v1.dta","r14momage","r14momage:w14 mother age current/at death"
"HRS","HRS_USA/randhrs1992_2022v1.dta","r14dadage","r14dadage:w14 father age current/at death"
"HRS","HRS_USA/randhrs1992_2022v1.dta","r14livpar","r14livpar:w14 number of living parents"
"HRS","HRS_USA/randhrs1992_2022v1.dta","r14livsis","r14livsis:w14 number of living sisters"
"HRS","HRS_USA/randhrs1992_2022v1.dta","r14livbro","r14livbro:w14 number of living brothers"
"HRS","HRS_USA/randhrs1992_2022v1.dta","r14livsib","r14livsib:w14 number of living siblings"
"HRS","HRS_USA/randhrs1992_2022v1.dta","r14peninc","r14peninc:w14 r current receiving pension income"
"HRS","HRS_USA/randhrs1992_2022v1.dta","r14peni_n","r14peni_n:w14 # pensions r receives income"
"HRS","HRS_USA/randhrs1992_2022v1.dta","r14penic1","r14penic1:w14 pen #1 continue after death"
"HRS","HRS_USA/randhrs1992_2022v1.dta","r14penic2","r14penic2:w14 pen #2 continue after death"
"HRS","HRS_USA/randhrs1992_2022v1.dta","r14ptyp1","r14ptyp1:w14 current pension type #1"
"HRS","HRS_USA/randhrs1992_2022v1.dta","r14ptyp2","r14ptyp2:w14 current pension type #2"
"HRS","HRS_USA/randhrs1992_2022v1.dta","r14ptyp3","r14ptyp3:w14 current pension type #3"
"HRS","HRS_USA/randhrs1992_2022v1.dta","r14ptyp4","r14ptyp4:w14 current pension type #4"
"HRS","HRS_USA/randhrs1992_2022v1.dta","r14ptypd1","r14ptypd1:w14 current pension type in detail #1"
"HRS","HRS_USA/randhrs1992_2022v1.dta","r14ptypd2","r14ptypd2:w14 current pension type in detail #2"
"HRS","HRS_USA/randhrs1992_2022v1.dta","r14ptypd3","r14ptypd3:w14 current pension type in detail #3"
"HRS","HRS_USA/randhrs1992_2022v1.dta","r14ptypd4","r14ptypd4:w14 current pension type in detail #4"
"HRS","HRS_USA/randhrs1992_2022v1.dta","r14jcpen","r14jcpen:w14 has pension current job"
"HRS","HRS_USA/randhrs1992_2022v1.dta","r14penct","r14penct:w14 # pensions current job"
"HRS","HRS_USA/randhrs1992_2022v1.dta","r14ptypf1","r14ptypf1:w14 does pension type match detail? #1"
"HRS","HRS_USA/randhrs1992_2022v1.dta","r14ptypf2","r14ptypf2:w14 does pension type match detail? #2"
"HRS","HRS_USA/randhrs1992_2022v1.dta","r14ptypf3","r14ptypf3:w14 does pension type match detail? #3"
"HRS","HRS_USA/randhrs1992_2022v1.dta","r14ptypf4","r14ptypf4:w14 does pension type match detail? #4"
"HRS","HRS_USA/randhrs1992_2022v1.dta","r14dccont1","r14dccont1:w14 employee contribution to dc plan #1"
"HRS","HRS_USA/randhrs1992_2022v1.dta","r14dccont2","r14dccont2:w14 employee contribution to dc plan #2"
"HRS","HRS_USA/randhrs1992_2022v1.dta","r14dccont3","r14dccont3:w14 employee contribution to dc plan #3"
"HRS","HRS_USA/randhrs1992_2022v1.dta","r14dccont4","r14dccont4:w14 employee contribution to dc plan #4"
"HRS","HRS_USA/randhrs1992_2022v1.dta","r14fdcbal1","r14fdcbal1:w14 impflag: current balance of dc plan #1"
"HRS","HRS_USA/randhrs1992_2022v1.dta","r14fdcbal2","r14fdcbal2:w14 impflag: current balance of dc plan #2"
"HRS","HRS_USA/randhrs1992_2022v1.dta","r14fdcbal3","r14fdcbal3:w14 impflag: current balance of dc plan #3"
"HRS","HRS_USA/randhrs1992_2022v1.dta","r14fdcbal4","r14fdcbal4:w14 impflag: current balance of dc plan #4"
"HRS","HRS_USA/randhrs1992_2022v1.dta","r14dcbal1","r14dcbal1:w14 pension amt:current balance of dc plan #1"
"HRS","HRS_USA/randhrs1992_2022v1.dta","r14dcbal2","r14dcbal2:w14 pension amt:current balance of dc plan #2"
"HRS","HRS_USA/randhrs1992_2022v1.dta","r14dcbal3","r14dcbal3:w14 pension amt:current balance of dc plan #3"
"HRS","HRS_USA/randhrs1992_2022v1.dta","r14dcbal4","r14dcbal4:w14 pension amt:current balance of dc plan #4"
"HRS","HRS_USA/randhrs1992_2022v1.dta","r14dcbene1","r14dcbene1:w14 employer contribution to dc plan #1"
"HRS","HRS_USA/randhrs1992_2022v1.dta","r14dcbene2","r14dcbene2:w14 employer contribution to dc plan #2"
"HRS","HRS_USA/randhrs1992_2022v1.dta","r14dcbene3","r14dcbene3:w14 employer contribution to dc plan #3"
"HRS","HRS_USA/randhrs1992_2022v1.dta","r14dcbene4","r14dcbene4:w14 employer contribution to dc plan #4"
"HRS","HRS_USA/randhrs1992_2022v1.dta","r14dcmode1","r14dcmode1:w14 employer contribution: $ or % #1"
"HRS","HRS_USA/randhrs1992_2022v1.dta","r14dcmode2","r14dcmode2:w14 employer contribution: $ or % #2"
"HRS","HRS_USA/randhrs1992_2022v1.dta","r14dcmode3","r14dcmode3:w14 employer contribution: $ or % #3"
"HRS","HRS_USA/randhrs1992_2022v1.dta","r14dcmode4","r14dcmode4:w14 employer contribution: $ or % #4"
"HRS","HRS_USA/randhrs1992_2022v1.dta","r14dcpct1","r14dcpct1:w14 employer % contribution #1"
"HRS","HRS_USA/randhrs1992_2022v1.dta","r14dcpct2","r14dcpct2:w14 employer % contribution #2"
"HRS","HRS_USA/randhrs1992_2022v1.dta","r14dcpct3","r14dcpct3:w14 employer % contribution #3"
"HRS","HRS_USA/randhrs1992_2022v1.dta","r14dcpct4","r14dcpct4:w14 employer % contribution #4"
"HRS","HRS_USA/randhrs1992_2022v1.dta","r14hlthlm","r14hlthlm:w14 hlth problems limit work"
"HRS","HRS_USA/randhrs1992_2022v1.dta","r14walksa","r14walksa:w14 r any diff-walk sev blocks"
"HRS","HRS_USA/randhrs1992_2022v1.dta","r14joga","r14joga:w14 r any diff-jog one mile"
"HRS","HRS_USA/randhrs1992_2022v1.dta","r14walk1a","r14walk1a:w14 r any diff-walk one block"
"HRS","HRS_USA/randhrs1992_2022v1.dta","r14walkra","r14walkra:w14 r any diff-walk across room"
"HRS","HRS_USA/randhrs1992_2022v1.dta","r14sita","r14sita:w14 r any diff-sit for 2 hours"
"HRS","HRS_USA/randhrs1992_2022v1.dta","r14chaira","r14chaira:w14 r any diff-get up fr chair"
"HRS","HRS_USA/randhrs1992_2022v1.dta","r14climsa","r14climsa:w14 r any diff-clmb sev flt str"
"HRS","HRS_USA/randhrs1992_2022v1.dta","r14clim1a","r14clim1a:w14 r any diff-clmb 1 flt stair"
"HRS","HRS_USA/randhrs1992_2022v1.dta","r14stoopa","r14stoopa:w14 r any diff-stoop/kneel/crch"
"HRS","HRS_USA/randhrs1992_2022v1.dta","r14lifta","r14lifta:w14 r any diff-lift/carry 10lbs"
"HRS","HRS_USA/randhrs1992_2022v1.dta","r14dimea","r14dimea:w14 r any diff-pick up a dime"
"HRS","HRS_USA/randhrs1992_2022v1.dta","r14armsa","r14armsa:w14 r any diff-rch/xtnd arms up"
"HRS","HRS_USA/randhrs1992_2022v1.dta","r14pusha","r14pusha:w14 r any diff-push/pull lg obj"
"HRS","HRS_USA/randhrs1992_2022v1.dta","r14dressa","r14dressa:w14 r any diff-dressing"
"HRS","HRS_USA/randhrs1992_2022v1.dta","r14batha","r14batha:w14 r any diff-bathing, shower"
"HRS","HRS_USA/randhrs1992_2022v1.dta","r14eata","r14eata:w14 r any diff-eating"
"HRS","HRS_USA/randhrs1992_2022v1.dta","r14beda","r14beda:w14 r any diff-get in/out bed"
"HRS","HRS_USA/randhrs1992_2022v1.dta","r14mapa","r14mapa:w14 r any diff-use a map"
"HRS","HRS_USA/randhrs1992_2022v1.dta","r14moneya","r14moneya:w14 r any diff-managing money"
"HRS","HRS_USA/randhrs1992_2022v1.dta","r14phonea","r14phonea:w14 r any diff-use telephone"
"HRS","HRS_USA/randhrs1992_2022v1.dta","r14medsa","r14medsa:w14 r any diff-take medications"
"HRS","HRS_USA/randhrs1992_2022v1.dta","r14toilta","r14toilta:w14 r any diff-using the toilet"
"HRS","HRS_USA/randhrs1992_2022v1.dta","r14mealsa","r14mealsa:w14 r any diff-prepare hot meal"
"HRS","HRS_USA/randhrs1992_2022v1.dta","r14shopa","r14shopa:w14 r any diff-shop for grocery"
"HRS","HRS_USA/randhrs1992_2022v1.dta","r14walks","r14walks:w14 r diff-walk sev blocks"
"HRS","HRS_USA/randhrs1992_2022v1.dta","r14jog","r14jog:w14 r diff-jog one mile"
"HRS","HRS_USA/randhrs1992_2022v1.dta","r14walk1","r14walk1:w14 r diff-walk one block"
"HRS","HRS_USA/randhrs1992_2022v1.dta","r14walkr","r14walkr:w14 r diff-walk across room"
"HRS","HRS_USA/randhrs1992_2022v1.dta","r14sit","r14sit:w14 r diff-sit for 2 hours"
"HRS","HRS_USA/randhrs1992_2022v1.dta","r14chair","r14chair:w14 r diff-get up fr chair"
"HRS","HRS_USA/randhrs1992_2022v1.dta","r14clims","r14clims:w14 r diff-climb sev flt stair"
"HRS","HRS_USA/randhrs1992_2022v1.dta","r14clim1","r14clim1:w14 r diff-climb one flt stair"
"HRS","HRS_USA/randhrs1992_2022v1.dta","r14stoop","r14stoop:w14 r diff-stoop/kneel/crouch"
"HRS","HRS_USA/randhrs1992_2022v1.dta","r14lift","r14lift:w14 r diff-lift/carry 10lbs"
"HRS","HRS_USA/randhrs1992_2022v1.dta","r14dime","r14dime:w14 r diff-pick up a dime"
"HRS","HRS_USA/randhrs1992_2022v1.dta","r14arms","r14arms:w14 r diff-reach/extnd arms up"
"HRS","HRS_USA/randhrs1992_2022v1.dta","r14push","r14push:w14 r diff-push/pull large obj"
"HRS","HRS_USA/randhrs1992_2022v1.dta","r14dress","r14dress:w14 r diff-dressing"
"HRS","HRS_USA/randhrs1992_2022v1.dta","r14bath","r14bath:w14 r diff-bathing or showerng"
"HRS","HRS_USA/randhrs1992_2022v1.dta","r14eat","r14eat:w14 r diff-eating"
"HRS","HRS_USA/randhrs1992_2022v1.dta","r14bed","r14bed:w14 r diff-get in/out of bed"
"HRS","HRS_USA/randhrs1992_2022v1.dta","r14phone","r14phone:w14 r diff-use telephone"
"HRS","HRS_USA/randhrs1992_2022v1.dta","r14meds","r14meds:w14 r diff-take medications"
"HRS","HRS_USA/randhrs1992_2022v1.dta","r14money","r14money:w14 r diff-managing money"
"HRS","HRS_USA/randhrs1992_2022v1.dta","r14toilt","r14toilt:w14 r diff-using the toilet"
"HRS","HRS_USA/randhrs1992_2022v1.dta","r14meals","r14meals:w14 r diff-preparing hot meals"
"HRS","HRS_USA/randhrs1992_2022v1.dta","r14shop","r14shop:w14 r diff-shop for groceries"
"HRS","HRS_USA/randhrs1992_2022v1.dta","r14map","r14map:w14 r diff-use a map"
"HRS","HRS_USA/randhrs1992_2022v1.dta","r14walkre","r14walkre:w14 r eqp-walk across room"
"HRS","HRS_USA/randhrs1992_2022v1.dta","r14bede","r14bede:w14 r use eqp-get in/out of bed"
"HRS","HRS_USA/randhrs1992_2022v1.dta","r14walkrh","r14walkrh:w14 r gets help-walk across room"
"HRS","HRS_USA/randhrs1992_2022v1.dta","r14dressh","r14dressh:w14 r gets help-dressing"
"HRS","HRS_USA/randhrs1992_2022v1.dta","r14bathh","r14bathh:w14 r gets help-bathing, showerng"
"HRS","HRS_USA/randhrs1992_2022v1.dta","r14eath","r14eath:w14 r gets help-eating"
"HRS","HRS_USA/randhrs1992_2022v1.dta","r14bedh","r14bedh:w14 r gets help-get in/out of bed"
"HRS","HRS_USA/randhrs1992_2022v1.dta","r14toilth","r14toilth:w14 r gets help-using the toilet"
"HRS","HRS_USA/randhrs1992_2022v1.dta","r14phoneh","r14phoneh:w14 r gets help-use telephone"
"HRS","HRS_USA/randhrs1992_2022v1.dta","r14medsh","r14medsh:w14 r gets help-take medications"
"HRS","HRS_USA/randhrs1992_2022v1.dta","r14moneyh","r14moneyh:w14 r gets help-managing money"
"HRS","HRS_USA/randhrs1992_2022v1.dta","r14mealsh","r14mealsh:w14 r gets help-preparing hot meals"
"HRS","HRS_USA/randhrs1992_2022v1.dta","r14shoph","r14shoph:w14 r gets help-shop for groceries"
"HRS","HRS_USA/randhrs1992_2022v1.dta","r14sadlf","r14sadlf:w14 r skip adls flag"
"HRS","HRS_USA/randhrs1992_2022v1.dta","r14inhpe","r14inhpe:w14 any employee of institution ever helped"
"HRS","HRS_USA/randhrs1992_2022v1.dta","r14grossa","r14grossa:w14 walk1/r,clim1,bed,bath/0-5"
"HRS","HRS_USA/randhrs1992_2022v1.dta","r14mobila","r14mobila:w14 any diff-sum of mobility measures /0-5"
"HRS","HRS_USA/randhrs1992_2022v1.dta","r14lgmusa","r14lgmusa:w14 any diff-sum of large muscle measures /0-4"
"HRS","HRS_USA/randhrs1992_2022v1.dta","r14iadl5a","r14iadl5a:w14 any diff-sum of iadls /0-5"
"HRS","HRS_USA/randhrs1992_2022v1.dta","r14finea","r14finea:w14 dime/eat/dress /0-3"
"HRS","HRS_USA/randhrs1992_2022v1.dta","r14adl5a","r14adl5a:w14 any diff-sum of adls /0-5"
"HRS","HRS_USA/randhrs1992_2022v1.dta","r14adl5h","r14adl5h:w14 r gets help-sum of adls /0-5"
"HRS","HRS_USA/randhrs1992_2022v1.dta","r14adl6a","r14adl6a:w14 any diff-sum of adls /0-6"
"HRS","HRS_USA/randhrs1992_2022v1.dta","r14adl6h","r14adl6h:w14 r gets help-sum of adls /0-6"
"HRS","HRS_USA/randhrs1992_2022v1.dta","r14iadl5h","r14iadl5h:w14 r gets help-sum of iadls /0-5"
"HRS","HRS_USA/randhrs1992_2022v1.dta","r14inhpnfn","r14inhpnfn:w14 number of non-family helpers ever helped"
"HRS","HRS_USA/randhrs1992_2022v1.dta","r14hlprnfn","r14hlprnfn:w14 number of non-family helpers who helped last month"
"HRS","HRS_USA/randhrs1992_2022v1.dta","r14hlpdysnf","r14hlpdysnf:w14 days non-family helpers helped last month"
"HRS","HRS_USA/randhrs1992_2022v1.dta","r14hlphrsnf","r14hlphrsnf:w14 hours non-family helpers helped last month"
"HRS","HRS_USA/randhrs1992_2022v1.dta","r14hlppdnfa","r14hlppdnfa:w14 amount non-family helpers were paid to help last month"
"HRS","HRS_USA/randhrs1992_2022v1.dta","r14hlppdnfn","r14hlppdnfn:w14 number of non-family helpers paid to help"
"HRS","HRS_USA/randhrs1992_2022v1.dta","r14inhpfn","r14inhpfn:w14 number of family helpers ever helped"
"HRS","HRS_USA/randhrs1992_2022v1.dta","r14hlprfn","r14hlprfn:w14 number of family helpers who helped last month"
"HRS","HRS_USA/randhrs1992_2022v1.dta","r14hlpdysf","r14hlpdysf:w14 days family helpers helped last month"
"HRS","HRS_USA/randhrs1992_2022v1.dta","r14hlphrsf","r14hlphrsf:w14 hours family helpers helped last month"
"HRS","HRS_USA/randhrs1992_2022v1.dta","r14hlppdfa","r14hlppdfa:w14 amount family helpers were paid to help last month"
"HRS","HRS_USA/randhrs1992_2022v1.dta","r14hlppdfn","r14hlppdfn:w14 number of family helpers paid to help"
"HRS","HRS_USA/randhrs1992_2022v1.dta","r14inhpun","r14inhpun:w14 number of unpaid helpers ever helped"
"HRS","HRS_USA/randhrs1992_2022v1.dta","r14hlprun","r14hlprun:w14 number of unpaid helpers who helped last month"
"HRS","HRS_USA/randhrs1992_2022v1.dta","r14hlpdysu","r14hlpdysu:w14 days unpaid helpers helped last month"
"HRS","HRS_USA/randhrs1992_2022v1.dta","r14hlphrsu","r14hlphrsu:w14 hours unpaid helpers helped last month"
"HRS","HRS_USA/randhrs1992_2022v1.dta","r14inhppn","r14inhppn:w14 number of paid helpers ever helped"
"HRS","HRS_USA/randhrs1992_2022v1.dta","r14hlprpn","r14hlprpn:w14 number of paid helpers who helped last month"
"HRS","HRS_USA/randhrs1992_2022v1.dta","r14hlpdysp","r14hlpdysp:w14 days paid helpers helped last month"
"HRS","HRS_USA/randhrs1992_2022v1.dta","r14hlphrsp","r14hlphrsp:w14 hours paid helpers helped last month"
"HRS","HRS_USA/randhrs1992_2022v1.dta","r14inhptn","r14inhptn:w14 total number of helpers ever helped"
"HRS","HRS_USA/randhrs1992_2022v1.dta","r14hlprtn","r14hlprtn:w14 total number of helpers who helped last month"
"HRS","HRS_USA/randhrs1992_2022v1.dta","r14hlpdyst","r14hlpdyst:w14 total days got help last month"
"HRS","HRS_USA/randhrs1992_2022v1.dta","r14hlphrst","r14hlphrst:w14 total hours got help last month"
"HRS","HRS_USA/randhrs1992_2022v1.dta","r14hlppdta","r14hlppdta:w14 total amount helpers were paid last month"
"HRS","HRS_USA/randhrs1992_2022v1.dta","r14hlppdtn","r14hlppdtn:w14 total number of helpers paid to help"
"HRS","HRS_USA/randhrs1992_2022v1.dta","r14lbelig","r14lbelig:w14 eligible for lb psychosocial survey"
"HRS","HRS_USA/randhrs1992_2022v1.dta","r14lbcomp","r14lbcomp:w14 completed lb psychosocial survey"
"HRS","HRS_USA/randhrs1992_2022v1.dta","r14lbwgtr","r14lbwgtr:w14 r weight for lb psychosocial survey"
"HRS","HRS_USA/randhrs1992_2022v1.dta","r14lbcon10","r14lbcon10:w14 big 5 conscientiousness 10 sub-items"
"HRS","HRS_USA/randhrs1992_2022v1.dta","r14lbneur","r14lbneur:w14 big 5 neuroticism"
"HRS","HRS_USA/randhrs1992_2022v1.dta","r14lbext","r14lbext:w14 big 5 extroversion"
"HRS","HRS_USA/randhrs1992_2022v1.dta","r14lbagr","r14lbagr:w14 big 5 agreeableness"
"HRS","HRS_USA/randhrs1992_2022v1.dta","r14lbcon5","r14lbcon5:w14 big 5 conscientiousness 5 sub-items"
"HRS","HRS_USA/randhrs1992_2022v1.dta","r14lbopen","r14lbopen:w14 big 5 openness to experience"
"HRS","HRS_USA/randhrs1992_2022v1.dta","r14lblonely3","r14lblonely3:w14 loneliness 3-item scale"
"HRS","HRS_USA/randhrs1992_2022v1.dta","r14lblonely11","r14lblonely11:w14 loneliness 11-item scale"
"HRS","HRS_USA/randhrs1992_2022v1.dta","r14lbhlthprb","r14lbhlthprb:w14 self ongoing health problems"
"HRS","HRS_USA/randhrs1992_2022v1.dta","r14lbfamhlthprb","r14lbfamhlthprb:w14 ongoing phy/emot problems in sp/chld"
"HRS","HRS_USA/randhrs1992_2022v1.dta","r14lbfamdrugprb","r14lbfamdrugprb:w14 ongoing drug/alcohol probs fam mbr"
"HRS","HRS_USA/randhrs1992_2022v1.dta","r14lbworkprb","r14lbworkprb:w14 ongoing difficulties at work"
"HRS","HRS_USA/randhrs1992_2022v1.dta","r14lbfinprb","r14lbfinprb:w14 ongoing financial strain"
"HRS","HRS_USA/randhrs1992_2022v1.dta","r14lbhouseprb","r14lbhouseprb:w14 ongoing housing preoblems"
"HRS","HRS_USA/randhrs1992_2022v1.dta","r14lbrltnshprb","r14lbrltnshprb:w14 ongoing problems close relationship"
"HRS","HRS_USA/randhrs1992_2022v1.dta","r14lbassistprb","r14lbassistprb:w14 reg help ailing friend/fam"
"HRS","HRS_USA/randhrs1992_2022v1.dta","r14lbonchrstr","r14lbonchrstr:w14 ongoing chronic stress scale"
"HRS","HRS_USA/randhrs1992_2022v1.dta","r14lbposaffect","r14lbposaffect:w14 positive affect 13-question scale"
"HRS","HRS_USA/randhrs1992_2022v1.dta","r14lbnegaffect","r14lbnegaffect:w14 negative affect 12-question scale"
"HRS","HRS_USA/randhrs1992_2022v1.dta","r14lbsathome","r14lbsathome:w14 sat w/condition of home"
"HRS","HRS_USA/randhrs1992_2022v1.dta","r14lbsatcity","r14lbsatcity:w14 sat w/city town live"
"HRS","HRS_USA/randhrs1992_2022v1.dta","r14lbsatleisure","r14lbsatleisure:w14 sat w/daily leisure acts"
"HRS","HRS_USA/randhrs1992_2022v1.dta","r14lbsatfam","r14lbsatfam:w14 sat w/family life"
"HRS","HRS_USA/randhrs1992_2022v1.dta","r14lbsatfin","r14lbsatfin:w14 sat w/present fin situation"
"HRS","HRS_USA/randhrs1992_2022v1.dta","r14lbsatinc","r14lbsatinc:w14 sat w/total household income"
"HRS","HRS_USA/randhrs1992_2022v1.dta","r14lbsathlth","r14lbsathlth:w14 sat w/health"
"HRS","HRS_USA/randhrs1992_2022v1.dta","r14lbsatwlf","r14lbsatwlf:w14 life satisfaction scale"
"HRS","HRS_USA/H_HRS_d.dta","r14nwtresp","r14nwtresp:w14 r person-level weight, physical measures sample"
"HRS","HRS_USA/H_HRS_d.dta","r14scwtresp","r14scwtresp:w14 r person-level weight, leave behind sample"
"HRS","HRS_USA/H_HRS_d.dta","r14scproxy","r14scproxy:w14 r completed self-completion ques by proxy"
"HRS","HRS_USA/H_HRS_d.dta","r14iwmode","r14iwmode:w14 r interview mode"
"HRS","HRS_USA/H_HRS_d.dta","r14lang_h","r14lang_h:w14 r language of interview"
"HRS","HRS_USA/H_HRS_d.dta","r14marslw","r14marslw:w14 whether r married since last wave"
"HRS","HRS_USA/H_HRS_d.dta","r14divslw","r14divslw:w14 whether r divorced/separated since last wave"
"HRS","HRS_USA/H_HRS_d.dta","r14mcrtyr","r14mcrtyr:w14 r year of current marriage"
"HRS","HRS_USA/H_HRS_d.dta","r14hometyp","r14hometyp:w14 type of home r lives in"
"HRS","HRS_USA/H_HRS_d.dta","r14farm","r14farm:w14 whether r lives on ranch or farm"
"HRS","HRS_USA/H_HRS_d.dta","r14moveslw","r14moveslw:w14 whether r moved main residences since last wave"
"HRS","HRS_USA/H_HRS_d.dta","r14email","r14email:w14 whether r regularly uses web for emails"
"HRS","HRS_USA/H_HRS_d.dta","r14sight","r14sight:w14 r self-rated eyesight"
"HRS","HRS_USA/H_HRS_d.dta","r14dsight","r14dsight:w14 r self-rated distance eyesight"
"HRS","HRS_USA/H_HRS_d.dta","r14nsight","r14nsight:w14 r self-rated near eyesight"
"HRS","HRS_USA/H_HRS_d.dta","r14catrct","r14catrct:w14 r reports cataract surgery this wave"
"HRS","HRS_USA/H_HRS_d.dta","r14catrcte","r14catrcte:w14 r ever had cataract surgery"
"HRS","HRS_USA/H_HRS_d.dta","r14ncatrct","r14ncatrct:w14 r number eyes cataract surg this wave"
"HRS","HRS_USA/H_HRS_d.dta","r14glaucoma","r14glaucoma:w14 r ever treated for glaucoma"
"HRS","HRS_USA/H_HRS_d.dta","r14hearing","r14hearing:w14 r self-rated hearing"
"HRS","HRS_USA/H_HRS_d.dta","r14hearaid","r14hearaid:w14 r wears hearing aid"
"HRS","HRS_USA/H_HRS_d.dta","r14fall","r14fall:w14 r fallen down last 2 years"
"HRS","HRS_USA/H_HRS_d.dta","r14fallinj","r14fallinj:w14 r injured from fall"
"HRS","HRS_USA/H_HRS_d.dta","r14fallnum","r14fallnum:w14 r number of falls"
"HRS","HRS_USA/H_HRS_d.dta","r14hipe","r14hipe:w14 r ever fractured hip"
"HRS","HRS_USA/H_HRS_d.dta","r14urinai","r14urinai:w14 r any urinary incontinence past year"
"HRS","HRS_USA/H_HRS_d.dta","r14urinaf","r14urinaf:w14 r number days urinary incontinence last month"
"HRS","HRS_USA/H_HRS_d.dta","r14noteeth","r14noteeth:w14 r whether lost all their teeth"
"HRS","HRS_USA/H_HRS_d.dta","r14fallslp","r14fallslp:w14 r trouble falling asleep"
"HRS","HRS_USA/H_HRS_d.dta","r14wakent","r14wakent:w14 r wakes up during night"
"HRS","HRS_USA/H_HRS_d.dta","r14wakeup","r14wakeup:w14 r wakes up too early"
"HRS","HRS_USA/H_HRS_d.dta","r14rested","r14rested:w14 r feels rested when wakes up"
"HRS","HRS_USA/H_HRS_d.dta","r14rxslp","r14rxslp:w14 r takes meds to sleep"
"HRS","HRS_USA/H_HRS_d.dta","r14painfr","r14painfr:w14 r frequent problems with pain"
"HRS","HRS_USA/H_HRS_d.dta","r14painlv","r14painlv:w14 r usual level of pain"
"HRS","HRS_USA/H_HRS_d.dta","r14paina","r14paina:w14 r pain interferes with normal activities"
"HRS","HRS_USA/H_HRS_d.dta","r14rxpain","r14rxpain:w14 r takes meds for pain"
"HRS","HRS_USA/H_HRS_d.dta","r14hystere","r14hystere:w14 r ever had hysterectomy"
"HRS","HRS_USA/H_HRS_d.dta","r14menope","r14menope:w14 r menopause stage"
"HRS","HRS_USA/H_HRS_d.dta","r14lstmnspd","r14lstmnspd:w14 r age last menstrual period"
"HRS","HRS_USA/H_HRS_d.dta","r14flstmnspd","r14flstmnspd:w14 r flag age last menstrual period"
"HRS","HRS_USA/H_HRS_d.dta","r14swell","r14swell:w14 r persistent swelling in feet/ankles"
"HRS","HRS_USA/H_HRS_d.dta","r14breath","r14breath:w14 r short of breath while awake"
"HRS","HRS_USA/H_HRS_d.dta","r14dizzy","r14dizzy:w14 r persistent dizziness"
"HRS","HRS_USA/H_HRS_d.dta","r14backp","r14backp:w14 r back pain"
"HRS","HRS_USA/H_HRS_d.dta","r14headache","r14headache:w14 r persistent headaches"
"HRS","HRS_USA/H_HRS_d.dta","r14fatigue","r14fatigue:w14 r severe fatigue"
"HRS","HRS_USA/H_HRS_d.dta","r14wheeze","r14wheeze:w14 r persistent wheezing"
"HRS","HRS_USA/H_HRS_d.dta","r14adlfive","r14adlfive:w14 r 5-item adl summary/0-5"
"HRS","HRS_USA/H_HRS_d.dta","r14adlfivem","r14adlfivem:w14 r missings in 5-item adl summary"
"HRS","HRS_USA/H_HRS_d.dta","r14adlfivea","r14adlfivea:w14 r whether has any diff 5-item adls"
"HRS","HRS_USA/H_HRS_d.dta","r14adltot6","r14adltot6:w14 r some diff-total adls/0-6"
"HRS","HRS_USA/H_HRS_d.dta","r14adltot6m","r14adltot6m:w14 r missings in 6-item total adl summary"
"HRS","HRS_USA/H_HRS_d.dta","r14adltot6a","r14adltot6a:w14 r whether has any diff-6 total adls"
"HRS","HRS_USA/H_HRS_d.dta","r14iadlfour","r14iadlfour:w14 r some diff-iadls/0-4"
"HRS","HRS_USA/H_HRS_d.dta","r14iadlfourm","r14iadlfourm:w14 r missings in 4-item iadl summary"
"HRS","HRS_USA/H_HRS_d.dta","r14iadlfoura","r14iadlfoura:w14 r whether has any diff 4-item iadls"
"HRS","HRS_USA/H_HRS_d.dta","r14iadltot_h","r14iadltot_h:w14 r any diff-total iadls/0-6"
"HRS","HRS_USA/H_HRS_d.dta","r14iadltotm_h","r14iadltotm_h:w14 r missings in 6-item total iadl summary"
"HRS","HRS_USA/H_HRS_d.dta","r14iadltota_h","r14iadltota_h:w14 r whether has any diff-6 total iadls"
"HRS","HRS_USA/H_HRS_d.dta","r14mobilsev","r14mobilsev:w14 r 7-item mobility summary"
"HRS","HRS_USA/H_HRS_d.dta","r14mobilsevm","r14mobilsevm:w14 r missings in 7-item mobility summary"
"HRS","HRS_USA/H_HRS_d.dta","r14mobilseva","r14mobilseva:w14 r whether any diff 7-item mobility summary"
"HRS","HRS_USA/H_HRS_d.dta","r14lowermob","r14lowermob:w14 r lower body mobility summary"
"HRS","HRS_USA/H_HRS_d.dta","r14lowermobm","r14lowermobm:w14 r missings in lower body mobility summary"
"HRS","HRS_USA/H_HRS_d.dta","r14lowermoba","r14lowermoba:w14 r whether any diff lower body mobility summary"
"HRS","HRS_USA/H_HRS_d.dta","r14uppermob","r14uppermob:w14 r upper body mobility summary"
"HRS","HRS_USA/H_HRS_d.dta","r14uppermobm","r14uppermobm:w14 r missings in upper body mobility summary"
"HRS","HRS_USA/H_HRS_d.dta","r14uppermoba","r14uppermoba:w14 r whether any diff upper body mobility summary"
"HRS","HRS_USA/H_HRS_d.dta","r14nagi10","r14nagi10:w14 r some difficulty-NAGI score 0-10"
"HRS","HRS_USA/H_HRS_d.dta","r14nagi10m","r14nagi10m:w14 r some difficulty-missings in 10-item NAGI score"
"HRS","HRS_USA/H_HRS_d.dta","r14nagi10a","r14nagi10a:w14 r whether any diff-10 item NAGI"
"HRS","HRS_USA/H_HRS_d.dta","r14nagi8","r14nagi8:w14 r some difficulty-NAGI score 0-8"
"HRS","HRS_USA/H_HRS_d.dta","r14nagi8m","r14nagi8m:w14 r some difficulty-missings in 8-item NAGI score"
"HRS","HRS_USA/H_HRS_d.dta","r14nagi8a","r14nagi8a:w14 r whether any diff-8 item NAGI"
"HRS","HRS_USA/H_HRS_d.dta","r14hrtatte","r14hrtatte:w14 r ever had heart attack"
"HRS","HRS_USA/H_HRS_d.dta","r14angine","r14angine:w14 r ever had angina"
"HRS","HRS_USA/H_HRS_d.dta","r14conhrtfe","r14conhrtfe:w14 r ever had congestive heart failure"
"HRS","HRS_USA/H_HRS_d.dta","r14shingle","r14shingle:w14 r ever had shingles"
"HRS","HRS_USA/H_HRS_d.dta","r14hrtrhme","r14hrtrhme:w14 r ever had abnormal heart rhythm"
"HRS","HRS_USA/H_HRS_d.dta","r14osteoe","r14osteoe:w14 r ever had osteoporosis"
"HRS","HRS_USA/H_HRS_d.dta","r14hchole","r14hchole:w14 r ever had high cholesterol"
"HRS","HRS_USA/H_HRS_d.dta","r14hrtatt","r14hrtatt:w14 r reports heart attack since last wave"
"HRS","HRS_USA/H_HRS_d.dta","r14angin","r14angin:w14 r reports angina since last wave"
"HRS","HRS_USA/H_HRS_d.dta","r14conhrtf","r14conhrtf:w14 r reports congestive heart failure since last wave"
"HRS","HRS_USA/H_HRS_d.dta","r14hrtrhm","r14hrtrhm:w14 r reports abnormal heart rhythm since last wave"
"HRS","HRS_USA/H_HRS_d.dta","r14rxhibp","r14rxhibp:w14 r takes meds for high blood pressure"
"HRS","HRS_USA/H_HRS_d.dta","r14rxdiabo","r14rxdiabo:w14 r takes oral meds for diabetes"
"HRS","HRS_USA/H_HRS_d.dta","r14rxdiabi","r14rxdiabi:w14 r takes insulin for diabetes"
"HRS","HRS_USA/H_HRS_d.dta","r14rxdiab","r14rxdiab:w14 r takes meds for diabetes"
"HRS","HRS_USA/H_HRS_d.dta","r14rxstrok","r14rxstrok:w14 r takes meds for stroke"
"HRS","HRS_USA/H_HRS_d.dta","r14rxangina","r14rxangina:w14 r takes meds for angina"
"HRS","HRS_USA/H_HRS_d.dta","r14rxchf","r14rxchf:w14 r takes meds for congestive heart failure"
"HRS","HRS_USA/H_HRS_d.dta","r14rxlung","r14rxlung:w14 r takes meds for lung condition"
"HRS","HRS_USA/H_HRS_d.dta","r14trpsych","r14trpsych:w14 r receives psychological treatment"
"HRS","HRS_USA/H_HRS_d.dta","r14cncrchem","r14cncrchem:w14 r chemotherapy cancer treatment"
"HRS","HRS_USA/H_HRS_d.dta","r14cncrsurg","r14cncrsurg:w14 r surgery cancer treatment"
"HRS","HRS_USA/H_HRS_d.dta","r14cncrradn","r14cncrradn:w14 r radiation cancer treatment"
"HRS","HRS_USA/H_HRS_d.dta","r14cncrothr","r14cncrothr:w14 r other cancer treatment"
"HRS","HRS_USA/H_HRS_d.dta","r14cncrmeds","r14cncrmeds:w14 r medication cancer treatment"
"HRS","HRS_USA/H_HRS_d.dta","r14rxhrtat","r14rxhrtat:w14 r takes meds for heart attack"
"HRS","HRS_USA/H_HRS_d.dta","r14rxheart","r14rxheart:w14 r takes meds for heart problems"
"HRS","HRS_USA/H_HRS_d.dta","r14rxmemry","r14rxmemry:w14 r takes meds for memory problem"
"HRS","HRS_USA/H_HRS_d.dta","r14reccancr","r14reccancr:w14 r age most recent cancer diagnosis"
"HRS","HRS_USA/H_HRS_d.dta","r14rechrtatt","r14rechrtatt:w14 r age most recent heart attack"
"HRS","HRS_USA/H_HRS_d.dta","r14recstrok","r14recstrok:w14 r age most recent stroke"
"HRS","HRS_USA/H_HRS_d.dta","r14hrtsrg","r14hrtsrg:w14 r had heart surgery since last wave"
"HRS","HRS_USA/H_HRS_d.dta","r14jointr","r14jointr:w14 r had joint replaced since last wave"
"HRS","HRS_USA/H_HRS_d.dta","r14rxhchol","r14rxhchol:w14 r takes meds for high cholesterol"
"HRS","HRS_USA/H_HRS_d.dta","r14rxbreath","r14rxbreath:w14 r takes meds for breathing problem"
"HRS","HRS_USA/H_HRS_d.dta","r14rxstom","r14rxstom:w14 r takes meds for stomach"
"HRS","HRS_USA/H_HRS_d.dta","r14rxdepres","r14rxdepres:w14 r takes meds for depression or anxiety"
"HRS","HRS_USA/H_HRS_d.dta","r14rxbldthn","r14rxbldthn:w14 r takes blood thinning meds to prevent clots"
"HRS","HRS_USA/H_HRS_d.dta","r14cancrst","r14cancrst:w14 r cancer status"
"HRS","HRS_USA/H_HRS_d.dta","r14bmicat","r14bmicat:w14 r bmi categorization"
"HRS","HRS_USA/H_HRS_d.dta","r14obese","r14obese:w14 r whether obese"
"HRS","HRS_USA/H_HRS_d.dta","r14drinkcut","r14drinkcut:w14 r feels should cut down on drinking"
"HRS","HRS_USA/H_HRS_d.dta","r14drinkcr","r14drinkcr:w14 r others criticize your drinking"
"HRS","HRS_USA/H_HRS_d.dta","r14drinkbd","r14drinkbd:w14 r feels bad about drinking"
"HRS","HRS_USA/H_HRS_d.dta","r14drinknr","r14drinknr:w14 r takes drink for nerve in am"
"HRS","HRS_USA/H_HRS_d.dta","r14cage","r14cage:w14 r cage summary"
"HRS","HRS_USA/H_HRS_d.dta","r14cagem","r14cagem:w14 r cage missings"
"HRS","HRS_USA/H_HRS_d.dta","r14drinkb","r14drinkb:w14 r ever binge drinks"
"HRS","HRS_USA/H_HRS_d.dta","r14binged","r14binged:w14 r number days binge drinks"
"HRS","HRS_USA/H_HRS_d.dta","r14smokef","r14smokef:w14 r # cigarettes/day"
"HRS","HRS_USA/H_HRS_d.dta","r14strtsmok","r14strtsmok:w14 r age started smoking"
"HRS","HRS_USA/H_HRS_d.dta","r14quitsmok","r14quitsmok:w14 r age quit smoking"
"HRS","HRS_USA/H_HRS_d.dta","r14shnglshte","r14shnglshte:w14 r shingles vaccine ever"
"HRS","HRS_USA/H_HRS_d.dta","r14pneushte","r14pneushte:w14 r pneumonia vaccine ever"
"HRS","HRS_USA/H_HRS_d.dta","r14numer","r14numer:w14 r numeracy score"
"HRS","HRS_USA/H_HRS_d.dta","r14verbf","r14verbf:w14 r verbal fluency score"
"HRS","HRS_USA/H_HRS_d.dta","r14ciqscore1","r14ciqscore1:w14 r JORM family/friend details"
"HRS","HRS_USA/H_HRS_d.dta","r14ciqscore2","r14ciqscore2:w14 r JORM recent events"
"HRS","HRS_USA/H_HRS_d.dta","r14ciqscore3","r14ciqscore3:w14 r JORM recent conversations"
"HRS","HRS_USA/H_HRS_d.dta","r14ciqscore4","r14ciqscore4:w14 r JORM address and telephone number"
"HRS","HRS_USA/H_HRS_d.dta","r14ciqscore5","r14ciqscore5:w14 r JORM day and month"
"HRS","HRS_USA/H_HRS_d.dta","r14ciqscore6","r14ciqscore6:w14 r JORM where things are usually kept"
"HRS","HRS_USA/H_HRS_d.dta","r14ciqscore7","r14ciqscore7:w14 r JORM where to find things"
"HRS","HRS_USA/H_HRS_d.dta","r14ciqscore8","r14ciqscore8:w14 r JORM work familiar machines"
"HRS","HRS_USA/H_HRS_d.dta","r14ciqscore9","r14ciqscore9:w14 r JORM new gadget or machine"
"HRS","HRS_USA/H_HRS_d.dta","r14ciqscore10","r14ciqscore10:w14 r JORM new things in general"
"HRS","HRS_USA/H_HRS_d.dta","r14ciqscore11","r14ciqscore11:w14 r JORM story in a book or on TV"
"HRS","HRS_USA/H_HRS_d.dta","r14ciqscore12","r14ciqscore12:w14 r JORM making decisions on everyday matters"
"HRS","HRS_USA/H_HRS_d.dta","r14ciqscore13","r14ciqscore13:w14 r JORM handling money for shopping"
"HRS","HRS_USA/H_HRS_d.dta","r14ciqscore14","r14ciqscore14:w14 r JORM handling financial matters"
"HRS","HRS_USA/H_HRS_d.dta","r14ciqscore15","r14ciqscore15:w14 r JORM handling other everyday arithmetic problems"
"HRS","HRS_USA/H_HRS_d.dta","r14ciqscore16","r14ciqscore16:w14 r JORM reason things through"
"HRS","HRS_USA/H_HRS_d.dta","r14cjormscore","r14cjormscore:w14 r JORM average score"
"HRS","HRS_USA/H_HRS_d.dta","r14widslw","r14widslw:w14 whether r widowed since last wave"
"HRS","HRS_USA/H_HRS_d.dta","r14pardslw","r14pardslw:w14 whether r parent died since last wave"
"HRS","HRS_USA/H_HRS_d.dta","r14relgwk","r14relgwk:w14 r any weekly part. in religious services"
"HRS","HRS_USA/H_HRS_d.dta","r14socrelg_h","r14socrelg_h:w14 r freq participate religious services"
"HRS","HRS_USA/H_HRS_d.dta","r14socwk","r14socwk:w14 r any weekly social activities"
"HRS","HRS_USA/H_HRS_d.dta","r14socmn","r14socmn:w14 r any monthly social activities"
"HRS","HRS_USA/H_HRS_d.dta","r14kcntf","r14kcntf:w14 r any weekly contact with children in person"
"HRS","HRS_USA/H_HRS_d.dta","r14kcntpm","r14kcntpm:w14 r any weekly contact with children by phone/mail/email"
"HRS","HRS_USA/H_HRS_d.dta","r14kcnt","r14kcnt:w14 r any weekly contact with children in person/phone/mail/email"
"HRS","HRS_USA/H_HRS_d.dta","r14rfcntf","r14rfcntf:w14 r any weekly contact with relative/friend in person"
"HRS","HRS_USA/H_HRS_d.dta","r14rfcntpm","r14rfcntpm:w14 r any weekly contact with relative/friend by phone/mail/email"
"HRS","HRS_USA/H_HRS_d.dta","r14rfcnt","r14rfcnt:w14 r any weekly contact with relative/friend in person/phone/mail/emai"
"HRS","HRS_USA/H_HRS_d.dta","r14jconcntrb","r14jconcntrb:w14 r freq cur job concentration"
"HRS","HRS_USA/H_HRS_d.dta","r14jdealpplb","r14jdealpplb:w14 r freq cur job dealing with people"
"HRS","HRS_USA/H_HRS_d.dta","r14jcomputb","r14jcomputb:w14 r freq cur job computers"
"HRS","HRS_USA/H_HRS_d.dta","r14jdiffa","r14jdiffa:w14 r cur job more difficult than used to be"
"HRS","HRS_USA/H_HRS_d.dta","r14jgrredhra","r14jgrredhra:w14 r prefer gradually reduce hours"
"HRS","HRS_USA/H_HRS_d.dta","r14jmldema","r14jmldema:w14 r cur job allows move to less demanding job if wanted"
"HRS","HRS_USA/H_HRS_d.dta","r14jenjwrka","r14jenjwrka:w14 r really enjoys going to work"
"HRS","HRS_USA/H_HRS_d.dta","r14jpromynga","r14jpromynga:w14 r cur job employer promotes young over old"
"HRS","HRS_USA/H_HRS_d.dta","r14joldreta","r14joldreta:w14 r cur job co-workers encourage retirement before 65"
"HRS","HRS_USA/H_HRS_d.dta","r14csize","r14csize:w14 r size of total company/org"
"HRS","HRS_USA/H_HRS_d.dta","r14fcsize","r14fcsize:w14 r flag size of total company/org"
"HRS","HRS_USA/H_HRS_d.dta","r14jgovtemp","r14jgovtemp:w14 r employed by government"
"HRS","HRS_USA/H_HRS_d.dta","r14jgovttyp","r14jgovttyp:w14 r type govt employed by"
"HRS","HRS_USA/H_HRS_d.dta","r14jpleave","r14jpleave:w14 r cur job paid leave days"
"HRS","HRS_USA/H_HRS_d.dta","r14jpsick","r14jpsick:w14 r cur job paid sick days"
"HRS","HRS_USA/H_HRS_d.dta","r14jpdysa","r14jpdysa:w14 r cur job paid days off"
"HRS","HRS_USA/H_HRS_d.dta","r14jsprvs","r14jsprvs:w14 whether r supervises others"
"HRS","HRS_USA/H_HRS_d.dta","r14jsprvsn","r14jsprvsn:w14 number people r supervises"
"HRS","HRS_USA/H_HRS_d.dta","r14looknwk","r14looknwk:w14 r looking for new job (if working)"
"HRS","HRS_USA/H_HRS_d.dta","r14looknwkpf","r14looknwkpf:w14 r look part or full-time new job (if working)"
"HRS","HRS_USA/H_HRS_d.dta","r14looknwksd","r14looknwksd:w14 r look same or diff new job (if working)"
"HRS","HRS_USA/H_HRS_d.dta","r14lookwrkpf","r14lookwrkpf:w14 r look part or full-time job (if not working)"
"HRS","HRS_USA/H_HRS_d.dta","r14lookwrksd","r14lookwrksd:w14 r look same or diff work (if not working)"
"HRS","HRS_USA/H_HRS_d.dta","r14jrswleav","r14jrswleav:w14 r reason looking for diff new job (if working)"
"HRS","HRS_USA/H_HRS_d.dta","r14jrsleft","r14jrsleft:w14 r reason for stopping working (if not working)"
"HRS","HRS_USA/H_HRS_d.dta","r14systo1","r14systo1:w14 r blood pressure measure (systolic) 1"
"HRS","HRS_USA/H_HRS_d.dta","r14systo2","r14systo2:w14 r blood pressure measure (systolic) 2"
"HRS","HRS_USA/H_HRS_d.dta","r14systo3","r14systo3:w14 r blood pressure measure (systolic) 3"
"HRS","HRS_USA/H_HRS_d.dta","r14systo","r14systo:w14 r average blood pressure measure (systolic) 2 & 3"
"HRS","HRS_USA/H_HRS_d.dta","r14diasto1","r14diasto1:w14 r blood pressure measure (diastolic) 1"
"HRS","HRS_USA/H_HRS_d.dta","r14diasto2","r14diasto2:w14 r blood pressure measure (diastolic) 2"
"HRS","HRS_USA/H_HRS_d.dta","r14diasto3","r14diasto3:w14 r blood pressure measure (diastolic) 3"
"HRS","HRS_USA/H_HRS_d.dta","r14diasto","r14diasto:w14 r average blood pressure measure (diastolic) 2 & 3 "
"HRS","HRS_USA/H_HRS_d.dta","r14pulse1","r14pulse1:w14 r pulse measure 1"
"HRS","HRS_USA/H_HRS_d.dta","r14pulse2","r14pulse2:w14 r pulse measure 2"
"HRS","HRS_USA/H_HRS_d.dta","r14pulse3","r14pulse3:w14 r pulse measure 3"
"HRS","HRS_USA/H_HRS_d.dta","r14pulse","r14pulse:w14 r average pulse measure 2 & 3"
"HRS","HRS_USA/H_HRS_d.dta","r14bpcomp","r14bpcomp:w14 r willing and able to complete blood pressure test"
"HRS","HRS_USA/H_HRS_d.dta","r14bldpos","r14bldpos:w14 r position for blood pressure test"
"HRS","HRS_USA/H_HRS_d.dta","r14bparm","r14bparm:w14 r arm used for blood pressure test"
"HRS","HRS_USA/H_HRS_d.dta","r14bpsft","r14bpsft:w14 r didn't complete bp: unsafe/health reason"
"HRS","HRS_USA/H_HRS_d.dta","r14bpref","r14bpref:w14 r didn't complete bp: refused"
"HRS","HRS_USA/H_HRS_d.dta","r14bptryu","r14bptryu:w14 r didn't complete bp: tried but unable"
"HRS","HRS_USA/H_HRS_d.dta","r14bpequp","r14bpequp:w14 r didn't complete bp: faulty equipment/space issue"
"HRS","HRS_USA/H_HRS_d.dta","r14bpothr","r14bpothr:w14 r didn't complete bp: other reason"
"HRS","HRS_USA/H_HRS_d.dta","r14puff1","r14puff1:w14 r lung function peak flow 1"
"HRS","HRS_USA/H_HRS_d.dta","r14puff2","r14puff2:w14 r lung function peak flow 2"
"HRS","HRS_USA/H_HRS_d.dta","r14puff3","r14puff3:w14 r lung function peak flow 3"
"HRS","HRS_USA/H_HRS_d.dta","r14puff","r14puff:w14 r maximum lung function peak flow"
"HRS","HRS_USA/H_HRS_d.dta","r14puffcomp","r14puffcomp:w14 r willing and able to complete lung function peak flow test"
"HRS","HRS_USA/H_HRS_d.dta","r14puffpos","r14puffpos:w14 r position for lung function peak flow test"
"HRS","HRS_USA/H_HRS_d.dta","r14puffeff","r14puffeff:w14 amount effort r gave to lung function test"
"HRS","HRS_USA/H_HRS_d.dta","r14puffsft","r14puffsft:w14 r didn't complete lung: unsafe/health reason"
"HRS","HRS_USA/H_HRS_d.dta","r14puffref","r14puffref:w14 r didn't complete lung: refused"
"HRS","HRS_USA/H_HRS_d.dta","r14pufftryu","r14pufftryu:w14 r didn't complete lung: tried but unable"
"HRS","HRS_USA/H_HRS_d.dta","r14puffequp","r14puffequp:w14 r didn't complete lung: faulty equipment/space issue"
"HRS","HRS_USA/H_HRS_d.dta","r14puffothr","r14puffothr:w14 r didn't complete lung: other reason"
"HRS","HRS_USA/H_HRS_d.dta","r14domhand","r14domhand:w14 r grip strength dominant hand"
"HRS","HRS_USA/H_HRS_d.dta","r14lgrip1","r14lgrip1:w14 r left hand grip measurement 1(kg)"
"HRS","HRS_USA/H_HRS_d.dta","r14lgrip2","r14lgrip2:w14 r left hand grip measurement 2(kg)"
"HRS","HRS_USA/H_HRS_d.dta","r14rgrip1","r14rgrip1:w14 r right hand grip measurement 1(kg)"
"HRS","HRS_USA/H_HRS_d.dta","r14rgrip2","r14rgrip2:w14 r right hand grip measurement 2(kg)"
"HRS","HRS_USA/H_HRS_d.dta","r14lgrip","r14lgrip:w14 r maximum left hand grip measurement(kg)"
"HRS","HRS_USA/H_HRS_d.dta","r14rgrip","r14rgrip:w14 r maximum right hand grip measurement(kg)"
"HRS","HRS_USA/H_HRS_d.dta","r14gripsum","r14gripsum:w14 r dominant hand grip strength(kg)"
"HRS","HRS_USA/H_HRS_d.dta","r14gripcomp","r14gripcomp:w14 r willing and able to complete grip strength test"
"HRS","HRS_USA/H_HRS_d.dta","r14gripeff","r14gripeff:w14 amount of effort r gave grip strength test"
"HRS","HRS_USA/H_HRS_d.dta","r14grippos","r14grippos:w14 r's position for grip strength test"
"HRS","HRS_USA/H_HRS_d.dta","r14griprsta","r14griprsta:w14 r rested arms on a support during grip strength test"
"HRS","HRS_USA/H_HRS_d.dta","r14gripsft","r14gripsft:w14 r didn't complete grip: unsafe/health reason"
"HRS","HRS_USA/H_HRS_d.dta","r14gripref","r14gripref:w14 r didn't complete grip: refused"
"HRS","HRS_USA/H_HRS_d.dta","r14griptryu","r14griptryu:w14 r didn't complete grip: tried but unable"
"HRS","HRS_USA/H_HRS_d.dta","r14gripequp","r14gripequp:w14 r didn't complete grip: faulty equipment/space issue"
"HRS","HRS_USA/H_HRS_d.dta","r14gripothr","r14gripothr:w14 r didn't complete grip: other reason"
"HRS","HRS_USA/H_HRS_d.dta","r14semitan","r14semitan:w14 r semi-tandem test result(sec)"
"HRS","HRS_USA/H_HRS_d.dta","r14semidone","r14semidone:w14 whether r completed full 10 sec semi-tandem test"
"HRS","HRS_USA/H_HRS_d.dta","r14semicomp","r14semicomp:w14 r willing and able to complete semi-tandem test"
"HRS","HRS_USA/H_HRS_d.dta","r14fulltan","r14fulltan:w14 r full-tandem test result(sec)"
"HRS","HRS_USA/H_HRS_d.dta","r14fulldone","r14fulldone:w14 whether r completed 30/60 seconds full-tandem"
"HRS","HRS_USA/H_HRS_d.dta","r14fullcomp","r14fullcomp:w14 r willing and able to complete full tandem test"
"HRS","HRS_USA/H_HRS_d.dta","r14sbstan","r14sbstan:w14 r side-by-side test result(sec)"
"HRS","HRS_USA/H_HRS_d.dta","r14sbsdone","r14sbsdone:w14 whether r completed 10 seconds side-by-side"
"HRS","HRS_USA/H_HRS_d.dta","r14sbscomp","r14sbscomp:w14 r willing and able to complete side-by-side test"
"HRS","HRS_USA/H_HRS_d.dta","r14balance","r14balance:w14 r balance test summary score"
"HRS","HRS_USA/H_HRS_d.dta","r14semitanc","r14semitanc:w14 r compensatory movements during semi-tandem test"
"HRS","HRS_USA/H_HRS_d.dta","r14fulltanc","r14fulltanc:w14 r compensatory movements during full-tandem test"
"HRS","HRS_USA/H_HRS_d.dta","r14sbstanc","r14sbstanc:w14 r compensatory movements during side-by-side test"
"HRS","HRS_USA/H_HRS_d.dta","r14balsft","r14balsft:w14 r didn't complete balance: unsafe/health reason"
"HRS","HRS_USA/H_HRS_d.dta","r14balref","r14balref:w14 r didn't complete balance: refused"
"HRS","HRS_USA/H_HRS_d.dta","r14baltryu","r14baltryu:w14 r didn't complete balance: tried but unable"
"HRS","HRS_USA/H_HRS_d.dta","r14balothr","r14balothr:w14 r didn't complete balance: other reason"
"HRS","HRS_USA/H_HRS_d.dta","r14wspeed1","r14wspeed1:w14 r time for walking speed test 1(sec)"
"HRS","HRS_USA/H_HRS_d.dta","r14wspeed2","r14wspeed2:w14 r time for walking speed test 2(sec)"
"HRS","HRS_USA/H_HRS_d.dta","r14wspeed","r14wspeed:w14 r average time for walking speed test(sec)"
"HRS","HRS_USA/H_HRS_d.dta","r14walkcomp","r14walkcomp:w14 r willing and able to complete walking speed test"
"HRS","HRS_USA/H_HRS_d.dta","r14walkaid","r14walkaid:w14 type aid used during r's walking speed test"
"HRS","HRS_USA/H_HRS_d.dta","r14walkdir","r14walkdir:w14 r followed directions during walking speed test"
"HRS","HRS_USA/H_HRS_d.dta","r14walksft","r14walksft:w14 r didn't complete walking: unsafe/health reason"
"HRS","HRS_USA/H_HRS_d.dta","r14walkref","r14walkref:w14 r didn't complete walking: refused"
"HRS","HRS_USA/H_HRS_d.dta","r14walktryu","r14walktryu:w14 r didn't complete walking: tried but unable"
"HRS","HRS_USA/H_HRS_d.dta","r14walkequp","r14walkequp:w14 r didn't complete walking: faulty equipment/space issue"
"HRS","HRS_USA/H_HRS_d.dta","r14walkothr","r14walkothr:w14 r didn't complete walking: other reason"
"HRS","HRS_USA/H_HRS_d.dta","r14mheight","r14mheight:w14 r height measurement in meters"
"HRS","HRS_USA/H_HRS_d.dta","r14mweight","r14mweight:w14 r weight measurement in kilograms"
"HRS","HRS_USA/H_HRS_d.dta","r14mwaist","r14mwaist:w14 r waist measurement (cm)"
"HRS","HRS_USA/H_HRS_d.dta","r14mbmi","r14mbmi:w14 r measured Body Mass Index=kg/m2"
"HRS","HRS_USA/H_HRS_d.dta","r14mbmicat","r14mbmicat:w14 r mbmi categorization"
"HRS","HRS_USA/H_HRS_d.dta","r14mobese","r14mobese:w14 r whether measured obese"
"HRS","HRS_USA/H_HRS_d.dta","r14htcomp","r14htcomp:w14 r willing and able to complete height measurement"
"HRS","HRS_USA/H_HRS_d.dta","r14wtcomp","r14wtcomp:w14 r willing and able to complete weight measurement "
"HRS","HRS_USA/H_HRS_d.dta","r14watcomp","r14watcomp:w14 r willing and able to complete waist measurement"
"HRS","HRS_USA/H_HRS_d.dta","r14wtflr","r14wtflr:w14 floor surface r's weight measurement"
"HRS","HRS_USA/H_HRS_d.dta","r14shoeh","r14shoeh:w14 r if wearing shoes (height)"
"HRS","HRS_USA/H_HRS_d.dta","r14shoew","r14shoew:w14 r if wearing shoes (weight)"
"HRS","HRS_USA/H_HRS_d.dta","r14bulky","r14bulky:w14 r wearing bulky clothes for waist measurement"
"HRS","HRS_USA/H_HRS_d.dta","r14hghtsft","r14hghtsft:w14 r didn't complete height: unsafe/health reason"
"HRS","HRS_USA/H_HRS_d.dta","r14hghtref","r14hghtref:w14 r didn't complete height: refused"
"HRS","HRS_USA/H_HRS_d.dta","r14hghttryu","r14hghttryu:w14 r didn't complete height: tried but unable"
"HRS","HRS_USA/H_HRS_d.dta","r14hghtequp","r14hghtequp:w14 r didn't complete height: faulty equipment/space issue"
"HRS","HRS_USA/H_HRS_d.dta","r14hghtothr","r14hghtothr:w14 r didn't complete height: other reason"
"HRS","HRS_USA/H_HRS_d.dta","r14wghtsft","r14wghtsft:w14 r didn't complete weight: unsafe/health reason"
"HRS","HRS_USA/H_HRS_d.dta","r14wghtref","r14wghtref:w14 r didn't complete weight: refused"
"HRS","HRS_USA/H_HRS_d.dta","r14wghttryu","r14wghttryu:w14 r didn't complete weight: tried but unable"
"HRS","HRS_USA/H_HRS_d.dta","r14wghtequp","r14wghtequp:w14 r didn't complete weight: faulty equipment/space issue"
"HRS","HRS_USA/H_HRS_d.dta","r14wghtothr","r14wghtothr:w14 r didn't complete weight: other reason"
"HRS","HRS_USA/H_HRS_d.dta","r14wstsft","r14wstsft:w14 r didn't complete waist: unsafe/health reason"
"HRS","HRS_USA/H_HRS_d.dta","r14wstref","r14wstref:w14 r didn't complete waist: refused"
"HRS","HRS_USA/H_HRS_d.dta","r14wsttryu","r14wsttryu:w14 r didn't complete waist: tried but unable"
"HRS","HRS_USA/H_HRS_d.dta","r14wstequp","r14wstequp:w14 r didn't complete waist: faulty equipment/space issue"
"HRS","HRS_USA/H_HRS_d.dta","r14wstothr","r14wstothr:w14 r didn't complete waist: other reason"
"HRS","HRS_USA/H_HRS_d.dta","r14hear_l1","r14hear_l1:w14 r left hearing test 1 (0-6)"
"HRS","HRS_USA/H_HRS_d.dta","r14hear_r1","r14hear_r1:w14 r right hearing test 1 (0-6)"
"HRS","HRS_USA/H_HRS_d.dta","r14hear_l2","r14hear_l2:w14 r left hearing test 2 (0-6)"
"HRS","HRS_USA/H_HRS_d.dta","r14hear_r2","r14hear_r2:w14 r right hearing test 2 (0-6)"
"HRS","HRS_USA/H_HRS_d.dta","r14hear_l","r14hear_l:w14 r left hearing test sum (0-12)"
"HRS","HRS_USA/H_HRS_d.dta","r14hear_r","r14hear_r:w14 r right hearing test sum (0-12)"
"HRS","HRS_USA/H_HRS_d.dta","r14hearcomp","r14hearcomp:w14 r willing and able to complete hearing test"
"HRS","HRS_USA/H_HRS_d.dta","r14hear_aid","r14hear_aid:w14 r wears hearing aid"
"HRS","HRS_USA/H_HRS_d.dta","r14hear_p","r14hear_p:w14 problems occurred during r's hearing test"
"HRS","HRS_USA/H_HRS_d.dta","r14hearsft","r14hearsft:w14 r didn't complete hearing test: unsafe/health reason"
"HRS","HRS_USA/H_HRS_d.dta","r14hearref","r14hearref:w14 r didn't complete hearing test: refused"
"HRS","HRS_USA/H_HRS_d.dta","r14heartryu","r14heartryu:w14 r didn't complete hearing test: tried but unable"
"HRS","HRS_USA/H_HRS_d.dta","r14hearequp","r14hearequp:w14 r didn't complete hearing test: faulty equipment"
"HRS","HRS_USA/H_HRS_d.dta","r14hearothr","r14hearothr:w14 r didn't complete hearing test: other reason"
"HRS","HRS_USA/H_HRS_d.dta","r14mealhlp","r14mealhlp:w14 whether anyone helps r with meal preparation"
"HRS","HRS_USA/H_HRS_d.dta","r14shophlp","r14shophlp:w14 whether anyone helps r with grocery shopping"
"HRS","HRS_USA/H_HRS_d.dta","r14phonehlp","r14phonehlp:w14 whether anyone helps r with phone calls"
"HRS","HRS_USA/H_HRS_d.dta","r14medhlp","r14medhlp:w14 whether anyone helps r with taking medication"
"HRS","HRS_USA/H_HRS_d.dta","r14moneyhlp","r14moneyhlp:w14 whether anyone helps r with managing money"
"HRS","HRS_USA/H_HRS_d.dta","r14drive","r14drive:w14 whether r is able to drive"
"HRS","HRS_USA/H_HRS_d.dta","r14handrt","r14handrt:w14 r self-rated hand strength"
"HRS","HRS_USA/H_HRS_d.dta","r14sbreath","r14sbreath:w14 frequency r short of breath"
"HRS","HRS_USA/H_HRS_d.dta","r14balanc","r14balanc:w14 frequency r difficulty with balance"
"HRS","HRS_USA/H_HRS_d.dta","r14limhwrk","r14limhwrk:w14 whether health limits r housework"
"HRS","HRS_USA/H_HRS_d.dta","r14limimpar","r14limimpar:w14 whether r limited in any way due to impairment"
"HRS","HRS_USA/H_HRS_d.dta","r14ftrhlp","r14ftrhlp:w14 anyone able to help r with future adl needs"
"HRS","HRS_USA/H_HRS_d.dta","r14ftrkids","r14ftrkids:w14 child/grandchild able to help r with future adl needs"
"HRS","HRS_USA/H_HRS_d.dta","r14ftrothr","r14ftrothr:w14 Other relative/someone else able to help r with future adl needs"
"HRS","HRS_USA/H_HRS_d.dta","r14gcaresck","r14gcaresck:w14 r provides informal care to sick/disabled adult"
"HRS","HRS_USA/H_HRS_d.dta","r14gcaresckd_h","r14gcaresckd_h:w14 frequency r cares for sick/disabled adult"
"HRS","HRS_USA/H_HRS_d.dta","r14racany","r14racany:w14 r receives any care for adls"
"HRS","HRS_USA/H_HRS_d.dta","r14racaany","r14racaany:w14 r receives any informal care for adls"
"HRS","HRS_USA/H_HRS_d.dta","r14rascare","r14rascare:w14 r receives informal care from spouse for adls"
"HRS","HRS_USA/H_HRS_d.dta","r14rascaren","r14rascaren:w14 # spouses who help r with adls"
"HRS","HRS_USA/H_HRS_d.dta","r14rascaredpm","r14rascaredpm:w14 days/month spouse helps r with adls"
"HRS","HRS_USA/H_HRS_d.dta","r14rascaredpmm","r14rascaredpmm:w14 r spouse missing days of help for adls"
"HRS","HRS_USA/H_HRS_d.dta","r14rascarehr","r14rascarehr:w14 hours/day spouse helps r with adls"
"HRS","HRS_USA/H_HRS_d.dta","r14rascarehrm","r14rascarehrm:w14 r spouse missing hours of help for adls"
"HRS","HRS_USA/H_HRS_d.dta","r14raccare","r14raccare:w14 r receives informal care from kids/grandkids for adls"
"HRS","HRS_USA/H_HRS_d.dta","r14raccaren","r14raccaren:w14 # kids/grandkids who help r with adls"
"HRS","HRS_USA/H_HRS_d.dta","r14raccaredpm","r14raccaredpm:w14 days/month kids/grandkids help r with adls"
"HRS","HRS_USA/H_HRS_d.dta","r14raccaredpmm","r14raccaredpmm:w14 r # kids/grandkids missing days of help for adls"
"HRS","HRS_USA/H_HRS_d.dta","r14raccarehr","r14raccarehr:w14 hours/day kids/grandkids help r with adls"
"HRS","HRS_USA/H_HRS_d.dta","r14raccarehrm","r14raccarehrm:w14 r # kids/grandkids missing hours of help for adls"
"HRS","HRS_USA/H_HRS_d.dta","r14raccarepd","r14raccarepd:w14 any kids/grandkids paid for care given to r for adls"
"HRS","HRS_USA/H_HRS_d.dta","r14rarcare","r14rarcare:w14 r receives informal care from relatives for adls"
"HRS","HRS_USA/H_HRS_d.dta","r14rarcaren","r14rarcaren:w14 # relatives who help r with adls"
"HRS","HRS_USA/H_HRS_d.dta","r14rarcaredpm","r14rarcaredpm:w14 days/month relatives help r with adls"
"HRS","HRS_USA/H_HRS_d.dta","r14rarcaredpmm","r14rarcaredpmm:w14 r # relatives missing days of help for adls"
"HRS","HRS_USA/H_HRS_d.dta","r14rarcarehr","r14rarcarehr:w14 hours/day relatives help r with adls"
"HRS","HRS_USA/H_HRS_d.dta","r14rarcarehrm","r14rarcarehrm:w14 r # relatives missing hours of help for adls"
"HRS","HRS_USA/H_HRS_d.dta","r14rarcarepd","r14rarcarepd:w14 any relative paid for care given to r for adls"
"HRS","HRS_USA/H_HRS_d.dta","r14rafcare","r14rafcare:w14 r receives informal care from non-relatives for adls"
"HRS","HRS_USA/H_HRS_d.dta","r14rafcaren","r14rafcaren:w14 # non-relatives who help r with adls"
"HRS","HRS_USA/H_HRS_d.dta","r14rafcaredpm","r14rafcaredpm:w14 days/month non-relatives help r with adls"
"HRS","HRS_USA/H_HRS_d.dta","r14rafcaredpmm","r14rafcaredpmm:w14 r # non-relatives missing days of help for adls"
"HRS","HRS_USA/H_HRS_d.dta","r14rafcarehr","r14rafcarehr:w14 hours/day non-relatives help r with adls"
"HRS","HRS_USA/H_HRS_d.dta","r14rafcarehrm","r14rafcarehrm:w14 r # non-relatives missing hours of help for adls"
"HRS","HRS_USA/H_HRS_d.dta","r14rafcarepd","r14rafcarepd:w14 any non-relative paid for care given to r for adls"
"HRS","HRS_USA/H_HRS_d.dta","r14rafaany","r14rafaany:w14 r receives any formal care for adls"
"HRS","HRS_USA/H_HRS_d.dta","r14rapfcare","r14rapfcare:w14 r receives formal care from paid professional for adls"
"HRS","HRS_USA/H_HRS_d.dta","r14rapfcaren","r14rapfcaren:w14 # paid professionals who help r with adls"
"HRS","HRS_USA/H_HRS_d.dta","r14rapfcaredpm","r14rapfcaredpm:w14 days/month paid professionals help r with adls"
"HRS","HRS_USA/H_HRS_d.dta","r14rapfcaredpmm","r14rapfcaredpmm:w14 r # paid professionals missing days of help for adls"
"HRS","HRS_USA/H_HRS_d.dta","r14rapfcarehr","r14rapfcarehr:w14 hours/day paid professionals help r with adls"
"HRS","HRS_USA/H_HRS_d.dta","r14rapfcarehrm","r14rapfcarehrm:w14 r # paid professionals missing hours of help for adls"
"HRS","HRS_USA/H_HRS_d.dta","r14raufcare","r14raufcare:w14 r receives formal care from unpaid professionals for adls"
"HRS","HRS_USA/H_HRS_d.dta","r14raufcaren","r14raufcaren:w14 # unpaid professionals who help r with adls"
"HRS","HRS_USA/H_HRS_d.dta","r14raufcaredpm","r14raufcaredpm:w14 days/month unpaid professionals help r with adls"
"HRS","HRS_USA/H_HRS_d.dta","r14raufcaredpmm","r14raufcaredpmm:w14 r # unpaid professionals missing days of help for adls"
"HRS","HRS_USA/H_HRS_d.dta","r14raufcarehr","r14raufcarehr:w14 hours/day unpaid professionals help r with adls"
"HRS","HRS_USA/H_HRS_d.dta","r14raufcarehrm","r14raufcarehrm:w14 r # unpaid professionals missing hours of help for adls"
"HRS","HRS_USA/H_HRS_d.dta","r14ahlppdn","r14ahlppdn:w14 r # paid helpers for adls"
"HRS","HRS_USA/H_HRS_d.dta","r14ahlppdin","r14ahlppdin:w14 r # paid helpers for adls insurance helps pay"
"HRS","HRS_USA/H_HRS_d.dta","r14ahlppdamt","r14ahlppdamt:w14 r total monthly oop cost for paid care for adls"
"HRS","HRS_USA/H_HRS_d.dta","r14ahlppdamtm","r14ahlppdamtm:w14 r # paid helpers missing cost of help for adls"
"HRS","HRS_USA/H_HRS_d.dta","r14ricany","r14ricany:w14 r receives any care for iadls"
"HRS","HRS_USA/H_HRS_d.dta","r14ricaany","r14ricaany:w14 r receives any informal care for iadls"
"HRS","HRS_USA/H_HRS_d.dta","r14riscare","r14riscare:w14 r receives informal care from spouse for iadls"
"HRS","HRS_USA/H_HRS_d.dta","r14riscaren","r14riscaren:w14 # spouses who help r with iadls"
"HRS","HRS_USA/H_HRS_d.dta","r14riscaredpm","r14riscaredpm:w14 days/month spouse helps r with iadls"
"HRS","HRS_USA/H_HRS_d.dta","r14riscaredpmm","r14riscaredpmm:w14 r spouse missing days of help for iadls"
"HRS","HRS_USA/H_HRS_d.dta","r14riscarehr","r14riscarehr:w14 hours/day spouse helps r with iadls"
"HRS","HRS_USA/H_HRS_d.dta","r14riscarehrm","r14riscarehrm:w14 r spouse missing hours of help for iadls"
"HRS","HRS_USA/H_HRS_d.dta","r14riccare","r14riccare:w14 r receives informal care from kids/grandkids for iadls"
"HRS","HRS_USA/H_HRS_d.dta","r14riccaren","r14riccaren:w14 # kids/grandkids who help r with iadls"
"HRS","HRS_USA/H_HRS_d.dta","r14riccaredpm","r14riccaredpm:w14 days/month kids/grandkids help r with iadls"
"HRS","HRS_USA/H_HRS_d.dta","r14riccaredpmm","r14riccaredpmm:w14 r # kids/grandkids missing days of help for iadls"
"HRS","HRS_USA/H_HRS_d.dta","r14riccarehr","r14riccarehr:w14 hours/day kids/grandkids help r with iadls"
"HRS","HRS_USA/H_HRS_d.dta","r14riccarehrm","r14riccarehrm:w14 r # kids/grandkids missing hours of help for iadls"
"HRS","HRS_USA/H_HRS_d.dta","r14riccarepd","r14riccarepd:w14 any kids/grandkids paid for care given to r for iadls"
"HRS","HRS_USA/H_HRS_d.dta","r14rircare","r14rircare:w14 r receives informal care from relatives for iadls"
"HRS","HRS_USA/H_HRS_d.dta","r14rircaren","r14rircaren:w14 # relatives who help r with iadls"
"HRS","HRS_USA/H_HRS_d.dta","r14rircaredpm","r14rircaredpm:w14 days/month relatives help r with iadls"
"HRS","HRS_USA/H_HRS_d.dta","r14rircaredpmm","r14rircaredpmm:w14 r # relatives missing days of help for iadls"
"HRS","HRS_USA/H_HRS_d.dta","r14rircarehr","r14rircarehr:w14 hours/day relatives help r with iadls"
"HRS","HRS_USA/H_HRS_d.dta","r14rircarehrm","r14rircarehrm:w14 r # relatives missing hours of help for iadls"
"HRS","HRS_USA/H_HRS_d.dta","r14rircarepd","r14rircarepd:w14 any relative paid for care given to r for iadls"
"HRS","HRS_USA/H_HRS_d.dta","r14rifcare","r14rifcare:w14 r receives informal care from non-relatives for iadls"
"HRS","HRS_USA/H_HRS_d.dta","r14rifcaren","r14rifcaren:w14 # non-relatives who help r with iadls"
"HRS","HRS_USA/H_HRS_d.dta","r14rifcaredpm","r14rifcaredpm:w14 days/month non-relatives help r with iadls"
"HRS","HRS_USA/H_HRS_d.dta","r14rifcaredpmm","r14rifcaredpmm:w14 r # non-relatives missing days of help for iadls"
"HRS","HRS_USA/H_HRS_d.dta","r14rifcarehr","r14rifcarehr:w14 hours/day non-relatives help r with iadls"
"HRS","HRS_USA/H_HRS_d.dta","r14rifcarehrm","r14rifcarehrm:w14 r # non-relatives missing hours of help for iadls"
"HRS","HRS_USA/H_HRS_d.dta","r14rifcarepd","r14rifcarepd:w14 any non-relative paid for care given to r for iadls"
"HRS","HRS_USA/H_HRS_d.dta","r14rifaany","r14rifaany:w14 r receives any formal care for iadls"
"HRS","HRS_USA/H_HRS_d.dta","r14ripfcare","r14ripfcare:w14 r receives formal care from paid professional for iadls"
"HRS","HRS_USA/H_HRS_d.dta","r14ripfcaren","r14ripfcaren:w14 # paid professionals who help r with iadls"
"HRS","HRS_USA/H_HRS_d.dta","r14ripfcaredpm","r14ripfcaredpm:w14 days/month paid professionals help r with iadls"
"HRS","HRS_USA/H_HRS_d.dta","r14ripfcaredpmm","r14ripfcaredpmm:w14 r # paid professionals missing days of help for iadls"
"HRS","HRS_USA/H_HRS_d.dta","r14ripfcarehr","r14ripfcarehr:w14 hours/day paid professionals help r with iadls"
"HRS","HRS_USA/H_HRS_d.dta","r14ripfcarehrm","r14ripfcarehrm:w14 r # paid professionals missing hours of help for iadls"
"HRS","HRS_USA/H_HRS_d.dta","r14riufcare","r14riufcare:w14 r receives formal care from unpaid professionals for iadls"
"HRS","HRS_USA/H_HRS_d.dta","r14riufcaren","r14riufcaren:w14 # unpaid professionals who help r with iadls"
"HRS","HRS_USA/H_HRS_d.dta","r14riufcaredpm","r14riufcaredpm:w14 days/month unpaid professionals help r with iadls"
"HRS","HRS_USA/H_HRS_d.dta","r14riufcaredpmm","r14riufcaredpmm:w14 r # unpaid professionals missing days of help for iadls"
"HRS","HRS_USA/H_HRS_d.dta","r14riufcarehr","r14riufcarehr:w14 hours/day unpaid professionals help r with iadls"
"HRS","HRS_USA/H_HRS_d.dta","r14riufcarehrm","r14riufcarehrm:w14 r # unpaid professionals missing hours of help for iadls"
"HRS","HRS_USA/H_HRS_d.dta","r14ihlppdn","r14ihlppdn:w14 r # paid helpers for iadls"
"HRS","HRS_USA/H_HRS_d.dta","r14ihlppdin","r14ihlppdin:w14 r # paid helpers for iadls insurance helps pay"
"HRS","HRS_USA/H_HRS_d.dta","r14ihlppdamt","r14ihlppdamt:w14 r total monthly oop cost for paid care for iadls"
"HRS","HRS_USA/H_HRS_d.dta","r14ihlppdamtm","r14ihlppdamtm:w14 r # paid helpers missing cost of help for iadls"
"HRS","HRS_USA/H_HRS_d.dta","r14rcany","r14rcany:w14 r receives any care for adls/iadls"
"HRS","HRS_USA/H_HRS_d.dta","r14rcaany","r14rcaany:w14 r receives any informal care for adls/iadls"
"HRS","HRS_USA/H_HRS_d.dta","r14rscare","r14rscare:w14 r receives informal care from spouse for adls/iadls"
"HRS","HRS_USA/H_HRS_d.dta","r14rscaren","r14rscaren:w14 # spouses who help r with adls/iadls"
"HRS","HRS_USA/H_HRS_d.dta","r14rscaredpm","r14rscaredpm:w14 days/month spouse helps r with adls/iadls"
"HRS","HRS_USA/H_HRS_d.dta","r14rscaredpmm","r14rscaredpmm:w14 r spouse missing days of help for adls/iadls"
"HRS","HRS_USA/H_HRS_d.dta","r14rscarehr","r14rscarehr:w14 hours/day spouse helps r with adls/iadls"
"HRS","HRS_USA/H_HRS_d.dta","r14rscarehrm","r14rscarehrm:w14 r spouse missing hours of help for adls/iadls"
"HRS","HRS_USA/H_HRS_d.dta","r14rccare","r14rccare:w14 r receives informal care from kids/grandkids for adls/iadls"
"HRS","HRS_USA/H_HRS_d.dta","r14rccaren","r14rccaren:w14 # kids/grandkids who help r with adls/iadls"
"HRS","HRS_USA/H_HRS_d.dta","r14rccaredpm","r14rccaredpm:w14 days/month kids/grandkids help r with adls/iadls"
"HRS","HRS_USA/H_HRS_d.dta","r14rccaredpmm","r14rccaredpmm:w14 r # kids/grandkids missing days of help for adls/iadls"
"HRS","HRS_USA/H_HRS_d.dta","r14rccarehr","r14rccarehr:w14 hours/day kids/grandkids help r with adls/iadls"
"HRS","HRS_USA/H_HRS_d.dta","r14rccarehrm","r14rccarehrm:w14 r # kids/grandkids missing hours of help for adls/iadls"
"HRS","HRS_USA/H_HRS_d.dta","r14rccarepd","r14rccarepd:w14 any kids/grandkids paid for care given to r for adls/iadls"
"HRS","HRS_USA/H_HRS_d.dta","r14rrcare","r14rrcare:w14 r receives informal care from relatives for adls/iadls"
"HRS","HRS_USA/H_HRS_d.dta","r14rrcaren","r14rrcaren:w14 # relatives who help r with adls/iadls"
"HRS","HRS_USA/H_HRS_d.dta","r14rrcaredpm","r14rrcaredpm:w14 days/month relatives help r with adls/iadls"
"HRS","HRS_USA/H_HRS_d.dta","r14rrcaredpmm","r14rrcaredpmm:w14 r # relatives missing days of help for adls/iadls"
"HRS","HRS_USA/H_HRS_d.dta","r14rrcarehr","r14rrcarehr:w14 hours/day relatives help r with adls/iadls"
"HRS","HRS_USA/H_HRS_d.dta","r14rrcarehrm","r14rrcarehrm:w14 r # relatives missing hours of help for adls/iadls"
"HRS","HRS_USA/H_HRS_d.dta","r14rrcarepd","r14rrcarepd:w14 any relative paid for care given to r for adls/iadls"
"HRS","HRS_USA/H_HRS_d.dta","r14rfcare","r14rfcare:w14 r receives informal care from non-relatives for adls/iadls"
"HRS","HRS_USA/H_HRS_d.dta","r14rfcaren","r14rfcaren:w14 # non-relatives who help r with adls/iadls"
"HRS","HRS_USA/H_HRS_d.dta","r14rfcaredpm","r14rfcaredpm:w14 days/month non-relatives help r with adls/iadls"
"HRS","HRS_USA/H_HRS_d.dta","r14rfcaredpmm","r14rfcaredpmm:w14 r # non-relatives missing days of help for adls/iadls"
"HRS","HRS_USA/H_HRS_d.dta","r14rfcarehr","r14rfcarehr:w14 hours/day non-relatives help r with adls/iadls"
"HRS","HRS_USA/H_HRS_d.dta","r14rfcarehrm","r14rfcarehrm:w14 r # non-relatives missing hours of help for adls/iadls"
"HRS","HRS_USA/H_HRS_d.dta","r14rfcarepd","r14rfcarepd:w14 any non-relative paid for care given to r for adls/iadls"
"HRS","HRS_USA/H_HRS_d.dta","r14rfaany","r14rfaany:w14 r receives any formal care for adls/iadls"
"HRS","HRS_USA/H_HRS_d.dta","r14rpfcare","r14rpfcare:w14 r receives formal care from paid professional for adls/iadls"
"HRS","HRS_USA/H_HRS_d.dta","r14rpfcaren","r14rpfcaren:w14 # paid professionals who help r with adls/iadls"
"HRS","HRS_USA/H_HRS_d.dta","r14rpfcaredpm","r14rpfcaredpm:w14 days/month paid professionals help r with adls/iadls"
"HRS","HRS_USA/H_HRS_d.dta","r14rpfcaredpmm","r14rpfcaredpmm:w14 r # paid professionals missing days of help for adls/iadls"
"HRS","HRS_USA/H_HRS_d.dta","r14rpfcarehr","r14rpfcarehr:w14 hours/day paid professionals help r with adls/iadls"
"HRS","HRS_USA/H_HRS_d.dta","r14rpfcarehrm","r14rpfcarehrm:w14 r # paid professionals missing hours of help for adls/iadls"
"HRS","HRS_USA/H_HRS_d.dta","r14rufcare","r14rufcare:w14 r receives formal care from unpaid professionals for adls/iadls"
"HRS","HRS_USA/H_HRS_d.dta","r14rufcaren","r14rufcaren:w14 # unpaid professionals who help r with adls/iadls"
"HRS","HRS_USA/H_HRS_d.dta","r14rufcaredpm","r14rufcaredpm:w14 days/month unpaid professionals help r with adls/iadls"
"HRS","HRS_USA/H_HRS_d.dta","r14rufcaredpmm","r14rufcaredpmm:w14 r # unpaid professionals missing days of help for adls/iadls"
"HRS","HRS_USA/H_HRS_d.dta","r14rufcarehr","r14rufcarehr:w14 hours/day unpaid professionals help r with adls/iadls"
"HRS","HRS_USA/H_HRS_d.dta","r14rufcarehrm","r14rufcarehrm:w14 r # unpaid professionals missing hours of help for adls/iadls"
"HRS","HRS_USA/H_HRS_d.dta","r14hlppdn","r14hlppdn:w14 r # paid helpers for adls/iadls"
"HRS","HRS_USA/H_HRS_d.dta","r14hlppdin","r14hlppdin:w14 r # paid helpers for adls/iadls insurance helps pay"
"HRS","HRS_USA/H_HRS_d.dta","r14hlppdamt","r14hlppdamt:w14 r total monthly oop cost for paid care for adls/iadls"
"HRS","HRS_USA/H_HRS_d.dta","r14hlppdamtm","r14hlppdamtm:w14 r # paid helpers missing cost of help for adls/iadls"
"HRS","HRS_USA/H_HRS_d.dta","r14satjob","r14satjob:w14 whether r is satisfied with their job"
"HRS","HRS_USA/H_HRS_d.dta","r14belong","r14belong:w14 whether r feels part of/doesn't belong in this area"
"HRS","HRS_USA/H_HRS_d.dta","r14vandal","r14vandal:w14 whether r feels vandalism is no problem/big problem in this area"
"HRS","HRS_USA/H_HRS_d.dta","r14trust","r14trust:w14 whether r feels people can be/can't be trusted in this area"
"HRS","HRS_USA/H_HRS_d.dta","r14afwalk","r14afwalk:w14 whether r feels safe/afraid walking alone in this area"
"HRS","HRS_USA/H_HRS_d.dta","r14unfriend","r14unfriend:w14 whether r feels people are friendly/unfriendly in this area"
"HRS","HRS_USA/H_HRS_d.dta","r14rubbish","r14rubbish:w14 whether r feels this area is clean/full of rubbish and litter"
"HRS","HRS_USA/H_HRS_d.dta","r14hlpntr","r14hlpntr:w14 whether r feels people will help/won't help in this area"
"HRS","HRS_USA/H_HRS_d.dta","r14vacant","r14vacant:w14 whether r feels no/many vacant or deserted houses or storefront in"
"HRS","HRS_USA/H_HRS_d.dta","r14npdisum","r14npdisum:w14 r neighborhood physical disorder summary mean score"
"HRS","HRS_USA/H_HRS_d.dta","r14npdisumm","r14npdisumm:w14 missings in r neighborhood physical disorder summary mean score"
"HRS","HRS_USA/H_HRS_d.dta","r14nsocosum","r14nsocosum:w14 r neighborhood social cohesion summary mean score"
"HRS","HRS_USA/H_HRS_d.dta","r14nsocosumm","r14nsocosumm:w14 missings in r neighborhood social cohesion summary mean score"
"HRS","HRS_USA/H_HRS_d.dta","r14complac","r14complac:w14 how often r feels they lack companionship"
"HRS","HRS_USA/H_HRS_d.dta","r14leftout","r14leftout:w14 how often r feels left out"
"HRS","HRS_USA/H_HRS_d.dta","r14isolate","r14isolate:w14 how often r feels isolated from others"
"HRS","HRS_USA/H_HRS_d.dta","r14intune","r14intune:w14 how often r feels in tune with people around them"
"HRS","HRS_USA/H_HRS_d.dta","r14lnlys","r14lnlys:w14 r 4 loneliness summary mean score"
"HRS","HRS_USA/H_HRS_d.dta","r14lnlysm","r14lnlysm:w14 missings in r 4 loneliness summary mean score"
"HRS","HRS_USA/H_HRS_d.dta","r14lnlys3","r14lnlys3:w14 r 3 loneliness summary mean score"
"HRS","HRS_USA/H_HRS_d.dta","r14lnlys3m","r14lnlys3m:w14 missings in r 3 loneliness summary mean score"
"HRS","HRS_USA/H_HRS_d.dta","r14sustdfe","r14sustdfe:w14 r thinks spouse understands the way they feel"
"HRS","HRS_USA/H_HRS_d.dta","r14srely","r14srely:w14 r can rely on spouse for a serious problem"
"HRS","HRS_USA/H_HRS_d.dta","r14sopenup","r14sopenup:w14 r can open up their worries to spouse"
"HRS","HRS_USA/H_HRS_d.dta","r14sdemand","r14sdemand:w14 spouse puts too many demands on r"
"HRS","HRS_USA/H_HRS_d.dta","r14scritze","r14scritze:w14 how much spouse criticizes r"
"HRS","HRS_USA/H_HRS_d.dta","r14sletdow","r14sletdow:w14 spouse let r down when counting on"
"HRS","HRS_USA/H_HRS_d.dta","r14sgetnev","r14sgetnev:w14 spouse gets on r's nerves"
"HRS","HRS_USA/H_HRS_d.dta","r14ssupport","r14ssupport:w14 lack of r spouse support summary mean score"
"HRS","HRS_USA/H_HRS_d.dta","r14ssupportm","r14ssupportm:w14 missings in lack of r spouse support summary mean score"
"HRS","HRS_USA/H_HRS_d.dta","r14kustdfe","r14kustdfe:w14 r thinks children understand the way they feel"
"HRS","HRS_USA/H_HRS_d.dta","r14krely","r14krely:w14 r can rely on children for a serious problem"
"HRS","HRS_USA/H_HRS_d.dta","r14kopenup","r14kopenup:w14 r can open up their worries to children"
"HRS","HRS_USA/H_HRS_d.dta","r14kdemand","r14kdemand:w14 children put too many demands on r"
"HRS","HRS_USA/H_HRS_d.dta","r14kcritze","r14kcritze:w14 how much children criticize r"
"HRS","HRS_USA/H_HRS_d.dta","r14kletdow","r14kletdow:w14 children let r down when counting on them"
"HRS","HRS_USA/H_HRS_d.dta","r14kgetnev","r14kgetnev:w14 children get on r's nerves"
"HRS","HRS_USA/H_HRS_d.dta","r14ksupport","r14ksupport:w14 r lack of children support summary mean score"
"HRS","HRS_USA/H_HRS_d.dta","r14ksupportm","r14ksupportm:w14 missings in r lack of children support summary mean score"
"HRS","HRS_USA/H_HRS_d.dta","r14oustdfe","r14oustdfe:w14 r thinks other family members understand the way they feel"
"HRS","HRS_USA/H_HRS_d.dta","r14orely","r14orely:w14 r can rely on other family members for a serious problem"
"HRS","HRS_USA/H_HRS_d.dta","r14oopenup","r14oopenup:w14 r can open up their worries to other family members"
"HRS","HRS_USA/H_HRS_d.dta","r14odemand","r14odemand:w14 other family members put too many demands on r"
"HRS","HRS_USA/H_HRS_d.dta","r14ocritze","r14ocritze:w14 how much other family members criticize r"
"HRS","HRS_USA/H_HRS_d.dta","r14oletdow","r14oletdow:w14 other family members let r down when counting on them"
"HRS","HRS_USA/H_HRS_d.dta","r14ogetnev","r14ogetnev:w14 other family members get on r's nerves"
"HRS","HRS_USA/H_HRS_d.dta","r14osupport","r14osupport:w14 r lack of other family members support summary mean score"
"HRS","HRS_USA/H_HRS_d.dta","r14osupportm","r14osupportm:w14 missings in r lack of other family members support summary mean"
"HRS","HRS_USA/H_HRS_d.dta","r14fustdfe","r14fustdfe:w14 r thinks friends understand the way they feel"
"HRS","HRS_USA/H_HRS_d.dta","r14frely","r14frely:w14 r can rely on friends for a serious problem"
"HRS","HRS_USA/H_HRS_d.dta","r14fopenup","r14fopenup:w14 r can open up their worries to friends"
"HRS","HRS_USA/H_HRS_d.dta","r14fdemand","r14fdemand:w14 friends put too many demands on r"
"HRS","HRS_USA/H_HRS_d.dta","r14fcritze","r14fcritze:w14 how much friends criticize r"
"HRS","HRS_USA/H_HRS_d.dta","r14fletdow","r14fletdow:w14 friends let r down when counting on"
"HRS","HRS_USA/H_HRS_d.dta","r14fgetnev","r14fgetnev:w14 friends gets on r's nerves"
"HRS","HRS_USA/H_HRS_d.dta","r14fsupport","r14fsupport:w14 r lack of friends support summary mean score"
"HRS","HRS_USA/H_HRS_d.dta","r14fsupportm","r14fsupportm:w14 missings in r lack of friends support summary mean score"
"HRS","HRS_USA/H_HRS_d.dta","r14lsrspct","r14lsrspct:w14 r was treated with less courtesy or respect"
"HRS","HRS_USA/H_HRS_d.dta","r14prsrvc","r14prsrvc:w14 r received poorer service than other people at restaurants or stor"
"HRS","HRS_USA/H_HRS_d.dta","r14notsmrt","r14notsmrt:w14 people act as if r is not smart"
"HRS","HRS_USA/H_HRS_d.dta","r14harass","r14harass:w14 r was threatened or harassed"
"HRS","HRS_USA/H_HRS_d.dta","r14prtrmt","r14prtrmt:w14 r received poorer service from doctors or hospitals"
"HRS","HRS_USA/H_HRS_d.dta","r14actafd","r14actafd:w14 people act afraid of r"
"HRS","HRS_USA/H_HRS_d.dta","r14dscrim","r14dscrim:w14 r 6 discrimination summary mean score"
"HRS","HRS_USA/H_HRS_d.dta","r14dscrimm","r14dscrimm:w14 missings in r 6 discrimination summary mean score"
"HRS","HRS_USA/H_HRS_d.dta","r14dscrim5","r14dscrim5:w14 r 5 discrimination summary mean score"
"HRS","HRS_USA/H_HRS_d.dta","r14dscrim5m","r14dscrim5m:w14 missings in r 5 discrimination summary mean score"
"HRS","HRS_USA/H_HRS_d.dta","r14dcorign","r14dcorign:w14 r discrimination reason:ancestry or national origin"
"HRS","HRS_USA/H_HRS_d.dta","r14dcgendr","r14dcgendr:w14 r discrimination reason:gender"
"HRS","HRS_USA/H_HRS_d.dta","r14dcrace","r14dcrace:w14 r discrimination reason:race"
"HRS","HRS_USA/H_HRS_d.dta","r14dcage","r14dcage:w14 r discrimination reason:age"
"HRS","HRS_USA/H_HRS_d.dta","r14dcrlgon","r14dcrlgon:w14 r discrimination reason:religion"
"HRS","HRS_USA/H_HRS_d.dta","r14dcwegt","r14dcwegt:w14 r discrimination reason:weight"
"HRS","HRS_USA/H_HRS_d.dta","r14dcdstat","r14dcdstat:w14 r discrimination reason:physical disability"
"HRS","HRS_USA/H_HRS_d.dta","r14dcaprnc","r14dcaprnc:w14 r discrimination reason:other aspect of your physical appearance"
"HRS","HRS_USA/H_HRS_d.dta","r14dcsxori","r14dcsxori:w14 r discrimination reason:sexual orientation"
"HRS","HRS_USA/H_HRS_d.dta","r14dcfinan","r14dcfinan:w14 r discrimination reason:financial status"
"HRS","HRS_USA/H_HRS_d.dta","r14dcother","r14dcother:w14 r discrimination reason:other"
"HRS","HRS_USA/H_HRS_d.dta","r14dcreas","r14dcreas:w14 r number reasons for discrimination"
"HRS","HRS_USA/H_HRS_d.dta","r14witwill","r14witwill:w14 r has a witnessed will"
"HRS","HRS_USA/H_HRS_d.dta","r14wtrust","r14wtrust:w14 r has a trust"
"HRS","HRS_USA/H_HRS_d.dta","r14willfm","r14willfm:w14 r will has provisions for family other than spouse"
"HRS","HRS_USA/H_HRS_d.dta","r14willch","r14willch:w14 r will has provisions for children"
"HRS","HRS_USA/H_HRS_d.dta","r14willgk","r14willgk:w14 r will has provisions for grandchildren"
"HRS","HRS_USA/H_HRS_d.dta","r14willar","r14willar:w14 r will has provisions for charity"
"HRS","HRS_USA/H_HRS_d.dta","r14lvwill","r14lvwill:w14 whether r has living will"
"HRS","HRS_USA/H_HRS_d.dta","r14flvwill","r14flvwill:w14 r flag living will"
"HRS","HRS_USA/H_HRS_d.dta","r14lmtcare","r14lmtcare:w14 r has desire to limit care "
"HRS","HRS_USA/H_HRS_d.dta","r14dpoafh","r14dpoafh:w14 r durable power of attorney for healthcare"
"HRS","HRS_USA/H_HRS_d.dta","r14fdpoafh","r14fdpoafh:w14 r flag durable power of attorney"
"HRS","HRS_USA/H_HRS_d.dta","r14dpoasp","r14dpoasp:w14 r spouse is durable power of attorney"
"HRS","HRS_USA/H_HRS_d.dta","r14dpoach","r14dpoach:w14 r child/grandchild is durable power of attorney"
"HRS","HRS_USA/H_HRS_d.dta","r14dpoarl","r14dpoarl:w14 r relative is durable power of attorney"
"HRS","HRS_USA/H_HRS_d.dta","r14dpoafr","r14dpoafr:w14 r friend is durable power of attorney"
"HRS","HRS_USA/H_HRS_d.dta","r14dpoadr","r14dpoadr:w14 r doctor is durable power of attorney"
"HRS","HRS_USA/H_HRS_d.dta","r14dpoara","r14dpoara:w14 r religious advisor is durable power of attorney"
"HRS","HRS_USA/H_HRS_d.dta","r14dpoalp","r14dpoalp:w14 r legal professional is durable power of attorney"
"HRS","HRS_USA/H_HRS_d.dta","r14dpoasw","r14dpoasw:w14 r social worker is durable power of attorney"
"HRS","HRS_USA/H_HRS_d.dta","r14dpoaot","r14dpoaot:w14 r other person is durable power of attorney"
"HRS","HRS_USA/H_HRS_d.dta","r14nlfins","r14nlfins:w14 r number life insurance policies"
"HRS","HRS_USA/H_HRS_d.dta","r14lifeinv","r14lifeinv:w14 r value life insurance policies"
"HRS","HRS_USA/H_HRS_d.dta","r14lfinssp","r14lfinssp:w14 r spouse beneficiary of life ins"
"HRS","HRS_USA/H_HRS_d.dta","r14lfinsch","r14lfinsch:w14 r child beneficiary of life ins"
"HRS","HRS_USA/H_HRS_d.dta","r14lfinsgk","r14lfinsgk:w14 r grandchild beneficiary of life ins"
"HRS","HRS_USA/H_HRS_d.dta","r14lfinsrl","r14lfinsrl:w14 r relative beneficiary of life ins"
"HRS","HRS_USA/H_HRS_d.dta","r14lfinsot","r14lfinsot:w14 r other non-relative beneficiary of life ins"
"HRS","HRS_USA/H_HRS_d.dta","r14wlifein","r14wlifein:w14 r has whole life insurance"
"HRS","HRS_USA/H_HRS_d.dta","r14nwlfins","r14nwlfins:w14 r number whole life insurance policies"
"HRS","HRS_USA/H_HRS_d.dta","r14wlfinssp","r14wlfinssp:w14 r spouse beneficiary of whole life ins"
"HRS","HRS_USA/H_HRS_d.dta","r14wlfinsch","r14wlfinsch:w14 r child beneficiary of whole life ins"
"HRS","HRS_USA/H_HRS_d.dta","r14wlfinsgk","r14wlfinsgk:w14 r grandchild beneficiary of whole life ins"
"HRS","HRS_USA/H_HRS_d.dta","r14wlfinsrl","r14wlfinsrl:w14 r relative beneficiary of whole life ins"
"HRS","HRS_USA/H_HRS_d.dta","r14wlfinsot","r14wlfinsot:w14 r other non-relative beneficiary of whole life ins"
"HRS","HRS_USA/H_HRS_d.dta","r14lifeinn","r14lifeinn:w14 r new life insurance since last wave"
"HRS","HRS_USA/H_HRS_d.dta","r14lifeinl","r14lifeinl:w14 r lapsed life insurance since last wave"
"HRS","HRS_USA/H_HRS_d.dta","r14cididep","r14cididep:w14 r CIDI depression stem symptom score (0-7)"
"HRS","HRS_USA/H_HRS_d.dta","r14cididepm","r14cididepm:w14 r CIDI depression stem symptom missings"
"HRS","HRS_USA/H_HRS_d.dta","r14cidianh","r14cidianh:w14 r CIDI anhedonia stem symptom score (0-7)"
"HRS","HRS_USA/H_HRS_d.dta","r14cidianhm","r14cidianhm:w14 r CIDI depression stem symptom missings"
"HRS","HRS_USA/H_HRS_d.dta","r14cidisymp","r14cidisymp:w14 r CIDI total symptom score"
"HRS","HRS_USA/H_HRS_d.dta","r14cidisympm","r14cidisympm:w14 r CIDI total symptom missings"
"HRS","HRS_USA/H_HRS_d.dta","r14cidimde3","r14cidimde3:w14 r CIDI probable major depressive episode (3+ symp)"
"HRS","HRS_USA/H_HRS_d.dta","r14cidimde5","r14cidimde5:w14 r CIDI probable major depressive episode (5+ symp)"
"HRS","HRS_USA/H_HRS_d.dta","r14lideal","r14lideal:w14 R Life is close to ideal 7-point"
"HRS","HRS_USA/H_HRS_d.dta","r14lexcl","r14lexcl:w14 R Life conditions are excellent 7-point"
"HRS","HRS_USA/H_HRS_d.dta","r14lstsf","r14lstsf:w14 R Satisfied with life 7-point"
"HRS","HRS_USA/H_HRS_d.dta","r14limptt","r14limptt:w14 R Gotten important things in life 7-point"
"HRS","HRS_USA/H_HRS_d.dta","r14lchnot","r14lchnot:w14 R Change almost nothing if lived again 7-point"
"HRS","HRS_USA/H_HRS_d.dta","r14lsatsc","r14lsatsc:w14 R Satisfaction with life scale score 7-point"
"HRS","HRS_USA/H_HRS_d.dta","r14lsatscm","r14lsatscm:w14 R Satisfaction with life scale missing count 7-point"
"HRS","HRS_USA/H_HRS_d.dta","r14lideal3","r14lideal3:w14 R Life is close to ideal 3-point"
"HRS","HRS_USA/H_HRS_d.dta","r14lexcl3","r14lexcl3:w14 R Life conditions are excellent 3-point"
"HRS","HRS_USA/H_HRS_d.dta","r14lstsf3","r14lstsf3:w14 R Satisfied with life 3-point"
"HRS","HRS_USA/H_HRS_d.dta","r14limptt3","r14limptt3:w14 R Gotten important things in life 3-point"
"HRS","HRS_USA/H_HRS_d.dta","r14lchnot3","r14lchnot3:w14 R Change almost nothing if lived again 3-point"
"HRS","HRS_USA/H_HRS_d.dta","r14lsatsc3","r14lsatsc3:w14 R Satisfaction with life scale score 3-point"
"HRS","HRS_USA/H_HRS_d.dta","r14lsatsc3m","r14lsatsc3m:w14 R Satisfaction with life scale missing count 3-point"
"HRS","HRS_USA/H_HRS_d.dta","r14sathome","r14sathome:w14 r satisfaction with accommodation 5-point"
"HRS","HRS_USA/H_HRS_d.dta","r14satarea","r14satarea:w14 r satisfaction with city/town 5-point"
"HRS","HRS_USA/H_HRS_d.dta","r14satlsr","r14satlsr:w14 r satisfaction with daily life/leisure activities 5-point"
"HRS","HRS_USA/H_HRS_d.dta","r14satfam","r14satfam:w14 r satisfaction with family life 5-point"
"HRS","HRS_USA/H_HRS_d.dta","r14satfnncl","r14satfnncl:w14 r satisfaction with financial situation 5-point"
"HRS","HRS_USA/H_HRS_d.dta","r14sathlth","r14sathlth:w14 r satisfaction with health 5-point"
"HRS","HRS_USA/H_HRS_d.dta","r14satlife_h","r14satlife_h:w14 R Satisfied with life"
"HRS","HRS_USA/H_HRS_d.dta","r14satlifez","r14satlifez:w14 R Satisfied with life z-score"
"HRS","HRS_USA/H_HRS_d.dta","r14cantril","r14cantril:w14 r cantril ladder rating"
"HRS","HRS_USA/H_HRS_d.dta","r14cantrilc","r14cantrilc:w14 r cantril ladder rating change 2yrs"
"HRS","HRS_USA/H_HRS_d.dta","r14dtrmnd","r14dtrmnd:w14 PANAS-X: degree r felt determined"
"HRS","HRS_USA/H_HRS_d.dta","r14enthstc","r14enthstc:w14 PANAS-X: degree r felt enthusiastic"
"HRS","HRS_USA/H_HRS_d.dta","r14active","r14active:w14 PANAS-X: degree r felt active"
"HRS","HRS_USA/H_HRS_d.dta","r14proud","r14proud:w14 PANAS-X: degree r felt proud"
"HRS","HRS_USA/H_HRS_d.dta","r14intrstd","r14intrstd:w14 PANAS-X: degree r felt interested"
"HRS","HRS_USA/H_HRS_d.dta","r14fhappy","r14fhappy:w14 PANAS-X: degree r felt happy"
"HRS","HRS_USA/H_HRS_d.dta","r14attntv","r14attntv:w14 PANAS-X: degree r felt attentive"
"HRS","HRS_USA/H_HRS_d.dta","r14content","r14content:w14 PANAS-X: degree r felt content"
"HRS","HRS_USA/H_HRS_d.dta","r14insprd","r14insprd:w14 PANAS-X: degree r felt inspired"
"HRS","HRS_USA/H_HRS_d.dta","r14hopeful","r14hopeful:w14 PANAS-X: degree r felt hopeful"
"HRS","HRS_USA/H_HRS_d.dta","r14alert","r14alert:w14 PANAS-X: degree r felt alert"
"HRS","HRS_USA/H_HRS_d.dta","r14calm","r14calm:w14 PANAS-X: degree r felt calm"
"HRS","HRS_USA/H_HRS_d.dta","r14exctd","r14exctd:w14 PANAS-X: degree r felt excited"
"HRS","HRS_USA/H_HRS_d.dta","r14panasp13","r14panasp13:w14 r PANAS-X average positive affect score"
"HRS","HRS_USA/H_HRS_d.dta","r14panasp13m","r14panasp13m:w14 r PANAS-X positive affect score missings"
"HRS","HRS_USA/H_HRS_d.dta","r14afraid","r14afraid:w14 PANAS-X: degree r felt afraid"
"HRS","HRS_USA/H_HRS_d.dta","r14fupset","r14fupset:w14 PANAS-X: degree r felt upset"
"HRS","HRS_USA/H_HRS_d.dta","r14guilty","r14guilty:w14 PANAS-X: degree r felt guilty"
"HRS","HRS_USA/H_HRS_d.dta","r14scared","r14scared:w14 PANAS-X: degree r felt scared"
"HRS","HRS_USA/H_HRS_d.dta","r14frustrat","r14frustrat:w14 PANAS-X: degree r felt frustrated"
"HRS","HRS_USA/H_HRS_d.dta","r14bored","r14bored:w14 PANAS-X: degree r felt bored"
"HRS","HRS_USA/H_HRS_d.dta","r14hostile","r14hostile:w14 PANAS-X: degree r felt hostile"
"HRS","HRS_USA/H_HRS_d.dta","r14jittery","r14jittery:w14 PANAS-X: degree r felt jittery"
"HRS","HRS_USA/H_HRS_d.dta","r14ashamd","r14ashamd:w14 PANAS-X: degree r felt ashamed"
"HRS","HRS_USA/H_HRS_d.dta","r14nrvous","r14nrvous:w14 PANAS-X: degree r felt nervous"
"HRS","HRS_USA/H_HRS_d.dta","r14pfsad","r14pfsad:w14 PANAS-X: degree r felt sad"
"HRS","HRS_USA/H_HRS_d.dta","r14dstres","r14dstres:w14 PANAS-X: degree r felt distressed"
"HRS","HRS_USA/H_HRS_d.dta","r14panasn12","r14panasn12:w14 r PANAS-X average negative affect score"
"HRS","HRS_USA/H_HRS_d.dta","r14panasn12m","r14panasn12m:w14 r PANAS-X negative affect score missings"
"HRS","HRS_USA/H_HRS_d.dta","r14rplnfut","r14rplnfut:w14 Ryff: r enjoys making plans for the future"
"HRS","HRS_USA/H_HRS_d.dta","r14racttrv","r14racttrv:w14 Ryff: r daily activities often seem trivial"
"HRS","HRS_USA/H_HRS_d.dta","r14ractpln","r14ractpln:w14 Ryff: r carries out plans set for themselves"
"HRS","HRS_USA/H_HRS_d.dta","r14rnsnsacc","r14rnsnsacc:w14 Ryff: r no sense of what trying to accomplish"
"HRS","HRS_USA/H_HRS_d.dta","r14rdonall","r14rdonall:w14 Ryff: r feels they've done all in life"
"HRS","HRS_USA/H_HRS_d.dta","r14rlivoned","r14rlivoned:w14 Ryff: r lives one day at a time"
"HRS","HRS_USA/H_HRS_d.dta","r14rsnsdir","r14rsnsdir:w14 Ryff: r has a sense of direction in life"
"HRS","HRS_USA/H_HRS_d.dta","r14lfprps","r14lfprps:w14 r Ryff Purpose of Life Index"
"HRS","HRS_USA/H_HRS_d.dta","r14lfprpsm","r14lfprpsm:w14 r Ryff Purpose of Life Index missings"
"HRS","HRS_USA/H_HRS_d.dta","r14drday","r14drday:w14 Day Reconstruction: r day of the week"
"HRS","HRS_USA/H_HRS_d.dta","r14drwaketm","r14drwaketm:w14 Day Reconstruction: r wake up time"
"HRS","HRS_USA/H_HRS_d.dta","r14drsleeptm","r14drsleeptm:w14 Day Reconstruction: r sleep time"
"HRS","HRS_USA/H_HRS_d.dta","r14drdatemon","r14drdatemon:w14 Day Reconstruction: r month of the year"
"HRS","HRS_USA/H_HRS_d.dta","r14drdateday","r14drdateday:w14 Day Reconstruction: r day of the month"
"HRS","HRS_USA/H_HRS_d.dta","r14drwlrstd","r14drwlrstd:w14 Day Reconstruction: r felt well-rested"
"HRS","HRS_USA/H_HRS_d.dta","r14drnrmlday","r14drnrmlday:w14 Day Reconstruction: r yesterday normal day"
"HRS","HRS_USA/H_HRS_d.dta","r14drhlthyes","r14drhlthyes:w14 Day Reconstruction: r health yesterday"
"HRS","HRS_USA/H_HRS_d.dta","r14ydfrust","r14ydfrust:w14 Well-Being Yesterday: r frustrated "
"HRS","HRS_USA/H_HRS_d.dta","r14ydsad","r14ydsad:w14 Well-Being Yesterday: r sad"
"HRS","HRS_USA/H_HRS_d.dta","r14ydenthu","r14ydenthu:w14 Well-Being Yesterday: r enthusiastic"
"HRS","HRS_USA/H_HRS_d.dta","r14ydlonely","r14ydlonely:w14 Well-Being Yesterday: r lonely"
"HRS","HRS_USA/H_HRS_d.dta","r14ydcontent","r14ydcontent:w14 Well-Being Yesterday: r content"
"HRS","HRS_USA/H_HRS_d.dta","r14ydworry","r14ydworry:w14 Well-Being Yesterday: r worried"
"HRS","HRS_USA/H_HRS_d.dta","r14ydbored","r14ydbored:w14 Well-Being Yesterday: r bored"
"HRS","HRS_USA/H_HRS_d.dta","r14ydhappy","r14ydhappy:w14 Well-Being Yesterday: r happy"
"HRS","HRS_USA/H_HRS_d.dta","r14ydangry","r14ydangry:w14 Well-Being Yesterday: r angry"
"HRS","HRS_USA/H_HRS_d.dta","r14ydtired","r14ydtired:w14 Well-Being Yesterday: r tired"
"HRS","HRS_USA/H_HRS_d.dta","r14ydstress","r14ydstress:w14 Well-Being Yesterday: r stressed"
"HRS","HRS_USA/H_HRS_d.dta","r14ydpain","r14ydpain:w14 Well-Being Yesterday: r pain"
"HRS","HRS_USA/H_HRS_d.dta","r14ovexpos3","r14ovexpos3:w14 r 3-item Index of Positive Affect"
"HRS","HRS_USA/H_HRS_d.dta","r14ovexpos3m","r14ovexpos3m:w14 r 3-item Index of Positive Affect missings"
"HRS","HRS_USA/H_HRS_d.dta","r14ovexneg6","r14ovexneg6:w14 r 6-item Index of Negative Affect"
"HRS","HRS_USA/H_HRS_d.dta","r14ovexneg6m","r14ovexneg6m:w14 r 6-item Index of Negative Affect missings"
"HRS","HRS_USA/H_HRS_d.dta","r14ovexpsy3","r14ovexpsy3:w14 r 3-item Psychosomatic Index"
"HRS","HRS_USA/H_HRS_d.dta","r14ovexpsy3m","r14ovexpsy3m:w14 r 3-item Psychosomatic Index missings"
"HRS","HRS_USA/H_HRS_d.dta","r14wtchtv","r14wtchtv:w14 Affective Experience: r watched TV"
"HRS","HRS_USA/H_HRS_d.dta","r14wtchtvmn","r14wtchtvmn:w14 r minutes watched tv yesterday"
"HRS","HRS_USA/H_HRS_d.dta","r14wkvlntr","r14wkvlntr:w14 Affective Experience: r worked or volunteered"
"HRS","HRS_USA/H_HRS_d.dta","r14wkvlntrmn","r14wkvlntrmn:w14 r minutes worked or volunteered yesterday"
"HRS","HRS_USA/H_HRS_d.dta","r14walkex","r14walkex:w14 Affective Experience: r walked or exercised"
"HRS","HRS_USA/H_HRS_d.dta","r14walkexmn","r14walkexmn:w14 r minutes walked or exercised yesterday"
"HRS","HRS_USA/H_HRS_d.dta","r14hlthac","r14hlthac:w14 Affective Experience: r health-related activity"
"HRS","HRS_USA/H_HRS_d.dta","r14hlthacmn","r14hlthacmn:w14 r minutes doing health-related activity yesterday"
"HRS","HRS_USA/H_HRS_d.dta","r14trvlcom","r14trvlcom:w14 Affective Experience: r traveled or commuted"
"HRS","HRS_USA/H_HRS_d.dta","r14trvlcommn","r14trvlcommn:w14 r minutes traveled or commuted yesterday"
"HRS","HRS_USA/H_HRS_d.dta","r14tmfrnd","r14tmfrnd:w14 Affective Experience: r spent time with friends"
"HRS","HRS_USA/H_HRS_d.dta","r14tmfrndmn","r14tmfrndmn:w14 r minutes spent with friends yesterday"
"HRS","HRS_USA/H_HRS_d.dta","r14tmself","r14tmself:w14 Affective Experience: r spent time alone"
"HRS","HRS_USA/H_HRS_d.dta","r14tmselfmn","r14tmselfmn:w14 r minutes spent alone yesterday"
"HRS","HRS_USA/H_HRS_d.dta","r14wtvhpy","r14wtvhpy:w14 Affective Experience Happy: r watching TV"
"HRS","HRS_USA/H_HRS_d.dta","r14wtvint","r14wtvint:w14 Affective Experience Interested: r watching TV"
"HRS","HRS_USA/H_HRS_d.dta","r14wtvcon","r14wtvcon:w14 Affective Experience Content: r watching TV"
"HRS","HRS_USA/H_HRS_d.dta","r14wtvpos2","r14wtvpos2:w14 r watch tv: Pos Affect Index 2-item"
"HRS","HRS_USA/H_HRS_d.dta","r14wtvpos3","r14wtvpos3:w14 r watch tv: Pos Affect Index 3-item"
"HRS","HRS_USA/H_HRS_d.dta","r14wtvpos3m","r14wtvpos3m:w14 r watch tv: missings Pos Affect Index 3-item"
"HRS","HRS_USA/H_HRS_d.dta","r14wkvhpy","r14wkvhpy:w14 Affective Experience Happy: r working or volunteering"
"HRS","HRS_USA/H_HRS_d.dta","r14wkvint","r14wkvint:w14 Affective Experience Interested: r working or volunteering"
"HRS","HRS_USA/H_HRS_d.dta","r14wkvcon","r14wkvcon:w14 Affective Experience Content: r working or volunteering"
"HRS","HRS_USA/H_HRS_d.dta","r14wkvpos2","r14wkvpos2:w14 r worked/volunteered: Pos Affect Index 2-item"
"HRS","HRS_USA/H_HRS_d.dta","r14wkvpos3","r14wkvpos3:w14 r worked/volunteered: Pos Affect Index 3-item"
"HRS","HRS_USA/H_HRS_d.dta","r14wkvpos3m","r14wkvpos3m:w14 r worked/volunteered: missings Pos Affect Index 3-item"
"HRS","HRS_USA/H_HRS_d.dta","r14exrhpy","r14exrhpy:w14 Affective Experience Happy: r walking or exercising"
"HRS","HRS_USA/H_HRS_d.dta","r14exrint","r14exrint:w14 Affective Experience Interested: r walking or exercising"
"HRS","HRS_USA/H_HRS_d.dta","r14exrcon","r14exrcon:w14 Affective Experience Content: r walking or exercising"
"HRS","HRS_USA/H_HRS_d.dta","r14exrpos2","r14exrpos2:w14 r walked/exercised: Pos Affect Index 2-item"
"HRS","HRS_USA/H_HRS_d.dta","r14exrpos3","r14exrpos3:w14 r walked/exercised: Pos Affect Index 3-item"
"HRS","HRS_USA/H_HRS_d.dta","r14exrpos3m","r14exrpos3m:w14 r walked/exercised: missings Pos Affect Index 3-item"
"HRS","HRS_USA/H_HRS_d.dta","r14hlthpy","r14hlthpy:w14 Affective Experience Happy: r health-related activity"
"HRS","HRS_USA/H_HRS_d.dta","r14hltint","r14hltint:w14 Affective Experience Interested: r health-related activity"
"HRS","HRS_USA/H_HRS_d.dta","r14hltcon","r14hltcon:w14 Affective Experience Content: r health-related activity"
"HRS","HRS_USA/H_HRS_d.dta","r14hltpos2","r14hltpos2:w14 r healthy activity: Pos Affect Index 2-item"
"HRS","HRS_USA/H_HRS_d.dta","r14hltpos3","r14hltpos3:w14 r healthy activity: Pos Affect Index 3-item"
"HRS","HRS_USA/H_HRS_d.dta","r14hltpos3m","r14hltpos3m:w14 r health activity: missings Pos Affect Index 3-item"
"HRS","HRS_USA/H_HRS_d.dta","r14trvhpy","r14trvhpy:w14 Affective Experience Happy: r traveled or commuted"
"HRS","HRS_USA/H_HRS_d.dta","r14trvint","r14trvint:w14 Affective Experience Interested: r traveled or commuted"
"HRS","HRS_USA/H_HRS_d.dta","r14trvcon","r14trvcon:w14 Affective Experience Content: r traveled or commuted"
"HRS","HRS_USA/H_HRS_d.dta","r14trvpos2","r14trvpos2:w14 r traveled/commuted: Pos Affect Index 2-item"
"HRS","HRS_USA/H_HRS_d.dta","r14trvpos3","r14trvpos3:w14 r traveled/commuted: Pos Affect Index 3-item"
"HRS","HRS_USA/H_HRS_d.dta","r14trvpos3m","r14trvpos3m:w14 r traveled/commuted: missings Pos Affect Index 3-item"
"HRS","HRS_USA/H_HRS_d.dta","r14frnhpy","r14frnhpy:w14 Affective Experience Happy: r spent time with friends"
"HRS","HRS_USA/H_HRS_d.dta","r14frnint","r14frnint:w14 Affective Experience Interested: r spent time with friends"
"HRS","HRS_USA/H_HRS_d.dta","r14frncon","r14frncon:w14 Affective Experience Content: r spent time with friends"
"HRS","HRS_USA/H_HRS_d.dta","r14frnpos2","r14frnpos2:w14 r time w/ friends: Pos Affect Index 2-item"
"HRS","HRS_USA/H_HRS_d.dta","r14frnpos3","r14frnpos3:w14 r time w/ friends: Pos Affect Index 3-item"
"HRS","HRS_USA/H_HRS_d.dta","r14frnpos3m","r14frnpos3m:w14 r time w/ friends: missings Pos Affect Index 3-item"
"HRS","HRS_USA/H_HRS_d.dta","r14slfhpy","r14slfhpy:w14 Affective Experience Happy: r spent time alone"
"HRS","HRS_USA/H_HRS_d.dta","r14slfint","r14slfint:w14 Affective Experience Interested: r spent time alone"
"HRS","HRS_USA/H_HRS_d.dta","r14slfcon","r14slfcon:w14 Affective Experience Content: r spent time alone"
"HRS","HRS_USA/H_HRS_d.dta","r14slfpos2","r14slfpos2:w14 r time alone: Pos Affect Index 2-item"
"HRS","HRS_USA/H_HRS_d.dta","r14slfpos3","r14slfpos3:w14 r time alone: Pos Affect Index 3-item"
"HRS","HRS_USA/H_HRS_d.dta","r14slfpos3m","r14slfpos3m:w14 r time alone: missings Pos Affect Index 3-item"
"HRS","HRS_USA/H_HRS_d.dta","r14wtvfrs","r14wtvfrs:w14 Affective Experience Frustrated: r watching TV"
"HRS","HRS_USA/H_HRS_d.dta","r14wtvsad","r14wtvsad:w14 Affective Experience Sad: r watching TV"
"HRS","HRS_USA/H_HRS_d.dta","r14wtvbor","r14wtvbor:w14 Affective Experience Bored: r watching TV"
"HRS","HRS_USA/H_HRS_d.dta","r14wtvpai","r14wtvpai:w14 Affective Experience Pain: r watching TV"
"HRS","HRS_USA/H_HRS_d.dta","r14wtvneg2","r14wtvneg2:w14 r watch tv: Neg Affect Index 2-item"
"HRS","HRS_USA/H_HRS_d.dta","r14wtvneg3","r14wtvneg3:w14 r watch tv: Neg Affect Index 3-item"
"HRS","HRS_USA/H_HRS_d.dta","r14wtvneg3m","r14wtvneg3m:w14 r watch tv: missings Neg Affect Index 3-item"
"HRS","HRS_USA/H_HRS_d.dta","r14wkvfrs","r14wkvfrs:w14 Affective Experience Frustrated: r working or volunteering"
"HRS","HRS_USA/H_HRS_d.dta","r14wkvsad","r14wkvsad:w14 Affective Experience Sad: r working or volunteering"
"HRS","HRS_USA/H_HRS_d.dta","r14wkvbor","r14wkvbor:w14 Affective Experience Bored: r working or volunteering"
"HRS","HRS_USA/H_HRS_d.dta","r14wkvpai","r14wkvpai:w14 Affective Experience Pain: r working or volunteering"
"HRS","HRS_USA/H_HRS_d.dta","r14wkvneg2","r14wkvneg2:w14 r worked/volunteered: Neg Affect Index 2-item"
"HRS","HRS_USA/H_HRS_d.dta","r14wkvneg3","r14wkvneg3:w14 r worked/volunteered: Neg Affect Index 3-item"
"HRS","HRS_USA/H_HRS_d.dta","r14wkvneg3m","r14wkvneg3m:w14 r worked/volunteered: missings Neg Affect Index 3-item"
"HRS","HRS_USA/H_HRS_d.dta","r14exrfrs","r14exrfrs:w14 Affective Experience Frustrated: r walking or exercising"
"HRS","HRS_USA/H_HRS_d.dta","r14exrsad","r14exrsad:w14 Affective Experience Sad: r walking or exercising"
"HRS","HRS_USA/H_HRS_d.dta","r14exrbor","r14exrbor:w14 Affective Experience Bored: r walking or exercising"
"HRS","HRS_USA/H_HRS_d.dta","r14exrpai","r14exrpai:w14 Affective Experience Pain: r walking or exercising"
"HRS","HRS_USA/H_HRS_d.dta","r14exrneg2","r14exrneg2:w14 r walked/exercised: Neg Affect Index 2-item"
"HRS","HRS_USA/H_HRS_d.dta","r14exrneg3","r14exrneg3:w14 r walked/exercised: Neg Affect Index 3-item"
"HRS","HRS_USA/H_HRS_d.dta","r14exrneg3m","r14exrneg3m:w14 r walked/exercised: missings Neg Affect Index 3-item"
"HRS","HRS_USA/H_HRS_d.dta","r14hltfrs","r14hltfrs:w14 Affective Experience Frustrated: r health-related activity"
"HRS","HRS_USA/H_HRS_d.dta","r14hltsad","r14hltsad:w14 Affective Experience Sad: r health-related activity"
"HRS","HRS_USA/H_HRS_d.dta","r14hltbor","r14hltbor:w14 Affective Experience Bored: r health-related activity"
"HRS","HRS_USA/H_HRS_d.dta","r14hltpai","r14hltpai:w14 Affective Experience Pain: r health-related activity"
"HRS","HRS_USA/H_HRS_d.dta","r14hltneg2","r14hltneg2:w14 r healthy activity: Neg Affect Index 2-item"
"HRS","HRS_USA/H_HRS_d.dta","r14hltneg3","r14hltneg3:w14 r healthy activity: Neg Affect Index 3-item"
"HRS","HRS_USA/H_HRS_d.dta","r14hltneg3m","r14hltneg3m:w14 r healthy activity: missings Neg Affect Index 3-item"
"HRS","HRS_USA/H_HRS_d.dta","r14trvfrs","r14trvfrs:w14 Affective Experience Frustrated: r traveled or commuted"
"HRS","HRS_USA/H_HRS_d.dta","r14trvsad","r14trvsad:w14 Affective Experience Sad: r traveled or commuted"
"HRS","HRS_USA/H_HRS_d.dta","r14trvbor","r14trvbor:w14 Affective Experience Bored: r traveled or commuted"
"HRS","HRS_USA/H_HRS_d.dta","r14trvpai","r14trvpai:w14 Affective Experience Pain: r traveled or commuted"
"HRS","HRS_USA/H_HRS_d.dta","r14trvneg2","r14trvneg2:w14 r traveled/commuted: Neg Affect Index 2-item"
"HRS","HRS_USA/H_HRS_d.dta","r14trvneg3","r14trvneg3:w14 r traveled/commuted: Neg Affect Index 3-item"
"HRS","HRS_USA/H_HRS_d.dta","r14trvneg3m","r14trvneg3m:w14 r traveled/commuted: missings Neg Affect Index 3-item"
"HRS","HRS_USA/H_HRS_d.dta","r14frnfrs","r14frnfrs:w14 Affective Experience Frustrated: r spent time with friends"
"HRS","HRS_USA/H_HRS_d.dta","r14frnsad","r14frnsad:w14 Affective Experience Sad: r spent time with friends"
"HRS","HRS_USA/H_HRS_d.dta","r14frnbor","r14frnbor:w14 Affective Experience Bored: r spent time with friends"
"HRS","HRS_USA/H_HRS_d.dta","r14frnpai","r14frnpai:w14 Affective Experience Pain: r spent time with friends"
"HRS","HRS_USA/H_HRS_d.dta","r14frnneg2","r14frnneg2:w14 r time w/ friends: Neg Affect Index 2-item"
"HRS","HRS_USA/H_HRS_d.dta","r14frnneg3","r14frnneg3:w14 r time w/ friends: Neg Affect Index 3-item"
"HRS","HRS_USA/H_HRS_d.dta","r14frnneg3m","r14frnneg3m:w14 r time w/ friends: missings Neg Affect Index 3-item"
"HRS","HRS_USA/H_HRS_d.dta","r14slffrs","r14slffrs:w14 Affective Experience Frustrated: r spent time alone"
"HRS","HRS_USA/H_HRS_d.dta","r14slfsad","r14slfsad:w14 Affective Experience Sad: r spent time alone"
"HRS","HRS_USA/H_HRS_d.dta","r14slfbor","r14slfbor:w14 Affective Experience Bored: r spent time alone"
"HRS","HRS_USA/H_HRS_d.dta","r14slfpai","r14slfpai:w14 Affective Experience Pain: r spent time alone"
"HRS","HRS_USA/H_HRS_d.dta","r14slfneg2","r14slfneg2:w14 r time alone: Neg Affect Index 2-item"
"HRS","HRS_USA/H_HRS_d.dta","r14slfneg3","r14slfneg3:w14 r time alone: Neg Affect Index 3-item"
"HRS","HRS_USA/H_HRS_d.dta","r14slfneg3m","r14slfneg3m:w14 r time alone: missings Neg Affect Index 3-item"
"ELSA","ELSA_UK/UKDA-5050-stata/stata/stata13_se/gh_elsa_h.dta","r9iwstat","r9iwstat:w9 r interview status"
"ELSA","ELSA_UK/UKDA-5050-stata/stata/stata13_se/gh_elsa_h.dta","r9cohort_e","r9cohort_e:w9 r sample cohort, ELSA specific"
"ELSA","ELSA_UK/UKDA-5050-stata/stata/stata13_se/gh_elsa_h.dta","r9strat","r9strat:w9 hse stratification variable"
"ELSA","ELSA_UK/UKDA-5050-stata/stata/stata13_se/gh_elsa_h.dta","r9clust","r9clust:w9 hse clustering variable"
"ELSA","ELSA_UK/UKDA-5050-stata/stata/stata13_se/gh_elsa_h.dta","r9wtresp","r9wtresp:w9 r person-level cross-sectional weight, core sample"
"ELSA","ELSA_UK/UKDA-5050-stata/stata/stata13_se/gh_elsa_h.dta","r9lwtresp","r9lwtresp:w9 r person-level longitudinal weight, core sample"
"ELSA","ELSA_UK/UKDA-5050-stata/stata/stata13_se/gh_elsa_h.dta","r9lwt4resp","r9lwt4resp:w9 r person-level longitudinal weight, w 4 base, core sample"
"ELSA","ELSA_UK/UKDA-5050-stata/stata/stata13_se/gh_elsa_h.dta","r9scwtresp","r9scwtresp:w9 r person-level weight, self-completion sample"
"ELSA","ELSA_UK/UKDA-5050-stata/stata/stata13_se/gh_elsa_h.dta","r9finr","r9finr:w9 r whether financial resp"
"ELSA","ELSA_UK/UKDA-5050-stata/stata/stata13_se/gh_elsa_h.dta","r9hhr","r9hhr:w9 r whether household resp"
"ELSA","ELSA_UK/UKDA-5050-stata/stata/stata13_se/gh_elsa_h.dta","r9hor","r9hor:w9 r whether housing resp"
"ELSA","ELSA_UK/UKDA-5050-stata/stata/stata13_se/gh_elsa_h.dta","r9proxy","r9proxy:w9 r whether proxy interview"
"ELSA","ELSA_UK/UKDA-5050-stata/stata/stata13_se/gh_elsa_h.dta","r9iwm","r9iwm:w9 r individual interview month"
"ELSA","ELSA_UK/UKDA-5050-stata/stata/stata13_se/gh_elsa_h.dta","r9iwy","r9iwy:w9 r individual interview year"
"ELSA","ELSA_UK/UKDA-5050-stata/stata/stata13_se/gh_elsa_h.dta","r9iwf","r9iwf:w9 r individual interview date flag"
"ELSA","ELSA_UK/UKDA-5050-stata/stata/stata13_se/gh_elsa_h.dta","r9agey","r9agey:w9 r age (years) at ivw"
"ELSA","ELSA_UK/UKDA-5050-stata/stata/stata13_se/gh_elsa_h.dta","r9fagey","r9fagey:w9 r flag age at iwv top-coded"
"ELSA","ELSA_UK/UKDA-5050-stata/stata/stata13_se/gh_elsa_h.dta","r9mstat","r9mstat:w9 r marital status w/partners, filled"
"ELSA","ELSA_UK/UKDA-5050-stata/stata/stata13_se/gh_elsa_h.dta","r9mpart","r9mpart:w9 r implied partnership status"
"ELSA","ELSA_UK/UKDA-5050-stata/stata/stata13_se/gh_elsa_h.dta","r9mstath","r9mstath:w9 r marital status"
"ELSA","ELSA_UK/UKDA-5050-stata/stata/stata13_se/gh_elsa_h.dta","r9mstatf","r9mstatf:w9 r mstath-flag diff w/marhist"
"ELSA","ELSA_UK/UKDA-5050-stata/stata/stata13_se/gh_elsa_h.dta","r9mrct","r9mrct:w9 r # marriages"
"ELSA","ELSA_UK/UKDA-5050-stata/stata/stata13_se/gh_elsa_h.dta","r9mnev","r9mnev:w9 r never married"
"ELSA","ELSA_UK/UKDA-5050-stata/stata/stata13_se/gh_elsa_h.dta","r9mdiv","r9mdiv:w9 r # times divorced"
"ELSA","ELSA_UK/UKDA-5050-stata/stata/stata13_se/gh_elsa_h.dta","r9mwid","r9mwid:w9 r # times widowed"
"ELSA","ELSA_UK/UKDA-5050-stata/stata/stata13_se/gh_elsa_h.dta","r9mend","r9mend:w9 r # times unknown end marriage"
"ELSA","ELSA_UK/UKDA-5050-stata/stata/stata13_se/gh_elsa_h.dta","r9mcurln","r9mcurln:w9 r length of current marriage"
"ELSA","ELSA_UK/UKDA-5050-stata/stata/stata13_se/gh_elsa_h.dta","r9mlen","r9mlen:w9 r length of longest marriage"
"ELSA","ELSA_UK/UKDA-5050-stata/stata/stata13_se/gh_elsa_h.dta","r9region_e","r9region_e:w9 r region of residence"
"ELSA","ELSA_UK/UKDA-5050-stata/stata/stata13_se/gh_elsa_h.dta","r9nhmliv","r9nhmliv:w9 R Lives in institution at interview"
"ELSA","ELSA_UK/UKDA-5050-stata/stata/stata13_se/gh_elsa_h.dta","r9shlt","r9shlt:w9 R self-report of health"
"ELSA","ELSA_UK/UKDA-5050-stata/stata/stata13_se/gh_elsa_h.dta","r9hlthlm","r9hlthlm:w9 R hlth problems limit work"
"ELSA","ELSA_UK/UKDA-5050-stata/stata/stata13_se/gh_elsa_h.dta","r9walkra","r9walkra:w9 R Some Diff-Walk across room"
"ELSA","ELSA_UK/UKDA-5050-stata/stata/stata13_se/gh_elsa_h.dta","r9dressa","r9dressa:w9 R Some Diff-Dressing"
"ELSA","ELSA_UK/UKDA-5050-stata/stata/stata13_se/gh_elsa_h.dta","r9batha","r9batha:w9 R Some Diff-Bathing, shower"
"ELSA","ELSA_UK/UKDA-5050-stata/stata/stata13_se/gh_elsa_h.dta","r9eata","r9eata:w9 R Some Diff-Eating"
"ELSA","ELSA_UK/UKDA-5050-stata/stata/stata13_se/gh_elsa_h.dta","r9beda","r9beda:w9 R Some Diff-Get in/out bed"
"ELSA","ELSA_UK/UKDA-5050-stata/stata/stata13_se/gh_elsa_h.dta","r9toilta","r9toilta:w9 R Some Diff-Using the toilet"
"ELSA","ELSA_UK/UKDA-5050-stata/stata/stata13_se/gh_elsa_h.dta","r9mapa","r9mapa:w9 R Some Diff-Use a map"
"ELSA","ELSA_UK/UKDA-5050-stata/stata/stata13_se/gh_elsa_h.dta","r9phonea","r9phonea:w9 R Some Diff-Use a telephone"
"ELSA","ELSA_UK/UKDA-5050-stata/stata/stata13_se/gh_elsa_h.dta","r9moneya","r9moneya:w9 R Some Diff-Managing money"
"ELSA","ELSA_UK/UKDA-5050-stata/stata/stata13_se/gh_elsa_h.dta","r9medsa","r9medsa:w9 R Some Diff-Take medications"
"ELSA","ELSA_UK/UKDA-5050-stata/stata/stata13_se/gh_elsa_h.dta","r9shopa","r9shopa:w9 R Some Diff-Shop for grocery"
"ELSA","ELSA_UK/UKDA-5050-stata/stata/stata13_se/gh_elsa_h.dta","r9mealsa","r9mealsa:w9 R Some Diff-Prepare hot meal"
"ELSA","ELSA_UK/UKDA-5050-stata/stata/stata13_se/gh_elsa_h.dta","r9housewka","r9housewka:w9 R Some Diff-Doing work around the house or garden"
"ELSA","ELSA_UK/UKDA-5050-stata/stata/stata13_se/gh_elsa_h.dta","r9dangera","r9dangera:w9 R Some Diff-Recognizing when in physical danger"
"ELSA","ELSA_UK/UKDA-5050-stata/stata/stata13_se/gh_elsa_h.dta","r9communa","r9communa:w9 R Some Diff-Communication (speech, hearing, eyesight)"
"ELSA","ELSA_UK/UKDA-5050-stata/stata/stata13_se/gh_elsa_h.dta","r9walk100a","r9walk100a:w9 R Some Diff-Walk 100y"
"ELSA","ELSA_UK/UKDA-5050-stata/stata/stata13_se/gh_elsa_h.dta","r9sita","r9sita:w9 R Some Diff-Sit for 2 hours"
"ELSA","ELSA_UK/UKDA-5050-stata/stata/stata13_se/gh_elsa_h.dta","r9chaira","r9chaira:w9 R Some Diff-Get up fr chair"
"ELSA","ELSA_UK/UKDA-5050-stata/stata/stata13_se/gh_elsa_h.dta","r9climsa","r9climsa:w9 R Some Diff-Clmb sev flt str"
"ELSA","ELSA_UK/UKDA-5050-stata/stata/stata13_se/gh_elsa_h.dta","r9clim1a","r9clim1a:w9 R Some Diff-Clmb 1 flt str"
"ELSA","ELSA_UK/UKDA-5050-stata/stata/stata13_se/gh_elsa_h.dta","r9stoopa","r9stoopa:w9 R Some Diff-Stoop/Kneel/Crch"
"ELSA","ELSA_UK/UKDA-5050-stata/stata/stata13_se/gh_elsa_h.dta","r9lifta","r9lifta:w9 R Some Diff-Lift/carry 10lbs"
"ELSA","ELSA_UK/UKDA-5050-stata/stata/stata13_se/gh_elsa_h.dta","r9dimea","r9dimea:w9 R Some Diff-Pick up a 5p coin"
"ELSA","ELSA_UK/UKDA-5050-stata/stata/stata13_se/gh_elsa_h.dta","r9armsa","r9armsa:w9 R Some Diff-Rch/xtnd arms up"
"ELSA","ELSA_UK/UKDA-5050-stata/stata/stata13_se/gh_elsa_h.dta","r9pusha","r9pusha:w9 R Some Diff-Push/pull lg obj"
"ELSA","ELSA_UK/UKDA-5050-stata/stata/stata13_se/gh_elsa_h.dta","r9adlwa","r9adlwa:w9 R Some Diff-ADLs:Wallace /0-3"
"ELSA","ELSA_UK/UKDA-5050-stata/stata/stata13_se/gh_elsa_h.dta","r9adlwam","r9adlwam:w9 R Missings in Some Diff-ADLs:Wallace /0-3"
"ELSA","ELSA_UK/UKDA-5050-stata/stata/stata13_se/gh_elsa_h.dta","r9adlwaa","r9adlwaa:w9 whether R has Any Diff-ADLs:Wallace"
"ELSA","ELSA_UK/UKDA-5050-stata/stata/stata13_se/gh_elsa_h.dta","r9adla","r9adla:w9 R Some Diff-ADLs:5-Item /0-5"
"ELSA","ELSA_UK/UKDA-5050-stata/stata/stata13_se/gh_elsa_h.dta","r9adlam","r9adlam:w9 R Missings in Some Diff-ADLs:5-Item /0-5"
"ELSA","ELSA_UK/UKDA-5050-stata/stata/stata13_se/gh_elsa_h.dta","r9adlaa","r9adlaa:w9 whether R has Any Diff-ADLs:5-Item"
"ELSA","ELSA_UK/UKDA-5050-stata/stata/stata13_se/gh_elsa_h.dta","r9adlfive","r9adlfive:w9 R Some Diff-ADLS:5-Item alt /0-5"
"ELSA","ELSA_UK/UKDA-5050-stata/stata/stata13_se/gh_elsa_h.dta","r9adlfivem","r9adlfivem:w9 R Missings in Some Diff-ADLS:5-Item alt /0-5"
"ELSA","ELSA_UK/UKDA-5050-stata/stata/stata13_se/gh_elsa_h.dta","r9adlfivea","r9adlfivea:w9 whether R has Any Diff-ADLS:5-Item alt"
"ELSA","ELSA_UK/UKDA-5050-stata/stata/stata13_se/gh_elsa_h.dta","r9adltot6","r9adltot6:w9 R Some Diff-ADLS:6-Item /0-6"
"ELSA","ELSA_UK/UKDA-5050-stata/stata/stata13_se/gh_elsa_h.dta","r9adltot6m","r9adltot6m:w9 R Missings in Some Diff-ADLS:6-Item /0-6"
"ELSA","ELSA_UK/UKDA-5050-stata/stata/stata13_se/gh_elsa_h.dta","r9adltot6a","r9adltot6a:w9 whether R has Any Diff-ADLS:6-Item"
"ELSA","ELSA_UK/UKDA-5050-stata/stata/stata13_se/gh_elsa_h.dta","r9iadla","r9iadla:w9 R Some Diff-IADLs:3-Item /0-3"
"ELSA","ELSA_UK/UKDA-5050-stata/stata/stata13_se/gh_elsa_h.dta","r9iadlam","r9iadlam:w9 R Missings in Some Diff-IADLs:3-Item /0-3"
"ELSA","ELSA_UK/UKDA-5050-stata/stata/stata13_se/gh_elsa_h.dta","r9iadlaa","r9iadlaa:w9 whether R has Any Diff-IADLs:3-Item"
"ELSA","ELSA_UK/UKDA-5050-stata/stata/stata13_se/gh_elsa_h.dta","r9iadlfour","r9iadlfour:w9 R Some Diff-IADLs:4-item /0-4"
"ELSA","ELSA_UK/UKDA-5050-stata/stata/stata13_se/gh_elsa_h.dta","r9iadlfourm","r9iadlfourm:w9 R Missings in Some Diff-IADLs:4-item /0-4"
"ELSA","ELSA_UK/UKDA-5050-stata/stata/stata13_se/gh_elsa_h.dta","r9iadlfoura","r9iadlfoura:w9 whether R has Any Diff-IADLs:4-item"
"ELSA","ELSA_UK/UKDA-5050-stata/stata/stata13_se/gh_elsa_h.dta","r9iadlza","r9iadlza:w9 R Some Diff-IADLs:5-item /0-5"
"ELSA","ELSA_UK/UKDA-5050-stata/stata/stata13_se/gh_elsa_h.dta","r9iadlzam","r9iadlzam:w9 R Missings in Some Diff-IADLs:5-item /0-5"
"ELSA","ELSA_UK/UKDA-5050-stata/stata/stata13_se/gh_elsa_h.dta","r9iadlzaa","r9iadlzaa:w9 whether R has Any Diff-IADLs:5-item"
"ELSA","ELSA_UK/UKDA-5050-stata/stata/stata13_se/gh_elsa_h.dta","r9iadltot1_e","r9iadltot1_e:w9 R Some Diff-IADLs:7-item /0-7"
"ELSA","ELSA_UK/UKDA-5050-stata/stata/stata13_se/gh_elsa_h.dta","r9iadltot1m_e","r9iadltot1m_e:w9 R Missings in Some Diff-IADLs:7-item /0-7"
"ELSA","ELSA_UK/UKDA-5050-stata/stata/stata13_se/gh_elsa_h.dta","r9iadltot1a_e","r9iadltot1a_e:w9 whether R has Any Diff-IADLs:7-item"
"ELSA","ELSA_UK/UKDA-5050-stata/stata/stata13_se/gh_elsa_h.dta","r9iadltot2_e","r9iadltot2_e:w9 R Some Diff-IADLs:9-item /0-9"
"ELSA","ELSA_UK/UKDA-5050-stata/stata/stata13_se/gh_elsa_h.dta","r9iadltot2m_e","r9iadltot2m_e:w9 R Missings in Some Diff-IADLs:9-item /0-9"
"ELSA","ELSA_UK/UKDA-5050-stata/stata/stata13_se/gh_elsa_h.dta","r9iadltot2a_e","r9iadltot2a_e:w9 whether R has Any Diff-IADLs:9-item"
"ELSA","ELSA_UK/UKDA-5050-stata/stata/stata13_se/gh_elsa_h.dta","r9mobilb","r9mobilb:w9 R Some Diff-Mobility /0-4"
"ELSA","ELSA_UK/UKDA-5050-stata/stata/stata13_se/gh_elsa_h.dta","r9mobilbm","r9mobilbm:w9 R Missings in Some Diff-Mobility /0-4"
"ELSA","ELSA_UK/UKDA-5050-stata/stata/stata13_se/gh_elsa_h.dta","r9mobilba","r9mobilba:w9 whether R has Any Diff-Mobility:4-item"
"ELSA","ELSA_UK/UKDA-5050-stata/stata/stata13_se/gh_elsa_h.dta","r9mobilsev","r9mobilsev:w9 R Some Diff-Mobility /0-7"
"ELSA","ELSA_UK/UKDA-5050-stata/stata/stata13_se/gh_elsa_h.dta","r9mobilsevm","r9mobilsevm:w9 R Missings in Some Diff-Mobility /0-7"
"ELSA","ELSA_UK/UKDA-5050-stata/stata/stata13_se/gh_elsa_h.dta","r9mobilseva","r9mobilseva:w9 whether R has Any Diff-Mobility:7-item"
"ELSA","ELSA_UK/UKDA-5050-stata/stata/stata13_se/gh_elsa_h.dta","r9lgmusa","r9lgmusa:w9 R Some Diff-Large muscle /0-4"
"ELSA","ELSA_UK/UKDA-5050-stata/stata/stata13_se/gh_elsa_h.dta","r9lgmusam","r9lgmusam:w9 R Missings in Some Diff-Large muscle /0-4"
"ELSA","ELSA_UK/UKDA-5050-stata/stata/stata13_se/gh_elsa_h.dta","r9lgmusaa","r9lgmusaa:w9 whether R has Any Diff-Large muscle:4-item"
"ELSA","ELSA_UK/UKDA-5050-stata/stata/stata13_se/gh_elsa_h.dta","r9grossa","r9grossa:w9 R Some Diff-Wk,rn,clmb,bd,bth /0-5"
"ELSA","ELSA_UK/UKDA-5050-stata/stata/stata13_se/gh_elsa_h.dta","r9grossam","r9grossam:w9 R Missings in Some Diff-Wk,rn,clmb,bd,bth /0-5"
"ELSA","ELSA_UK/UKDA-5050-stata/stata/stata13_se/gh_elsa_h.dta","r9grossaa","r9grossaa:w9 whether R has Any Diff-Wk,rn,clmb,bd,bth"
"ELSA","ELSA_UK/UKDA-5050-stata/stata/stata13_se/gh_elsa_h.dta","r9finea","r9finea:w9 R Some Diff-Dime/eat/dress /0-3"
"ELSA","ELSA_UK/UKDA-5050-stata/stata/stata13_se/gh_elsa_h.dta","r9fineam","r9fineam:w9 R Missings in Some Diff-Dime/eat/dress /0-3"
"ELSA","ELSA_UK/UKDA-5050-stata/stata/stata13_se/gh_elsa_h.dta","r9fineaa","r9fineaa:w9 whether R has Any Diff-Dime/eat/dress"
"ELSA","ELSA_UK/UKDA-5050-stata/stata/stata13_se/gh_elsa_h.dta","r9lowermob","r9lowermob:w9 R Some Diff-Lower Mobility /0-4"
"ELSA","ELSA_UK/UKDA-5050-stata/stata/stata13_se/gh_elsa_h.dta","r9lowermobm","r9lowermobm:w9 R Missings in Some Diff-Lower Mobility /0-4"
"ELSA","ELSA_UK/UKDA-5050-stata/stata/stata13_se/gh_elsa_h.dta","r9lowermoba","r9lowermoba:w9 whether R has Any Diff-Lower Mobility:4-item"
"ELSA","ELSA_UK/UKDA-5050-stata/stata/stata13_se/gh_elsa_h.dta","r9uppermob","r9uppermob:w9 R Some Diff-Upper Mobility /0-3"
"ELSA","ELSA_UK/UKDA-5050-stata/stata/stata13_se/gh_elsa_h.dta","r9uppermobm","r9uppermobm:w9 R Missings in Some Diff-Upper Mobility /0-3"
"ELSA","ELSA_UK/UKDA-5050-stata/stata/stata13_se/gh_elsa_h.dta","r9uppermoba","r9uppermoba:w9 whether R has Any Diff-Upper Mobility:3-item"
"ELSA","ELSA_UK/UKDA-5050-stata/stata/stata13_se/gh_elsa_h.dta","r9nagi10","r9nagi10:w9 R some difficulty-NAGI score 0-10"
"ELSA","ELSA_UK/UKDA-5050-stata/stata/stata13_se/gh_elsa_h.dta","r9nagi10m","r9nagi10m:w9 R some difficulty-missings in 10-item NAGI score"
"ELSA","ELSA_UK/UKDA-5050-stata/stata/stata13_se/gh_elsa_h.dta","r9nagi10a","r9nagi10a:w9 whether R has any diff-10 item NAGI score"
"ELSA","ELSA_UK/UKDA-5050-stata/stata/stata13_se/gh_elsa_h.dta","r9nagi8","r9nagi8:w9 R some difficulty-NAGI score 0-8"
"ELSA","ELSA_UK/UKDA-5050-stata/stata/stata13_se/gh_elsa_h.dta","r9nagi8m","r9nagi8m:w9 R some difficulty-missings in 8-item NAGI score"
"ELSA","ELSA_UK/UKDA-5050-stata/stata/stata13_se/gh_elsa_h.dta","r9nagi8a","r9nagi8a:w9 whether R has any diff-8 item NAGI score"
"ELSA","ELSA_UK/UKDA-5050-stata/stata/stata13_se/gh_elsa_h.dta","r9hibpe","r9hibpe:w9 R ever had high blood pressure"
"ELSA","ELSA_UK/UKDA-5050-stata/stata/stata13_se/gh_elsa_h.dta","r9hibpf","r9hibpf:w9 R flag dispute chg high blood pressure"
"ELSA","ELSA_UK/UKDA-5050-stata/stata/stata13_se/gh_elsa_h.dta","r9diabe","r9diabe:w9 R ever had diabetes"
"ELSA","ELSA_UK/UKDA-5050-stata/stata/stata13_se/gh_elsa_h.dta","r9diabf","r9diabf:w9 R flag dispute chg diabetes"
"ELSA","ELSA_UK/UKDA-5050-stata/stata/stata13_se/gh_elsa_h.dta","r9cancre","r9cancre:w9 R ever had cancer"
"ELSA","ELSA_UK/UKDA-5050-stata/stata/stata13_se/gh_elsa_h.dta","r9cancrf","r9cancrf:w9 R flag dispute chg cancer"
"ELSA","ELSA_UK/UKDA-5050-stata/stata/stata13_se/gh_elsa_h.dta","r9lunge","r9lunge:w9 R ever had lung disease"
"ELSA","ELSA_UK/UKDA-5050-stata/stata/stata13_se/gh_elsa_h.dta","r9lungf","r9lungf:w9 R flag dispute chg lung disease"
"ELSA","ELSA_UK/UKDA-5050-stata/stata/stata13_se/gh_elsa_h.dta","r9hearte","r9hearte:w9 R ever had heart problems"
"ELSA","ELSA_UK/UKDA-5050-stata/stata/stata13_se/gh_elsa_h.dta","r9heartf","r9heartf:w9 R flag dispute chg heart problems"
"ELSA","ELSA_UK/UKDA-5050-stata/stata/stata13_se/gh_elsa_h.dta","r9stroke","r9stroke:w9 R ever had stroke"
"ELSA","ELSA_UK/UKDA-5050-stata/stata/stata13_se/gh_elsa_h.dta","r9strokf","r9strokf:w9 R flag dispute chg stroke"
"ELSA","ELSA_UK/UKDA-5050-stata/stata/stata13_se/gh_elsa_h.dta","r9psyche","r9psyche:w9 R ever had psych problems"
"ELSA","ELSA_UK/UKDA-5050-stata/stata/stata13_se/gh_elsa_h.dta","r9psychf","r9psychf:w9 R flag dispute chg psych problems"
"ELSA","ELSA_UK/UKDA-5050-stata/stata/stata13_se/gh_elsa_h.dta","r9deprese","r9deprese:w9 R ever had depression"
"ELSA","ELSA_UK/UKDA-5050-stata/stata/stata13_se/gh_elsa_h.dta","r9arthre","r9arthre:w9 R ever had arthritis"
"ELSA","ELSA_UK/UKDA-5050-stata/stata/stata13_se/gh_elsa_h.dta","r9arthrf","r9arthrf:w9 R flag dispute chg arthritis"
"ELSA","ELSA_UK/UKDA-5050-stata/stata/stata13_se/gh_elsa_h.dta","r9asthmae","r9asthmae:w9 R ever had asthma"
"ELSA","ELSA_UK/UKDA-5050-stata/stata/stata13_se/gh_elsa_h.dta","r9asthmaf","r9asthmaf:w9 R flag dispute chg asthma"
"ELSA","ELSA_UK/UKDA-5050-stata/stata/stata13_se/gh_elsa_h.dta","r9respe","r9respe:w9 R ever had chronic lung disease or asthma"
"ELSA","ELSA_UK/UKDA-5050-stata/stata/stata13_se/gh_elsa_h.dta","r9respf","r9respf:w9 R flag dispute chg chronic lung disease or asthma"
"ELSA","ELSA_UK/UKDA-5050-stata/stata/stata13_se/gh_elsa_h.dta","r9hchole","r9hchole:w9 R ever had high cholesterol"
"ELSA","ELSA_UK/UKDA-5050-stata/stata/stata13_se/gh_elsa_h.dta","r9hcholf","r9hcholf:w9 R flag dispute chg high cholesterol"
"ELSA","ELSA_UK/UKDA-5050-stata/stata/stata13_se/gh_elsa_h.dta","r9catracte","r9catracte:w9 R ever had cataracts"
"ELSA","ELSA_UK/UKDA-5050-stata/stata/stata13_se/gh_elsa_h.dta","r9catrctf","r9catrctf:w9 R flag dispute chg cataracts"
"ELSA","ELSA_UK/UKDA-5050-stata/stata/stata13_se/gh_elsa_h.dta","r9parkine","r9parkine:w9 R ever had parkinson disease"
"ELSA","ELSA_UK/UKDA-5050-stata/stata/stata13_se/gh_elsa_h.dta","r9parkinf","r9parkinf:w9 R flag dispute chg parkinson disease"
"ELSA","ELSA_UK/UKDA-5050-stata/stata/stata13_se/gh_elsa_h.dta","r9hipe","r9hipe:w9 R ever had hip fracture"
"ELSA","ELSA_UK/UKDA-5050-stata/stata/stata13_se/gh_elsa_h.dta","r9angine","r9angine:w9 R ever had angina"
"ELSA","ELSA_UK/UKDA-5050-stata/stata/stata13_se/gh_elsa_h.dta","r9anginf","r9anginf:w9 R flag dispute chg angina"
"ELSA","ELSA_UK/UKDA-5050-stata/stata/stata13_se/gh_elsa_h.dta","r9hrtatte","r9hrtatte:w9 R ever had heart attack"
"ELSA","ELSA_UK/UKDA-5050-stata/stata/stata13_se/gh_elsa_h.dta","r9hrtattf","r9hrtattf:w9 R flag dispute chg heart attack"
"ELSA","ELSA_UK/UKDA-5050-stata/stata/stata13_se/gh_elsa_h.dta","r9conhrtfe","r9conhrtfe:w9 R ever had congestive heart failure"
"ELSA","ELSA_UK/UKDA-5050-stata/stata/stata13_se/gh_elsa_h.dta","r9conhrtff","r9conhrtff:w9 R flag dispute chg congestive heart failure"
"ELSA","ELSA_UK/UKDA-5050-stata/stata/stata13_se/gh_elsa_h.dta","r9hrtmre","r9hrtmre:w9 R ever had heart murmur"
"ELSA","ELSA_UK/UKDA-5050-stata/stata/stata13_se/gh_elsa_h.dta","r9hrtmrf","r9hrtmrf:w9 R flag dispute chg heart murmur"
"ELSA","ELSA_UK/UKDA-5050-stata/stata/stata13_se/gh_elsa_h.dta","r9hrtrhme","r9hrtrhme:w9 R ever had abnormal heart rhythm"
"ELSA","ELSA_UK/UKDA-5050-stata/stata/stata13_se/gh_elsa_h.dta","r9hrtrhmf","r9hrtrhmf:w9 R flag dispute chg abnormal heart rhythm"
"ELSA","ELSA_UK/UKDA-5050-stata/stata/stata13_se/gh_elsa_h.dta","r9osteoe","r9osteoe:w9 R ever had osteoporosis"
"ELSA","ELSA_UK/UKDA-5050-stata/stata/stata13_se/gh_elsa_h.dta","r9osteof","r9osteof:w9 R flag dispute chg osteoporosis"
"ELSA","ELSA_UK/UKDA-5050-stata/stata/stata13_se/gh_elsa_h.dta","r9angin","r9angin:w9 R had angina last 2 years"
"ELSA","ELSA_UK/UKDA-5050-stata/stata/stata13_se/gh_elsa_h.dta","r9hrtatt","r9hrtatt:w9 R had heart attack last 2 years"
"ELSA","ELSA_UK/UKDA-5050-stata/stata/stata13_se/gh_elsa_h.dta","r9psych","r9psych:w9 R had psychiatric problem last 2 years"
"ELSA","ELSA_UK/UKDA-5050-stata/stata/stata13_se/gh_elsa_h.dta","r9rxhibp","r9rxhibp:w9 R takes meds for high blood pressure"
"ELSA","ELSA_UK/UKDA-5050-stata/stata/stata13_se/gh_elsa_h.dta","r9rxdiabo","r9rxdiabo:w9 R takes oral meds for diabetes"
"ELSA","ELSA_UK/UKDA-5050-stata/stata/stata13_se/gh_elsa_h.dta","r9rxdiabi","r9rxdiabi:w9 R takes insulin for diabetes"
"ELSA","ELSA_UK/UKDA-5050-stata/stata/stata13_se/gh_elsa_h.dta","r9rxdiab","r9rxdiab:w9 R takes meds for diabetes"
"ELSA","ELSA_UK/UKDA-5050-stata/stata/stata13_se/gh_elsa_h.dta","r9rxlung","r9rxlung:w9 R takes meds for lung condition"
"ELSA","ELSA_UK/UKDA-5050-stata/stata/stata13_se/gh_elsa_h.dta","r9rxasthma","r9rxasthma:w9 R takes meds for asthma"
"ELSA","ELSA_UK/UKDA-5050-stata/stata/stata13_se/gh_elsa_h.dta","r9trcancr","r9trcancr:w9 R receives cancer treatment"
"ELSA","ELSA_UK/UKDA-5050-stata/stata/stata13_se/gh_elsa_h.dta","r9rxbldthn","r9rxbldthn:w9 R takes meds for heart, anticoagulant"
"ELSA","ELSA_UK/UKDA-5050-stata/stata/stata13_se/gh_elsa_h.dta","r9rxosteo","r9rxosteo:w9 R takes meds for osteoporosis"
"ELSA","ELSA_UK/UKDA-5050-stata/stata/stata13_se/gh_elsa_h.dta","r9rxhchol","r9rxhchol:w9 R takes meds for high cholesterol"
"ELSA","ELSA_UK/UKDA-5050-stata/stata/stata13_se/gh_elsa_h.dta","r9alzhee","r9alzhee:w9 R ever had alzheimer's"
"ELSA","ELSA_UK/UKDA-5050-stata/stata/stata13_se/gh_elsa_h.dta","r9alzhef","r9alzhef:w9 R flag dispute chg alzheimer's"
"ELSA","ELSA_UK/UKDA-5050-stata/stata/stata13_se/gh_elsa_h.dta","r9demene","r9demene:w9 R ever had dementia"
"ELSA","ELSA_UK/UKDA-5050-stata/stata/stata13_se/gh_elsa_h.dta","r9demenf","r9demenf:w9 R flag dispute chg dementia"
"ELSA","ELSA_UK/UKDA-5050-stata/stata/stata13_se/gh_elsa_h.dta","r9alzdeme","r9alzdeme:w9 R ever had alzheimer's/dementia"
"ELSA","ELSA_UK/UKDA-5050-stata/stata/stata13_se/gh_elsa_h.dta","r9alzdemf","r9alzdemf:w9 R flag dispute chg alzheimer's/dementia"
"ELSA","ELSA_UK/UKDA-5050-stata/stata/stata13_se/gh_elsa_h.dta","r9jointre","r9jointre:w9 R ever had any joint replacement"
"ELSA","ELSA_UK/UKDA-5050-stata/stata/stata13_se/gh_elsa_h.dta","r9hipre","r9hipre:w9 R ever had hip replacement"
"ELSA","ELSA_UK/UKDA-5050-stata/stata/stata13_se/gh_elsa_h.dta","r9sight","r9sight:w9 R self-rated eyesight"
"ELSA","ELSA_UK/UKDA-5050-stata/stata/stata13_se/gh_elsa_h.dta","r9dsight","r9dsight:w9 R self-rated distance eyesight"
"ELSA","ELSA_UK/UKDA-5050-stata/stata/stata13_se/gh_elsa_h.dta","r9nsight","r9nsight:w9 R self-rated near eyesight"
"ELSA","ELSA_UK/UKDA-5050-stata/stata/stata13_se/gh_elsa_h.dta","r9catrcte","r9catrcte:w9 R ever had cataract surgery"
"ELSA","ELSA_UK/UKDA-5050-stata/stata/stata13_se/gh_elsa_h.dta","r9hearing","r9hearing:w9 R self-rated hearing"
"ELSA","ELSA_UK/UKDA-5050-stata/stata/stata13_se/gh_elsa_h.dta","r9dentalh","r9dentalh:w9 R self-report of dental health"
"ELSA","ELSA_UK/UKDA-5050-stata/stata/stata13_se/gh_elsa_h.dta","r9fall","r9fall:w9 R fallen down in last 2 years"
"ELSA","ELSA_UK/UKDA-5050-stata/stata/stata13_se/gh_elsa_h.dta","r9fallinj","r9fallinj:w9 R injured from fall"
"ELSA","ELSA_UK/UKDA-5050-stata/stata/stata13_se/gh_elsa_h.dta","r9fallnum","r9fallnum:w9 R number of falls"
"ELSA","ELSA_UK/UKDA-5050-stata/stata/stata13_se/gh_elsa_h.dta","r9falleq","r9falleq:w9 R uses equipment for falls"
"ELSA","ELSA_UK/UKDA-5050-stata/stata/stata13_se/gh_elsa_h.dta","r9hip","r9hip:w9 R fractured hip last 2 years"
"ELSA","ELSA_UK/UKDA-5050-stata/stata/stata13_se/gh_elsa_h.dta","r9lstmnspd","r9lstmnspd:w9 R age last menstrual period"
"ELSA","ELSA_UK/UKDA-5050-stata/stata/stata13_se/gh_elsa_h.dta","r9painfr","r9painfr:w9 R frequent problems with pain"
"ELSA","ELSA_UK/UKDA-5050-stata/stata/stata13_se/gh_elsa_h.dta","r9painlv","r9painlv:w9 R usual level of pain"
"ELSA","ELSA_UK/UKDA-5050-stata/stata/stata13_se/gh_elsa_h.dta","r9urinai","r9urinai:w9 R any urinary incontinence"
"ELSA","ELSA_UK/UKDA-5050-stata/stata/stata13_se/gh_elsa_h.dta","r9mammoge","r9mammoge:w9 R ever had mammogram"
"ELSA","ELSA_UK/UKDA-5050-stata/stata/stata13_se/gh_elsa_h.dta","r9proste","r9proste:w9 R ever had prostate test"
"ELSA","ELSA_UK/UKDA-5050-stata/stata/stata13_se/gh_elsa_h.dta","r9coloncre","r9coloncre:w9 R ever had colon cancer screening"
"ELSA","ELSA_UK/UKDA-5050-stata/stata/stata13_se/gh_elsa_h.dta","r9vgactx_e","r9vgactx_e:w9 R Freq vigorous phys activ"
"ELSA","ELSA_UK/UKDA-5050-stata/stata/stata13_se/gh_elsa_h.dta","r9mdactx_e","r9mdactx_e:w9 R Freq moderate phys activ"
"ELSA","ELSA_UK/UKDA-5050-stata/stata/stata13_se/gh_elsa_h.dta","r9ltactx_e","r9ltactx_e:w9 R Freq light phys activ"
"ELSA","ELSA_UK/UKDA-5050-stata/stata/stata13_se/gh_elsa_h.dta","r9drink","r9drink:w9 R ever drinks any alcohol"
"ELSA","ELSA_UK/UKDA-5050-stata/stata/stata13_se/gh_elsa_h.dta","r9drinkd_e","r9drinkd_e:w9 R # days/week drinks"
"ELSA","ELSA_UK/UKDA-5050-stata/stata/stata13_se/gh_elsa_h.dta","r9drinkwn_e","r9drinkwn_e:w9 R # drinks/week"
"ELSA","ELSA_UK/UKDA-5050-stata/stata/stata13_se/gh_elsa_h.dta","r9smokev","r9smokev:w9 R smoke ever"
"ELSA","ELSA_UK/UKDA-5050-stata/stata/stata13_se/gh_elsa_h.dta","r9smoken","r9smoken:w9 R smokes now"
"ELSA","ELSA_UK/UKDA-5050-stata/stata/stata13_se/gh_elsa_h.dta","r9smokef","r9smokef:w9 R # cigarettes/day"
"ELSA","ELSA_UK/UKDA-5050-stata/stata/stata13_se/gh_elsa_h.dta","r9shltc","r9shltc:w9 r Change in self-reported hlth"
"ELSA","ELSA_UK/UKDA-5050-stata/stata/stata13_se/gh_elsa_h.dta","r9shltcf","r9shltcf:w9 r Flag chg self-reported hlth"
"ELSA","ELSA_UK/UKDA-5050-stata/stata/stata13_se/gh_elsa_h.dta","r9doctor1m","r9doctor1m:w9 R doctor visit last month"
"ELSA","ELSA_UK/UKDA-5050-stata/stata/stata13_se/gh_elsa_h.dta","r9nrshom","r9nrshom:w9 R nurs home stay, prv 2 yrs"
"ELSA","ELSA_UK/UKDA-5050-stata/stata/stata13_se/gh_elsa_h.dta","r9nrsnit","r9nrsnit:w9 R # nights in nurs home, prv 2 yrs"
"ELSA","ELSA_UK/UKDA-5050-stata/stata/stata13_se/gh_elsa_h.dta","r9hipriv","r9hipriv:w9 R covered by private health insurance"
"ELSA","ELSA_UK/UKDA-5050-stata/stata/stata13_se/gh_elsa_h.dta","r9hpsrc","r9hpsrc:w9 R source of insurance"
"ELSA","ELSA_UK/UKDA-5050-stata/stata/stata13_se/gh_elsa_h.dta","r9hiltc_e","r9hiltc_e:w9 R has long term care ins"
"ELSA","ELSA_UK/UKDA-5050-stata/stata/stata13_se/gh_elsa_h.dta","r9oopnh","r9oopnh:w9 R out of pocket nurs home exp, prv 2 yrs"
"ELSA","ELSA_UK/UKDA-5050-stata/stata/stata13_se/gh_elsa_h.dta","r9cogimp","r9cogimp:w9 r whether factors impaired cognition tests"
"ELSA","ELSA_UK/UKDA-5050-stata/stata/stata13_se/gh_elsa_h.dta","r9cogothp","r9cogothp:w9 r whether other people present during cog tests"
"ELSA","ELSA_UK/UKDA-5050-stata/stata/stata13_se/gh_elsa_h.dta","r9slfmem","r9slfmem:w9 r Self-reported memory"
"ELSA","ELSA_UK/UKDA-5050-stata/stata/stata13_se/gh_elsa_h.dta","r9pstmem","r9pstmem:w9 r Self-reported memory compared to 2 yrs ago"
"ELSA","ELSA_UK/UKDA-5050-stata/stata/stata13_se/gh_elsa_h.dta","r9slfmenab","r9slfmenab:w9 r Self-reported mental abilities"
"ELSA","ELSA_UK/UKDA-5050-stata/stata/stata13_se/gh_elsa_h.dta","r9pstmenab","r9pstmenab:w9 r Self-reported mental abilities compared to 2 yrs ago"
"ELSA","ELSA_UK/UKDA-5050-stata/stata/stata13_se/gh_elsa_h.dta","r9readrc","r9readrc:w9 r word recall list read by"
"ELSA","ELSA_UK/UKDA-5050-stata/stata/stata13_se/gh_elsa_h.dta","r9imrc","r9imrc:w9 r immediate word recall"
"ELSA","ELSA_UK/UKDA-5050-stata/stata/stata13_se/gh_elsa_h.dta","r9dlrc","r9dlrc:w9 r delayed word recall"
"ELSA","ELSA_UK/UKDA-5050-stata/stata/stata13_se/gh_elsa_h.dta","r9tr20","r9tr20:w9 r recall summary score"
"ELSA","ELSA_UK/UKDA-5050-stata/stata/stata13_se/gh_elsa_h.dta","r9mo","r9mo:w9 r cognition date naming-month"
"ELSA","ELSA_UK/UKDA-5050-stata/stata/stata13_se/gh_elsa_h.dta","r9dy","r9dy:w9 r cognition date naming-day of month"
"ELSA","ELSA_UK/UKDA-5050-stata/stata/stata13_se/gh_elsa_h.dta","r9yr","r9yr:w9 r cognition date naming-year"
"ELSA","ELSA_UK/UKDA-5050-stata/stata/stata13_se/gh_elsa_h.dta","r9dw","r9dw:w9 r cognition date naming-day of week"
"ELSA","ELSA_UK/UKDA-5050-stata/stata/stata13_se/gh_elsa_h.dta","r9orient","r9orient:w9 r cognition orient (summary date naming)"
"ELSA","ELSA_UK/UKDA-5050-stata/stata/stata13_se/gh_elsa_h.dta","r9verbf","r9verbf:w9 r verbal fluency score"
"ELSA","ELSA_UK/UKDA-5050-stata/stata/stata13_se/gh_elsa_h.dta","r9numer_e","r9numer_e:w9 r numeracy  score"
"ELSA","ELSA_UK/UKDA-5050-stata/stata/stata13_se/gh_elsa_h.dta","r9bwc20","r9bwc20:w9 r Backwards Counting From 20"
"ELSA","ELSA_UK/UKDA-5050-stata/stata/stata13_se/gh_elsa_h.dta","r9ser7","r9ser7:w9 R serial 7s"
"ELSA","ELSA_UK/UKDA-5050-stata/stata/stata13_se/gh_elsa_h.dta","r9scis","r9scis:w9 r object naming scissors"
"ELSA","ELSA_UK/UKDA-5050-stata/stata/stata13_se/gh_elsa_h.dta","r9cact","r9cact:w9 r object naming cactus"
"ELSA","ELSA_UK/UKDA-5050-stata/stata/stata13_se/gh_elsa_h.dta","r9mnrc","r9mnrc:w9 r current monarch"
"ELSA","ELSA_UK/UKDA-5050-stata/stata/stata13_se/gh_elsa_h.dta","r9pm","r9pm:w9 r current prime minister"
"ELSA","ELSA_UK/UKDA-5050-stata/stata/stata13_se/gh_elsa_h.dta","r9pres","r9pres:w9 r current US president"
"ELSA","ELSA_UK/UKDA-5050-stata/stata/stata13_se/gh_elsa_h.dta","r9ciqscore1","r9ciqscore1:w9 r JORM family/friend details"
"ELSA","ELSA_UK/UKDA-5050-stata/stata/stata13_se/gh_elsa_h.dta","r9ciqscore2","r9ciqscore2:w9 r JORM recent events"
"ELSA","ELSA_UK/UKDA-5050-stata/stata/stata13_se/gh_elsa_h.dta","r9ciqscore3","r9ciqscore3:w9 r JORM recent conversations"
"ELSA","ELSA_UK/UKDA-5050-stata/stata/stata13_se/gh_elsa_h.dta","r9ciqscore4","r9ciqscore4:w9 r JORM address and telephone number"
"ELSA","ELSA_UK/UKDA-5050-stata/stata/stata13_se/gh_elsa_h.dta","r9ciqscore5","r9ciqscore5:w9 r JORM day and month"
"ELSA","ELSA_UK/UKDA-5050-stata/stata/stata13_se/gh_elsa_h.dta","r9ciqscore6","r9ciqscore6:w9 r JORM where things are usually kept"
"ELSA","ELSA_UK/UKDA-5050-stata/stata/stata13_se/gh_elsa_h.dta","r9ciqscore7","r9ciqscore7:w9 r JORM where to find things"
"ELSA","ELSA_UK/UKDA-5050-stata/stata/stata13_se/gh_elsa_h.dta","r9ciqscore8","r9ciqscore8:w9 r JORM work familiar machines"
"ELSA","ELSA_UK/UKDA-5050-stata/stata/stata13_se/gh_elsa_h.dta","r9ciqscore9","r9ciqscore9:w9 r JORM new gadget or machine"
"ELSA","ELSA_UK/UKDA-5050-stata/stata/stata13_se/gh_elsa_h.dta","r9ciqscore10","r9ciqscore10:w9 r JORM new things in general"
"ELSA","ELSA_UK/UKDA-5050-stata/stata/stata13_se/gh_elsa_h.dta","r9ciqscore11","r9ciqscore11:w9 r JORM story in a book or on TV"
"ELSA","ELSA_UK/UKDA-5050-stata/stata/stata13_se/gh_elsa_h.dta","r9ciqscore12","r9ciqscore12:w9 r JORM making decisions on everyday matters"
"ELSA","ELSA_UK/UKDA-5050-stata/stata/stata13_se/gh_elsa_h.dta","r9ciqscore13","r9ciqscore13:w9 r JORM handling money for shopping"
"ELSA","ELSA_UK/UKDA-5050-stata/stata/stata13_se/gh_elsa_h.dta","r9ciqscore14","r9ciqscore14:w9 r JORM handling financial matters"
"ELSA","ELSA_UK/UKDA-5050-stata/stata/stata13_se/gh_elsa_h.dta","r9ciqscore15","r9ciqscore15:w9 r JORM handling other everyday arithmetic problems"
"ELSA","ELSA_UK/UKDA-5050-stata/stata/stata13_se/gh_elsa_h.dta","r9ciqscore16","r9ciqscore16:w9 r JORM reason things through"
"ELSA","ELSA_UK/UKDA-5050-stata/stata/stata13_se/gh_elsa_h.dta","r9cjormscore","r9cjormscore:w9 r JORM average score"
"ELSA","ELSA_UK/UKDA-5050-stata/stata/stata13_se/gh_elsa_h.dta","r9hownrnt","r9hownrnt:w9 whether r owns home"
"ELSA","ELSA_UK/UKDA-5050-stata/stata/stata13_se/gh_elsa_h.dta","r9itearn","r9itearn:w9 income: r employment earnings (after tax)"
"ELSA","ELSA_UK/UKDA-5050-stata/stata/stata13_se/gh_elsa_h.dta","r9itifearn","r9itifearn:w9 impflag: r employment earnings"
"ELSA","ELSA_UK/UKDA-5050-stata/stata/stata13_se/gh_elsa_h.dta","r9itpena","r9itpena:w9 income: r pension + annuity (after tax)"
"ELSA","ELSA_UK/UKDA-5050-stata/stata/stata13_se/gh_elsa_h.dta","r9itifpena","r9itifpena:w9 impflag: r pension + annuity"
"ELSA","ELSA_UK/UKDA-5050-stata/stata/stata13_se/gh_elsa_h.dta","r9issdi","r9issdi:w9 income: r public disability pension"
"ELSA","ELSA_UK/UKDA-5050-stata/stata/stata13_se/gh_elsa_h.dta","r9ifssdi","r9ifssdi:w9 impflag: r public disability pension"
"ELSA","ELSA_UK/UKDA-5050-stata/stata/stata13_se/gh_elsa_h.dta","r9isret","r9isret:w9 income: r public old-age pension"
"ELSA","ELSA_UK/UKDA-5050-stata/stata/stata13_se/gh_elsa_h.dta","r9ifsret","r9ifsret:w9 incflag: r public old-age pension"
"ELSA","ELSA_UK/UKDA-5050-stata/stata/stata13_se/gh_elsa_h.dta","r9ipubpen","r9ipubpen:w9 income: r public pensions"
"ELSA","ELSA_UK/UKDA-5050-stata/stata/stata13_se/gh_elsa_h.dta","r9ifpubpen","r9ifpubpen:w9 impflag: r public pensions"
"ELSA","ELSA_UK/UKDA-5050-stata/stata/stata13_se/gh_elsa_h.dta","r9igxfr","r9igxfr:w9 income: r other gov transfers"
"ELSA","ELSA_UK/UKDA-5050-stata/stata/stata13_se/gh_elsa_h.dta","r9ifgxfr","r9ifgxfr:w9 impflag: r other gov transfers"
"ELSA","ELSA_UK/UKDA-5050-stata/stata/stata13_se/gh_elsa_h.dta","r9dau","r9dau:w9 R Number of living daughters"
"ELSA","ELSA_UK/UKDA-5050-stata/stata/stata13_se/gh_elsa_h.dta","r9son","r9son:w9 R Number of living sons"
"ELSA","ELSA_UK/UKDA-5050-stata/stata/stata13_se/gh_elsa_h.dta","r9child","r9child:w9 R Number of living children"
"ELSA","ELSA_UK/UKDA-5050-stata/stata/stata13_se/gh_elsa_h.dta","r9grchilda","r9grchilda:w9 R number of grandchildren/great-grandchildren"
"ELSA","ELSA_UK/UKDA-5050-stata/stata/stata13_se/gh_elsa_h.dta","r9livsib","r9livsib:w9 R Number of living siblings"
"ELSA","ELSA_UK/UKDA-5050-stata/stata/stata13_se/gh_elsa_h.dta","r9momliv","r9momliv:w9 R mother alive"
"ELSA","ELSA_UK/UKDA-5050-stata/stata/stata13_se/gh_elsa_h.dta","r9dadliv","r9dadliv:w9 R father alive"
"ELSA","ELSA_UK/UKDA-5050-stata/stata/stata13_se/gh_elsa_h.dta","r9livpar","r9livpar:w9 R Number of living parents"
"ELSA","ELSA_UK/UKDA-5050-stata/stata/stata13_se/gh_elsa_h.dta","r9momage","r9momage:w9 R mother age current/at death"
"ELSA","ELSA_UK/UKDA-5050-stata/stata/stata13_se/gh_elsa_h.dta","r9dadage","r9dadage:w9 R father age current/at death"
"ELSA","ELSA_UK/UKDA-5050-stata/stata/stata13_se/gh_elsa_h.dta","r9kcntf","r9kcntf:w9 R any weekly contact w/ children in person"
"ELSA","ELSA_UK/UKDA-5050-stata/stata/stata13_se/gh_elsa_h.dta","r9kcntpm","r9kcntpm:w9 R any weekly contact w/ children-phone/email"
"ELSA","ELSA_UK/UKDA-5050-stata/stata/stata13_se/gh_elsa_h.dta","r9kcnt","r9kcnt:w9 R any weekly contact w/ children in person/phone/email"
"ELSA","ELSA_UK/UKDA-5050-stata/stata/stata13_se/gh_elsa_h.dta","r9kcntf1m","r9kcntf1m:w9 R any monthly contact w/ children in person"
"ELSA","ELSA_UK/UKDA-5050-stata/stata/stata13_se/gh_elsa_h.dta","r9kcntpm1m","r9kcntpm1m:w9 R any monthly contact w/ children-phone/email"
"ELSA","ELSA_UK/UKDA-5050-stata/stata/stata13_se/gh_elsa_h.dta","r9kcnt1m","r9kcnt1m:w9 R any monthly contact w/ children in person/phone/email"
"ELSA","ELSA_UK/UKDA-5050-stata/stata/stata13_se/gh_elsa_h.dta","r9rcntf","r9rcntf:w9 R any weekly contact w/ relative in person"
"ELSA","ELSA_UK/UKDA-5050-stata/stata/stata13_se/gh_elsa_h.dta","r9rcntpm","r9rcntpm:w9 R any weekly contact w/ relative-phone/email"
"ELSA","ELSA_UK/UKDA-5050-stata/stata/stata13_se/gh_elsa_h.dta","r9rcnt","r9rcnt:w9 R any weekly contact w/ relative in person/phone/email"
"ELSA","ELSA_UK/UKDA-5050-stata/stata/stata13_se/gh_elsa_h.dta","r9rcntf1m","r9rcntf1m:w9 R any monthly contact w/ relative in person"
"ELSA","ELSA_UK/UKDA-5050-stata/stata/stata13_se/gh_elsa_h.dta","r9rcntpm1m","r9rcntpm1m:w9 R any monthly contact w/ relative-phone/email"
"ELSA","ELSA_UK/UKDA-5050-stata/stata/stata13_se/gh_elsa_h.dta","r9rcnt1m","r9rcnt1m:w9 R any monthly contact w/ relative in person/phone/email"
"ELSA","ELSA_UK/UKDA-5050-stata/stata/stata13_se/gh_elsa_h.dta","r9fcntf","r9fcntf:w9 R any weekly contact w/ friend in person"
"ELSA","ELSA_UK/UKDA-5050-stata/stata/stata13_se/gh_elsa_h.dta","r9fcntpm","r9fcntpm:w9 R any weekly contact w/ friend phone/email"
"ELSA","ELSA_UK/UKDA-5050-stata/stata/stata13_se/gh_elsa_h.dta","r9fcnt","r9fcnt:w9 R any weekly contact w/ friend in person/phone/email"
"ELSA","ELSA_UK/UKDA-5050-stata/stata/stata13_se/gh_elsa_h.dta","r9fcntf1m","r9fcntf1m:w9 R any monthly contact w/ friend in person"
"ELSA","ELSA_UK/UKDA-5050-stata/stata/stata13_se/gh_elsa_h.dta","r9fcntpm1m","r9fcntpm1m:w9 R any monthly contact w/ friend phone/email"
"ELSA","ELSA_UK/UKDA-5050-stata/stata/stata13_se/gh_elsa_h.dta","r9fcnt1m","r9fcnt1m:w9 R any monthly contact w/ friend in person/phone/email"
"ELSA","ELSA_UK/UKDA-5050-stata/stata/stata13_se/gh_elsa_h.dta","r9rfcntf","r9rfcntf:w9 R any weekly contact w/ relative or friend in person"
"ELSA","ELSA_UK/UKDA-5050-stata/stata/stata13_se/gh_elsa_h.dta","r9rfcntpm","r9rfcntpm:w9 R any weekly contact w/ relative or friend via phone/email"
"ELSA","ELSA_UK/UKDA-5050-stata/stata/stata13_se/gh_elsa_h.dta","r9rfcnt","r9rfcnt:w9 R any weekly contact w/ relative or friend in person/phone/email"
"ELSA","ELSA_UK/UKDA-5050-stata/stata/stata13_se/gh_elsa_h.dta","r9rfcntf1m","r9rfcntf:w9 R any monthly contact w/ relative or friend in person"
"ELSA","ELSA_UK/UKDA-5050-stata/stata/stata13_se/gh_elsa_h.dta","r9rfcntpm1m","r9rfcntpm1m:w9 R any monthly contact w/ relative or friend via phone/email"
"ELSA","ELSA_UK/UKDA-5050-stata/stata/stata13_se/gh_elsa_h.dta","r9rfcnt1m","r9rfcnt1m:w9 R any monthly contact w/ relative or friend in person/phone/email"
"ELSA","ELSA_UK/UKDA-5050-stata/stata/stata13_se/gh_elsa_h.dta","r9socyr","r9socyr:w9 R participate in social activities"
"ELSA","ELSA_UK/UKDA-5050-stata/stata/stata13_se/gh_elsa_h.dta","r9work","r9work:w9 R working for pay"
"ELSA","ELSA_UK/UKDA-5050-stata/stata/stata13_se/gh_elsa_h.dta","r9work2","r9work2:w9 R Works at 2nd job"
"ELSA","ELSA_UK/UKDA-5050-stata/stata/stata13_se/gh_elsa_h.dta","r9slfemp","r9slfemp:w9 r Whether Self-Employed"
"ELSA","ELSA_UK/UKDA-5050-stata/stata/stata13_se/gh_elsa_h.dta","r9lbrf_e","r9lbrf_e:w9 R labor force status"
"ELSA","ELSA_UK/UKDA-5050-stata/stata/stata13_se/gh_elsa_h.dta","r9inlbrf","r9inlbrf:w9 =1 if r is in the labor force"
"ELSA","ELSA_UK/UKDA-5050-stata/stata/stata13_se/gh_elsa_h.dta","r9unemp","r9unemp:w9 =1 if r is unemployed"
"ELSA","ELSA_UK/UKDA-5050-stata/stata/stata13_se/gh_elsa_h.dta","r9jhours","r9jhours:w9 r Hours worked/week main job"
"ELSA","ELSA_UK/UKDA-5050-stata/stata/stata13_se/gh_elsa_h.dta","r9jhour2_e","r9jhour2_e:w9 r Hours worked/week 2nd job"
"ELSA","ELSA_UK/UKDA-5050-stata/stata/stata13_se/gh_elsa_h.dta","r9jweeks_e","r9jweeks_e:w9 r Weeks worked/year"
"ELSA","ELSA_UK/UKDA-5050-stata/stata/stata13_se/gh_elsa_h.dta","r9twgihr","r9twgihr:w9 r Imputed Wage Rate-Hrly, after tax"
"ELSA","ELSA_UK/UKDA-5050-stata/stata/stata13_se/gh_elsa_h.dta","r9twgiwk","r9twgiwk:w9 r Imputed Wage Rate-Wkly, after tax"
"ELSA","ELSA_UK/UKDA-5050-stata/stata/stata13_se/gh_elsa_h.dta","r9twgfhr","r9twgfhr:w9 r Impute Flag Wage Rate-Hrly, after tax"
"ELSA","ELSA_UK/UKDA-5050-stata/stata/stata13_se/gh_elsa_h.dta","r9twgfwk","r9twgfwk:w9 r Impute Flag Wage Rate-Wkly, after tax"
"ELSA","ELSA_UK/UKDA-5050-stata/stata/stata13_se/gh_elsa_h.dta","r9fsize_e","r9fsize_e:w9 r firm size"
"ELSA","ELSA_UK/UKDA-5050-stata/stata/stata13_se/gh_elsa_h.dta","r9csize_e","r9csize_e:w9 r company size"
"ELSA","ELSA_UK/UKDA-5050-stata/stata/stata13_se/gh_elsa_h.dta","r9jphysl","r9jphysl:w9 r Level of phys effort required in cur job"
"ELSA","ELSA_UK/UKDA-5050-stata/stata/stata13_se/gh_elsa_h.dta","r9nssec8","r9nssec8:w9 r current job classification, 8 cat"
"ELSA","ELSA_UK/UKDA-5050-stata/stata/stata13_se/gh_elsa_h.dta","r9soc2000","r9soc2000:w9 r cur job occup/2000 soc coding"
"ELSA","ELSA_UK/UKDA-5050-stata/stata/stata13_se/gh_elsa_h.dta","r9jrsleft","r9jrsleft:w9 r main reason for stopping working"
"ELSA","ELSA_UK/UKDA-5050-stata/stata/stata13_se/gh_elsa_h.dta","r9jrsaway","r9jrsaway:w9 r reason away from work"
"ELSA","ELSA_UK/UKDA-5050-stata/stata/stata13_se/gh_elsa_h.dta","r9looknwk","r9looknwk:w9 r looking for new job (if in labor force)"
"ELSA","ELSA_UK/UKDA-5050-stata/stata/stata13_se/gh_elsa_h.dta","r9jrswleav","r9jrswleav:w9 r main reason want to leave current job"
"ELSA","ELSA_UK/UKDA-5050-stata/stata/stata13_se/gh_elsa_h.dta","r9retemp","r9retemp:w9 whether R retired"
"ELSA","ELSA_UK/UKDA-5050-stata/stata/stata13_se/gh_elsa_h.dta","r9retage","r9retage:w9 R retirement age"
"ELSA","ELSA_UK/UKDA-5050-stata/stata/stata13_se/gh_elsa_h.dta","r9retrs","r9retrs:w9 r main reason for retiring"
"ELSA","ELSA_UK/UKDA-5050-stata/stata/stata13_se/gh_elsa_h.dta","r9earlyret","r9earlyret:w9 R took early retirement"
"ELSA","ELSA_UK/UKDA-5050-stata/stata/stata13_se/gh_elsa_h.dta","r9oeret","r9oeret:w9 R offered early retirement"
"ELSA","ELSA_UK/UKDA-5050-stata/stata/stata13_se/gh_elsa_h.dta","r9oeretage","r9oeretage:w9 R age offered early retirement"
"ELSA","ELSA_UK/UKDA-5050-stata/stata/stata13_se/gh_elsa_h.dta","r9oretwrk","r9oretwrk:w9 R had opportunity to work past retirement"
"ELSA","ELSA_UK/UKDA-5050-stata/stata/stata13_se/gh_elsa_h.dta","r9rplnya","r9rplnya:w9 R expected retirement year"
"ELSA","ELSA_UK/UKDA-5050-stata/stata/stata13_se/gh_elsa_h.dta","r9liv10","r9liv10:w9 R probability of living to 75-120"
"ELSA","ELSA_UK/UKDA-5050-stata/stata/stata13_se/gh_elsa_h.dta","r9liv10a","r9liv10a:w9 R age used in live 75-120"
"ELSA","ELSA_UK/UKDA-5050-stata/stata/stata13_se/gh_elsa_h.dta","r9liv85","r9liv85:w9 R probability of living to age 85"
"ELSA","ELSA_UK/UKDA-5050-stata/stata/stata13_se/gh_elsa_h.dta","r9inher","r9inher:w9 R probability of receiving an inheritance"
"ELSA","ELSA_UK/UKDA-5050-stata/stata/stata13_se/gh_elsa_h.dta","r9beq50p","r9beq50p:w9 R probability of leaving bequest 50K+"
"ELSA","ELSA_UK/UKDA-5050-stata/stata/stata13_se/gh_elsa_h.dta","r9beq150p","r9beq150p:w9 R probability of leaving bequest 150K+"
"ELSA","ELSA_UK/UKDA-5050-stata/stata/stata13_se/gh_elsa_h.dta","r9workat","r9workat:w9 R probability of working full time after age"
"ELSA","ELSA_UK/UKDA-5050-stata/stata/stata13_se/gh_elsa_h.dta","r9workata","r9workata:w9 R age used in probability of working full time"
"ELSA","ELSA_UK/UKDA-5050-stata/stata/stata13_se/gh_elsa_h.dta","r9workl65","r9workl65:w9 R probability of work limiting health problem"
"ELSA","ELSA_UK/UKDA-5050-stata/stata/stata13_se/gh_elsa_h.dta","r9pnhm5y","r9pnhm5y:w9 R probability move to nursing home in next 5 years"
"ELSA","ELSA_UK/UKDA-5050-stata/stata/stata13_se/gh_elsa_h.dta","r9pubpen","r9pubpen:w9 r receives public pension"
"ELSA","ELSA_UK/UKDA-5050-stata/stata/stata13_se/gh_elsa_h.dta","r9peninc","r9peninc:w9 r current receiving private pension income"
"ELSA","ELSA_UK/UKDA-5050-stata/stata/stata13_se/gh_elsa_h.dta","r9peninm","r9peninm:w9 # private pensions r currently receives income"
"ELSA","ELSA_UK/UKDA-5050-stata/stata/stata13_se/gh_elsa_h.dta","r9jcpen","r9jcpen:w9 r any pension from current job"
"ELSA","ELSA_UK/UKDA-5050-stata/stata/stata13_se/gh_elsa_h.dta","r9penct","r9penct:w9 r # pensions from current job"
"ELSA","ELSA_UK/UKDA-5050-stata/stata/stata13_se/gh_elsa_h.dta","r9ptyp1","r9ptyp1:w9 r current pension type #1"
"ELSA","ELSA_UK/UKDA-5050-stata/stata/stata13_se/gh_elsa_h.dta","r9ptyp2","r9ptyp2:w9 r current pension type #2"
"ELSA","ELSA_UK/UKDA-5050-stata/stata/stata13_se/gh_elsa_h.dta","r9ptyp3","r9ptyp3:w9 r current pension type #3"
"ELSA","ELSA_UK/UKDA-5050-stata/stata/stata13_se/gh_elsa_h.dta","r9wspeed1","r9wspeed1:w9 r time for walking speed test 1(sec)"
"ELSA","ELSA_UK/UKDA-5050-stata/stata/stata13_se/gh_elsa_h.dta","r9wspeed2","r9wspeed2:w9 r time for walking speed test 2(sec)"
"ELSA","ELSA_UK/UKDA-5050-stata/stata/stata13_se/gh_elsa_h.dta","r9wspeed","r9wspeed:w9 r average time for walking speed test(sec)"
"ELSA","ELSA_UK/UKDA-5050-stata/stata/stata13_se/gh_elsa_h.dta","r9walkcomp","r9walkcomp:w9 r willing and able to complete walking speed test"
"ELSA","ELSA_UK/UKDA-5050-stata/stata/stata13_se/gh_elsa_h.dta","r9walkflr","r9walkflr:w9 floor surface r's walking speed test"
"ELSA","ELSA_UK/UKDA-5050-stata/stata/stata13_se/gh_elsa_h.dta","r9walkaid","r9walkaid:w9 type aid used during r's walking speed test"
"ELSA","ELSA_UK/UKDA-5050-stata/stata/stata13_se/gh_elsa_h.dta","r9walkpain","r9walkpain:w9 r had pain during walking speed test"
"ELSA","ELSA_UK/UKDA-5050-stata/stata/stata13_se/gh_elsa_h.dta","r9walksft","r9walksft:w9 r didn't complete walking: unsafe/health reason"
"ELSA","ELSA_UK/UKDA-5050-stata/stata/stata13_se/gh_elsa_h.dta","r9walkref","r9walkref:w9 r didn't complete walking: refused"
"ELSA","ELSA_UK/UKDA-5050-stata/stata/stata13_se/gh_elsa_h.dta","r9walktryu","r9walktryu:w9 r didn't complete walking: tried but unable"
"ELSA","ELSA_UK/UKDA-5050-stata/stata/stata13_se/gh_elsa_h.dta","r9walkequp","r9walkequp:w9 r didn't complete walking: faulty equipment/no suitable space"
"ELSA","ELSA_UK/UKDA-5050-stata/stata/stata13_se/gh_elsa_h.dta","r9walkothr","r9walkothr:w9 r didn't complete walking: other reason"
"ELSA","ELSA_UK/UKDA-5050-stata/stata/stata13_se/gh_elsa_h.dta","r9mweight","r9mweight:w9 r weight measurement in kilograms"
"ELSA","ELSA_UK/UKDA-5050-stata/stata/stata13_se/gh_elsa_h.dta","r9mweightf","r9mweightf:w9 r weight measurement - flag"
"ELSA","ELSA_UK/UKDA-5050-stata/stata/stata13_se/gh_elsa_h.dta","r9wtcomp","r9wtcomp:w9 r willing and able to complete weight measurement"
"ELSA","ELSA_UK/UKDA-5050-stata/stata/stata13_se/gh_elsa_h.dta","r9wtflr_e","r9wtflr_e:w9 r floor surface weight measurement"
"ELSA","ELSA_UK/UKDA-5050-stata/stata/stata13_se/gh_elsa_h.dta","r9wghtsft","r9wghtsft:w9 r didn't complete weight: unsafe/health reason"
"ELSA","ELSA_UK/UKDA-5050-stata/stata/stata13_se/gh_elsa_h.dta","r9wghtref","r9wghtref:w9 r didn't complete weight: refused"
"ELSA","ELSA_UK/UKDA-5050-stata/stata/stata13_se/gh_elsa_h.dta","r9wghttryu","r9wghttryu:w9 r didn't complete weight: tried but unable"
"ELSA","ELSA_UK/UKDA-5050-stata/stata/stata13_se/gh_elsa_h.dta","r9wghtequp","r9wghtequp:w9 r didn't complete weight: faulty equipment"
"ELSA","ELSA_UK/UKDA-5050-stata/stata/stata13_se/gh_elsa_h.dta","r9wghtothr","r9wghtothr:w9 r didn't complete weight: other reason"
"ELSA","ELSA_UK/UKDA-5050-stata/stata/stata13_se/gh_elsa_h.dta","r9dresshlp","r9dresshlp:w9 whether anyone helps r dress"
"ELSA","ELSA_UK/UKDA-5050-stata/stata/stata13_se/gh_elsa_h.dta","r9walkhlp","r9walkhlp:w9 whether anyone helps r walk"
"ELSA","ELSA_UK/UKDA-5050-stata/stata/stata13_se/gh_elsa_h.dta","r9bathehlp","r9bathehlp:w9 whether anyone helps r bathe"
"ELSA","ELSA_UK/UKDA-5050-stata/stata/stata13_se/gh_elsa_h.dta","r9eathlp","r9eathlp:w9 whether anyone helps r eat"
"ELSA","ELSA_UK/UKDA-5050-stata/stata/stata13_se/gh_elsa_h.dta","r9bedhlp","r9bedhlp:w9 whether anyone helps r get in/out of bed"
"ELSA","ELSA_UK/UKDA-5050-stata/stata/stata13_se/gh_elsa_h.dta","r9toilethlp","r9toilethlp:w9 whether anyone helps r use the toilet"
"ELSA","ELSA_UK/UKDA-5050-stata/stata/stata13_se/gh_elsa_h.dta","r9shophlp","r9shophlp:w9 whether anyone helps r with grocery shopping"
"ELSA","ELSA_UK/UKDA-5050-stata/stata/stata13_se/gh_elsa_h.dta","r9medhlp","r9medhlp:w9 whether anyone helps r with taking medication"
"ELSA","ELSA_UK/UKDA-5050-stata/stata/stata13_se/gh_elsa_h.dta","r9hswkhlp","r9hswkhlp:w9 whether anyone helps r with housework"
"ELSA","ELSA_UK/UKDA-5050-stata/stata/stata13_se/gh_elsa_h.dta","r9moneyhlp","r9moneyhlp:w9 whether anyone helps r with managing money"
"ELSA","ELSA_UK/UKDA-5050-stata/stata/stata13_se/gh_elsa_h.dta","r9walkre","r9walkre:w9 r uses walking aid"
"ELSA","ELSA_UK/UKDA-5050-stata/stata/stata13_se/gh_elsa_h.dta","r9eate","r9eate:w9 r uses eating aid"
"ELSA","ELSA_UK/UKDA-5050-stata/stata/stata13_se/gh_elsa_h.dta","r9rcany_e","r9rcany_e:w9 r receives any care"
"ELSA","ELSA_UK/UKDA-5050-stata/stata/stata13_se/gh_elsa_h.dta","r9racany","r9racany:w9 r receives any care for adls"
"ELSA","ELSA_UK/UKDA-5050-stata/stata/stata13_se/gh_elsa_h.dta","r9ricany","r9ricany:w9 r receives any care for iadls"
"ELSA","ELSA_UK/UKDA-5050-stata/stata/stata13_se/gh_elsa_h.dta","r9rcany","r9rcany:w9 r receives any care for adls/iadls"
"ELSA","ELSA_UK/UKDA-5050-stata/stata/stata13_se/gh_elsa_h.dta","r9rcaany_e","r9rcaany_e:w9 r receives any informal care"
"ELSA","ELSA_UK/UKDA-5050-stata/stata/stata13_se/gh_elsa_h.dta","r9rscare_e","r9rscare_e:w9 r receives informal care from spouse"
"ELSA","ELSA_UK/UKDA-5050-stata/stata/stata13_se/gh_elsa_h.dta","r9rscarehpw_e","r9rscarehpw_e:w9 hours/week spouse helps r"
"ELSA","ELSA_UK/UKDA-5050-stata/stata/stata13_se/gh_elsa_h.dta","r9rscarehpwm_e","r9rscarehpwm_e:w9 r spouse missing hours/week of help"
"ELSA","ELSA_UK/UKDA-5050-stata/stata/stata13_se/gh_elsa_h.dta","r9rccare_e","r9rccare_e:w9 r receives informal care from kids/grandkids"
"ELSA","ELSA_UK/UKDA-5050-stata/stata/stata13_se/gh_elsa_h.dta","r9rccaren_e","r9rccaren_e:w9 # kids/grandkids who help r"
"ELSA","ELSA_UK/UKDA-5050-stata/stata/stata13_se/gh_elsa_h.dta","r9rccarehpw_e","r9rccarehpw_e:w9 hours/week kids/grandkids help r"
"ELSA","ELSA_UK/UKDA-5050-stata/stata/stata13_se/gh_elsa_h.dta","r9rccarehpwm_e","r9rccarehpwm_e:w9 r kids/grandkids missing hours/week of help"
"ELSA","ELSA_UK/UKDA-5050-stata/stata/stata13_se/gh_elsa_h.dta","r9rrcare_e","r9rrcare_e:w9 r receives informal care from relatives"
"ELSA","ELSA_UK/UKDA-5050-stata/stata/stata13_se/gh_elsa_h.dta","r9rrcaren_e","r9rrcaren_e:w9 # relatives who help r"
"ELSA","ELSA_UK/UKDA-5050-stata/stata/stata13_se/gh_elsa_h.dta","r9rrcarehpw_e","r9rrcarehpw_e:w9 hours/week relatives help r"
"ELSA","ELSA_UK/UKDA-5050-stata/stata/stata13_se/gh_elsa_h.dta","r9rrcarehpwm_e","r9rrcarehpwm_e:w9 r relatives missing hours/week of help"
"ELSA","ELSA_UK/UKDA-5050-stata/stata/stata13_se/gh_elsa_h.dta","r9rfcare_e","r9rfcare_e:w9 r receives informal care from non-relatives"
"ELSA","ELSA_UK/UKDA-5050-stata/stata/stata13_se/gh_elsa_h.dta","r9rfcaren_e","r9rfcaren_e:w9 # non-relatives who help r"
"ELSA","ELSA_UK/UKDA-5050-stata/stata/stata13_se/gh_elsa_h.dta","r9rfcarehpw_e","r9rfcarehpw_e:w9 hours/week non-relatives help r"
"ELSA","ELSA_UK/UKDA-5050-stata/stata/stata13_se/gh_elsa_h.dta","r9rfcarehpwm_e","r9rfcarehpwm_e:w9 r non-relatives missing hours/week of help"
"ELSA","ELSA_UK/UKDA-5050-stata/stata/stata13_se/gh_elsa_h.dta","r9rfaany_e","r9rfaany_e:w9 r receives any formal care"
"ELSA","ELSA_UK/UKDA-5050-stata/stata/stata13_se/gh_elsa_h.dta","r9rpfcare_e","r9rpfcare_e:w9 r receives formal care from paid professional"
"ELSA","ELSA_UK/UKDA-5050-stata/stata/stata13_se/gh_elsa_h.dta","r9rpfcaren_e","r9rpfcaren_e:w9 # paid professionals who help r"
"ELSA","ELSA_UK/UKDA-5050-stata/stata/stata13_se/gh_elsa_h.dta","r9rpfcarehpw_e","r9rpfcarehpw_e:w9 hours/week paid professionals help r"
"ELSA","ELSA_UK/UKDA-5050-stata/stata/stata13_se/gh_elsa_h.dta","r9rpfcarehpwm_e","r9rpfcarehpwm_e:w9 r paid professionals missing hours/week of help"
"ELSA","ELSA_UK/UKDA-5050-stata/stata/stata13_se/gh_elsa_h.dta","r9rufcare_e","r9rufcare_e:w9 r receives formal care from unpaid professionals"
"ELSA","ELSA_UK/UKDA-5050-stata/stata/stata13_se/gh_elsa_h.dta","r9rufcaren_e","r9rufcaren_e:w9 # unpaid professionals who help r"
"ELSA","ELSA_UK/UKDA-5050-stata/stata/stata13_se/gh_elsa_h.dta","r9rufcarehpw_e","r9rufcarehpw_e:w9 hours/week unpaid professionals help r"
"ELSA","ELSA_UK/UKDA-5050-stata/stata/stata13_se/gh_elsa_h.dta","r9rufcarehpwm_e","r9rufcarehpwm_e:w9 r unpaid professionals missing hours/week of help"
"ELSA","ELSA_UK/UKDA-5050-stata/stata/stata13_se/gh_elsa_h.dta","r9hlppdn_e","r9hlppdn_e:w9 r # paid helpers"
"ELSA","ELSA_UK/UKDA-5050-stata/stata/stata13_se/gh_elsa_h.dta","r9hlppdin_e","r9hlppdin_e:w9 r # helpers govt helps pay"
"ELSA","ELSA_UK/UKDA-5050-stata/stata/stata13_se/gh_elsa_h.dta","r9hlppdamt_e","r9hlppdamt_e:w9 r oop cost for help"
"ELSA","ELSA_UK/UKDA-5050-stata/stata/stata13_se/gh_elsa_h.dta","r9rcaremt_e","r9rcaremt_e:w9 how often care meets r's needs"
"ELSA","ELSA_UK/UKDA-5050-stata/stata/stata13_se/gh_elsa_h.dta","r9gcare1m","r9gcare1m:w9 r provided any informal care last month"
"ELSA","ELSA_UK/UKDA-5050-stata/stata/stata13_se/gh_elsa_h.dta","r9gcare1w","r9gcare1w:w9 r provided any informal care last week"
"ELSA","ELSA_UK/UKDA-5050-stata/stata/stata13_se/gh_elsa_h.dta","r9gscare1w","r9gscare1w:w9 r provided informal care to spouse last week"
"ELSA","ELSA_UK/UKDA-5050-stata/stata/stata13_se/gh_elsa_h.dta","r9gccare1w","r9gccare1w:w9 r provided informal care to children last week"
"ELSA","ELSA_UK/UKDA-5050-stata/stata/stata13_se/gh_elsa_h.dta","r9gccaren1w","r9gccaren1w:w9 # children r provided informal care to last week"
"ELSA","ELSA_UK/UKDA-5050-stata/stata/stata13_se/gh_elsa_h.dta","r9gkcare1w","r9gkcare1w:w9 r provided informal care to grandchildren last week"
"ELSA","ELSA_UK/UKDA-5050-stata/stata/stata13_se/gh_elsa_h.dta","r9gkcaren1w","r9gkcaren1w:w9 # grandchildren r provided informal care to last week"
"ELSA","ELSA_UK/UKDA-5050-stata/stata/stata13_se/gh_elsa_h.dta","r9grcare1w","r9grcare1w:w9 r provided informal care to relatives last week"
"ELSA","ELSA_UK/UKDA-5050-stata/stata/stata13_se/gh_elsa_h.dta","r9grcaren1w","r9grcaren1w:w9 # relatives r provided informal care to last week"
"ELSA","ELSA_UK/UKDA-5050-stata/stata/stata13_se/gh_elsa_h.dta","r9gfcare1w","r9gfcare1w:w9 r provided informal care to non-relatives last week"
"ELSA","ELSA_UK/UKDA-5050-stata/stata/stata13_se/gh_elsa_h.dta","r9gfcaren1w","r9gfcaren1w:w9 # non-relatives r provided informal care to last week"
"ELSA","ELSA_UK/UKDA-5050-stata/stata/stata13_se/gh_elsa_h.dta","r9gicare1w","r9gicare1w:w9 r provided care to someone in hhold last week"
"ELSA","ELSA_UK/UKDA-5050-stata/stata/stata13_se/gh_elsa_h.dta","r9gcarehpw","r9gcarehpw:w9 # hours r provided care last week"
"ELSA","ELSA_UK/UKDA-5050-stata/stata/stata13_se/gh_elsa_h.dta","r9gcaresat","r9gcaresat:w9 r satisfied with gains from caring"
"ELSA","ELSA_UK/UKDA-5050-stata/stata/stata13_se/gh_elsa_h.dta","r9gcareapp","r9gcareapp:w9 r receives adequate appreciation for caring"
"ELSA","ELSA_UK/UKDA-5050-stata/stata/stata13_se/gh_elsa_h.dta","r9gcaresck","r9gcaresck:w9 r provides informal care to long-term sick/disabled person"
"ELSA","ELSA_UK/UKDA-5050-stata/stata/stata13_se/gh_elsa_h.dta","r9gcaresckn","r9gcaresckn:w9 # long-term sick/disabled people r provides care to"
"ELSA","ELSA_UK/UKDA-5050-stata/stata/stata13_se/gh_elsa_h.dta","r9gcaresckhpw","r9gcaresckhpw:w9 hours/week r provides care to long-term sick/disabled people"
"ELSA","ELSA_UK/UKDA-5050-stata/stata/stata13_se/gh_elsa_h.dta","r9satjob","r9satjob:w9 whether r is satisfied with job"
"ELSA","ELSA_UK/UKDA-5050-stata/stata/stata13_se/gh_elsa_h.dta","r9demand","r9demand:w9 whether r's job is physically demanding"
"ELSA","ELSA_UK/UKDA-5050-stata/stata/stata13_se/gh_elsa_h.dta","r9deserve","r9deserve:w9 whether r received deserved recognition from work"
"ELSA","ELSA_UK/UKDA-5050-stata/stata/stata13_se/gh_elsa_h.dta","r9salary","r9salary:w9 whether r's salary is adequate"
"ELSA","ELSA_UK/UKDA-5050-stata/stata/stata13_se/gh_elsa_h.dta","r9promot","r9promot:w9 whether r's job promotion prospects are poor"
"ELSA","ELSA_UK/UKDA-5050-stata/stata/stata13_se/gh_elsa_h.dta","r9secure","r9secure:w9 whether r's job security is poor"
"ELSA","ELSA_UK/UKDA-5050-stata/stata/stata13_se/gh_elsa_h.dta","r9timepre","r9timepre:w9 whether r is under constant time pressure due to a heavy workload"
"ELSA","ELSA_UK/UKDA-5050-stata/stata/stata13_se/gh_elsa_h.dta","r9ltlfree","r9ltlfree:w9 whether r has very little freedom to do work"
"ELSA","ELSA_UK/UKDA-5050-stata/stata/stata13_se/gh_elsa_h.dta","r9nskills","r9nskills:w9 whether r has the opportunity to develop new skills"
"ELSA","ELSA_UK/UKDA-5050-stata/stata/stata13_se/gh_elsa_h.dta","r9support","r9support:w9 whether r received adequate support in difficult situations"
"ELSA","ELSA_UK/UKDA-5050-stata/stata/stata13_se/gh_elsa_h.dta","r9control","r9control:w9 whether r feels control over what happens in most situations"
"ELSA","ELSA_UK/UKDA-5050-stata/stata/stata13_se/gh_elsa_h.dta","r9workfast","r9workfast:w9 whether r has to work very fast"
"ELSA","ELSA_UK/UKDA-5050-stata/stata/stata13_se/gh_elsa_h.dta","r9jobsum","r9jobsum:w9 r's job stress summary mean score"
"ELSA","ELSA_UK/UKDA-5050-stata/stata/stata13_se/gh_elsa_h.dta","r9jobsumm","r9jobsumm:w9 missings in r's job stress summary mean score"
"ELSA","ELSA_UK/UKDA-5050-stata/stata/stata13_se/gh_elsa_h.dta","r9complac","r9complac:w9 how often r feels lack of companionship"
"ELSA","ELSA_UK/UKDA-5050-stata/stata/stata13_se/gh_elsa_h.dta","r9leftout","r9leftout:w9 how often r feels left out"
"ELSA","ELSA_UK/UKDA-5050-stata/stata/stata13_se/gh_elsa_h.dta","r9isolate","r9isolate:w9 how often r feels isolated from others"
"ELSA","ELSA_UK/UKDA-5050-stata/stata/stata13_se/gh_elsa_h.dta","r9intune","r9intune:w9 how often r feels in tune with the people around"
"ELSA","ELSA_UK/UKDA-5050-stata/stata/stata13_se/gh_elsa_h.dta","r9lonely","r9lonely:w9 how often r feels lonely"
"ELSA","ELSA_UK/UKDA-5050-stata/stata/stata13_se/gh_elsa_h.dta","r9lnlys3","r9lnlys3:w9 r's 3-item loneliness summary mean score"
"ELSA","ELSA_UK/UKDA-5050-stata/stata/stata13_se/gh_elsa_h.dta","r9lnlys3m","r9lnlys3m:w9 missings in r's 3-item loneliness summary mean score"
"ELSA","ELSA_UK/UKDA-5050-stata/stata/stata13_se/gh_elsa_h.dta","r9lnlys","r9lnlys:w9 r's 4-item loneliness summary mean score"
"ELSA","ELSA_UK/UKDA-5050-stata/stata/stata13_se/gh_elsa_h.dta","r9lnlysm","r9lnlysm:w9 missings in r's 4-item loneliness summary mean score"
"ELSA","ELSA_UK/UKDA-5050-stata/stata/stata13_se/gh_elsa_h.dta","r9lnlys5","r9lnlys5:w9 r's 5-item loneliness summary mean score"
"ELSA","ELSA_UK/UKDA-5050-stata/stata/stata13_se/gh_elsa_h.dta","r9lnlys5m","r9lnlys5m:w9 missings in r's 5-item loneliness summary mean score"
"ELSA","ELSA_UK/UKDA-5050-stata/stata/stata13_se/gh_elsa_h.dta","r9sustdfe","r9sustdfe:w9 r thinks spouse understands the way they feel"
"ELSA","ELSA_UK/UKDA-5050-stata/stata/stata13_se/gh_elsa_h.dta","r9srely","r9srely:w9 r can rely on spouse for a serious problem"
"ELSA","ELSA_UK/UKDA-5050-stata/stata/stata13_se/gh_elsa_h.dta","r9sopenup","r9sopenup:w9 r can open up their worries to spouse"
"ELSA","ELSA_UK/UKDA-5050-stata/stata/stata13_se/gh_elsa_h.dta","r9sdemand","r9sdemand:w9 spouse puts too many demands on r"
"ELSA","ELSA_UK/UKDA-5050-stata/stata/stata13_se/gh_elsa_h.dta","r9scritze","r9scritze:w9 how much spouse criticizes r"
"ELSA","ELSA_UK/UKDA-5050-stata/stata/stata13_se/gh_elsa_h.dta","r9sletdow","r9sletdow:w9 spouse let r down when counting on"
"ELSA","ELSA_UK/UKDA-5050-stata/stata/stata13_se/gh_elsa_h.dta","r9sgetnev","r9sgetnev:w9 spouse gets on r's nerves"
"ELSA","ELSA_UK/UKDA-5050-stata/stata/stata13_se/gh_elsa_h.dta","r9ssupport6","r9ssupport6:w9 r's lack of spouse support 6-item score"
"ELSA","ELSA_UK/UKDA-5050-stata/stata/stata13_se/gh_elsa_h.dta","r9ssupport6m","r9ssupport6m:w9 missings in r's lack of spouse support 6-item score"
"ELSA","ELSA_UK/UKDA-5050-stata/stata/stata13_se/gh_elsa_h.dta","r9ssupport","r9ssupport:w9 r's lack of spouse support 7-item score"
"ELSA","ELSA_UK/UKDA-5050-stata/stata/stata13_se/gh_elsa_h.dta","r9ssupportm","r9ssupportm:w9 missings in r's lack of spouse support 7-item score"
"ELSA","ELSA_UK/UKDA-5050-stata/stata/stata13_se/gh_elsa_h.dta","r9kustdfe","r9kustdfe:w9 r thinks children understand the way they feel"
"ELSA","ELSA_UK/UKDA-5050-stata/stata/stata13_se/gh_elsa_h.dta","r9krely","r9krely:w9 r can rely on children for a serious problem"
"ELSA","ELSA_UK/UKDA-5050-stata/stata/stata13_se/gh_elsa_h.dta","r9kopenup","r9kopenup:w9 r can open up their worries to children"
"ELSA","ELSA_UK/UKDA-5050-stata/stata/stata13_se/gh_elsa_h.dta","r9kdemand","r9kdemand:w9 children put too many demands on r"
"ELSA","ELSA_UK/UKDA-5050-stata/stata/stata13_se/gh_elsa_h.dta","r9kcritze","r9kcritze:w9 how much children criticize r"
"ELSA","ELSA_UK/UKDA-5050-stata/stata/stata13_se/gh_elsa_h.dta","r9kletdow","r9kletdow:w9 children let r down when counting on them"
"ELSA","ELSA_UK/UKDA-5050-stata/stata/stata13_se/gh_elsa_h.dta","r9kgetnev","r9kgetnev:w9 children get on r's nerves"
"ELSA","ELSA_UK/UKDA-5050-stata/stata/stata13_se/gh_elsa_h.dta","r9ksupport6","r9ksupport6:w9 r's lack of children support 6-item score"
"ELSA","ELSA_UK/UKDA-5050-stata/stata/stata13_se/gh_elsa_h.dta","r9ksupport6m","r9ksupport6m:w9 missings in r's lack of children support 6-item score"
"ELSA","ELSA_UK/UKDA-5050-stata/stata/stata13_se/gh_elsa_h.dta","r9ksupport","r9ksupport:w9 r's lack of children support 7-item score"
"ELSA","ELSA_UK/UKDA-5050-stata/stata/stata13_se/gh_elsa_h.dta","r9ksupportm","r9ksupportm:w9 missings in r's lack of children support 7-item score"
"ELSA","ELSA_UK/UKDA-5050-stata/stata/stata13_se/gh_elsa_h.dta","r9oustdfe","r9oustdfe:w9 r thinks other family members understand the way they feel"
"ELSA","ELSA_UK/UKDA-5050-stata/stata/stata13_se/gh_elsa_h.dta","r9orely","r9orely:w9 r can rely on other family members for a serious problem"
"ELSA","ELSA_UK/UKDA-5050-stata/stata/stata13_se/gh_elsa_h.dta","r9oopenup","r9oopenup:w9 r can open up their worries to other family members"
"ELSA","ELSA_UK/UKDA-5050-stata/stata/stata13_se/gh_elsa_h.dta","r9odemand","r9odemand:w9 other family members put too many demands on r"
"ELSA","ELSA_UK/UKDA-5050-stata/stata/stata13_se/gh_elsa_h.dta","r9ocritze","r9ocritze:w9 how much other family members criticize r"
"ELSA","ELSA_UK/UKDA-5050-stata/stata/stata13_se/gh_elsa_h.dta","r9oletdow","r9oletdow:w9 other family members let r down when counting on them"
"ELSA","ELSA_UK/UKDA-5050-stata/stata/stata13_se/gh_elsa_h.dta","r9ogetnev","r9ogetnev:w9 other family members get on r's nerves"
"ELSA","ELSA_UK/UKDA-5050-stata/stata/stata13_se/gh_elsa_h.dta","r9osupport6","r9osupport6:w9 r's lack of other family members support 6-item score"
"ELSA","ELSA_UK/UKDA-5050-stata/stata/stata13_se/gh_elsa_h.dta","r9osupport6m","r9osupport6m:w9 missings r lack other family members support 6-item score"
"ELSA","ELSA_UK/UKDA-5050-stata/stata/stata13_se/gh_elsa_h.dta","r9osupport","r9osupport:w9 r's lack of other family members support 7-item score"
"ELSA","ELSA_UK/UKDA-5050-stata/stata/stata13_se/gh_elsa_h.dta","r9osupportm","r9osupportm:w9 missings r lack other family members support 7-item score"
"ELSA","ELSA_UK/UKDA-5050-stata/stata/stata13_se/gh_elsa_h.dta","r9fustdfe","r9fustdfe:w9 r thinks friends understand the way they feel"
"ELSA","ELSA_UK/UKDA-5050-stata/stata/stata13_se/gh_elsa_h.dta","r9frely","r9frely:w9 r can rely on friends for a serious problem"
"ELSA","ELSA_UK/UKDA-5050-stata/stata/stata13_se/gh_elsa_h.dta","r9fopenup","r9fopenup:w9 r can open up their worries to friends"
"ELSA","ELSA_UK/UKDA-5050-stata/stata/stata13_se/gh_elsa_h.dta","r9fdemand","r9fdemand:w9 friends put too many demands on r"
"ELSA","ELSA_UK/UKDA-5050-stata/stata/stata13_se/gh_elsa_h.dta","r9fcritze","r9fcritze:w9 how much friends criticize r"
"ELSA","ELSA_UK/UKDA-5050-stata/stata/stata13_se/gh_elsa_h.dta","r9fletdow","r9fletdow:w9 friends let r down when counting on them"
"ELSA","ELSA_UK/UKDA-5050-stata/stata/stata13_se/gh_elsa_h.dta","r9fgetnev","r9fgetnev:w9 friends gets on r's nerves"
"ELSA","ELSA_UK/UKDA-5050-stata/stata/stata13_se/gh_elsa_h.dta","r9fsupport6","r9fsupport6:w9 r's lack of friends support 6-item score"
"ELSA","ELSA_UK/UKDA-5050-stata/stata/stata13_se/gh_elsa_h.dta","r9fsupport6m","r9fsupport6m:w9 missings in r's lack of friends support 6-item score"
"ELSA","ELSA_UK/UKDA-5050-stata/stata/stata13_se/gh_elsa_h.dta","r9fsupport","r9fsupport:w9 r's lack of friends support 7-item score"
"ELSA","ELSA_UK/UKDA-5050-stata/stata/stata13_se/gh_elsa_h.dta","r9fsupportm","r9fsupportm:w9 missings in r's lack of friends support 7-item score"
"ELSA","ELSA_UK/UKDA-5050-stata/stata/stata13_se/gh_elsa_h.dta","r9lifein","r9lifein:w9 R covered by life insurance"
"ELSA","ELSA_UK/UKDA-5050-stata/stata/stata13_se/gh_elsa_h.dta","r9lifeinv","r9lifeinv:w9 R value life insurance policies"
"ELSA","ELSA_UK/UKDA-5050-stata/stata/stata13_se/gh_elsa_h.dta","r9depres","r9depres:w9 r CESD: Felt depressed (0,1)"
"ELSA","ELSA_UK/UKDA-5050-stata/stata/stata13_se/gh_elsa_h.dta","r9effort","r9effort:w9 r CESD: Everything an effort (0,1)"
"ELSA","ELSA_UK/UKDA-5050-stata/stata/stata13_se/gh_elsa_h.dta","r9sleepr","r9sleepr:w9 r CESD: Sleep was restless (0,1)"
"ELSA","ELSA_UK/UKDA-5050-stata/stata/stata13_se/gh_elsa_h.dta","r9whappy","r9whappy:w9 r CESD: Was happy (0,1)"
"ELSA","ELSA_UK/UKDA-5050-stata/stata/stata13_se/gh_elsa_h.dta","r9flone","r9flone:w9 r CESD: Felt lonely (0,1)"
"ELSA","ELSA_UK/UKDA-5050-stata/stata/stata13_se/gh_elsa_h.dta","r9fsad","r9fsad:w9 r CESD: Felt sad (0,1)"
"ELSA","ELSA_UK/UKDA-5050-stata/stata/stata13_se/gh_elsa_h.dta","r9going","r9going:w9 r CESD: Could not get going (0,1)"
"ELSA","ELSA_UK/UKDA-5050-stata/stata/stata13_se/gh_elsa_h.dta","r9enlife","r9enlife:w9 r CESD: Enjoyed life (0,1)"
"ELSA","ELSA_UK/UKDA-5050-stata/stata/stata13_se/gh_elsa_h.dta","r9cesd","r9cesd:w9 r CESD Score"
"ELSA","ELSA_UK/UKDA-5050-stata/stata/stata13_se/gh_elsa_h.dta","r9cesdm","r9cesdm:w9 r missings in CESD score"
"ELSA","ELSA_UK/UKDA-5050-stata/stata/stata13_se/gh_elsa_h.dta","r9lideal","r9lideal:w9 r life is close to ideal 7-point"
"ELSA","ELSA_UK/UKDA-5050-stata/stata/stata13_se/gh_elsa_h.dta","r9lexcl","r9lexcl:w9 r life conditions are excellent 7-point"
"ELSA","ELSA_UK/UKDA-5050-stata/stata/stata13_se/gh_elsa_h.dta","r9lstsf","r9lstsf:w9 r satisfied with life 7-point"
"ELSA","ELSA_UK/UKDA-5050-stata/stata/stata13_se/gh_elsa_h.dta","r9limptt","r9limptt:w9 r gotten important things in life 7-point"
"ELSA","ELSA_UK/UKDA-5050-stata/stata/stata13_se/gh_elsa_h.dta","r9lchnot","r9lchnot:w9 r change almost nothing if lived again 7-point"
"ELSA","ELSA_UK/UKDA-5050-stata/stata/stata13_se/gh_elsa_h.dta","r9lideal3","r9lideal3:w9 r life is close to ideal 3-point"
"ELSA","ELSA_UK/UKDA-5050-stata/stata/stata13_se/gh_elsa_h.dta","r9lexcl3","r9lexcl3:w9 r life conditions are excellent 3-point"
"ELSA","ELSA_UK/UKDA-5050-stata/stata/stata13_se/gh_elsa_h.dta","r9lstsf3","r9lstsf3:w9 r satisfied with life 3-point"
"ELSA","ELSA_UK/UKDA-5050-stata/stata/stata13_se/gh_elsa_h.dta","r9limptt3","r9limptt3:w9 r gotten important things in life 3-point"
"ELSA","ELSA_UK/UKDA-5050-stata/stata/stata13_se/gh_elsa_h.dta","r9lchnot3","r9lchnot3:w9 r change almost nothing if lived again 3-point"
"ELSA","ELSA_UK/UKDA-5050-stata/stata/stata13_se/gh_elsa_h.dta","r9lsatsc","r9lsatsc:w9 r satisfaction with life scale score (7pt)"
"ELSA","ELSA_UK/UKDA-5050-stata/stata/stata13_se/gh_elsa_h.dta","r9lsatscm","r9lsatscm:w9 r satisfaction with life scale score missings (7pt)"
"ELSA","ELSA_UK/UKDA-5050-stata/stata/stata13_se/gh_elsa_h.dta","r9lsatsc3","r9lsatsc3:w9 r satisfaction with life scale score (3pt)"
"ELSA","ELSA_UK/UKDA-5050-stata/stata/stata13_se/gh_elsa_h.dta","r9lsatsc3m","r9lsatsc3m:w9 r satisfaction with life scale score missings (3pt)"
"ELSA","ELSA_UK/UKDA-5050-stata/stata/stata13_se/gh_elsa_h.dta","r9satlife_e","r9satlife_e:w9 r satisfaction with life"
"ELSA","ELSA_UK/UKDA-5050-stata/stata/stata13_se/gh_elsa_h.dta","r9satlifez","r9satlifez:w9 r satisfaction with life z-score"
"ELSA","ELSA_UK/UKDA-5050-stata/stata/stata13_se/gh_elsa_h.dta","r9cantril","r9cantril:w9 r cantril ladder rating"
"ELSA","ELSA_UK/UKDA-5050-stata/stata/stata13_se/gh_elsa_h.dta","r9ageprv","r9ageprv:w9 CASP: age prevents r from doing things they like"
"ELSA","ELSA_UK/UKDA-5050-stata/stata/stata13_se/gh_elsa_h.dta","r9outcon","r9outcon:w9 CASP: r what happens is out of my control"
"ELSA","ELSA_UK/UKDA-5050-stata/stata/stata13_se/gh_elsa_h.dta","r9freepln","r9freepln:w9 CASP: r feels free to plan for future"
"ELSA","ELSA_UK/UKDA-5050-stata/stata/stata13_se/gh_elsa_h.dta","r9flftout","r9flftout:w9 CASP: r feels left out of things"
"ELSA","ELSA_UK/UKDA-5050-stata/stata/stata13_se/gh_elsa_h.dta","r9cando","r9cando:w9 CASP: r can do things they want to do"
"ELSA","ELSA_UK/UKDA-5050-stata/stata/stata13_se/gh_elsa_h.dta","r9famprv","r9famprv:w9 CASP: family responsibility prevents r from doing what they want"
"ELSA","ELSA_UK/UKDA-5050-stata/stata/stata13_se/gh_elsa_h.dta","r9plsslf","r9plsslf:w9 CASP: r can please themself with what they do"
"ELSA","ELSA_UK/UKDA-5050-stata/stata/stata13_se/gh_elsa_h.dta","r9hlthstp","r9hlthstp:w9 CASP: health stops r from doing what they want"
"ELSA","ELSA_UK/UKDA-5050-stata/stata/stata13_se/gh_elsa_h.dta","r9mshtge","r9mshtge:w9 CASP: money shortage stops r from doing things they want"
"ELSA","ELSA_UK/UKDA-5050-stata/stata/stata13_se/gh_elsa_h.dta","r9lookfwd","r9lookfwd:w9 CASP: r looks forward to each day"
"ELSA","ELSA_UK/UKDA-5050-stata/stata/stata13_se/gh_elsa_h.dta","r9lfemean","r9lfemean:w9 CASP: r feels life has meaning"
"ELSA","ELSA_UK/UKDA-5050-stata/stata/stata13_se/gh_elsa_h.dta","r9enjdo","r9enjdo:w9 CASP: r enjoys things they do"
"ELSA","ELSA_UK/UKDA-5050-stata/stata/stata13_se/gh_elsa_h.dta","r9enjcmpny","r9enjcmpny:w9 CASP: r enjoys being in company of others"
"ELSA","ELSA_UK/UKDA-5050-stata/stata/stata13_se/gh_elsa_h.dta","r9snshappy","r9snshappy:w9 CASP: r looks back on life with sense of happiness"
"ELSA","ELSA_UK/UKDA-5050-stata/stata/stata13_se/gh_elsa_h.dta","r9fenerg","r9fenerg:w9 CASP: r feels full of energy"
"ELSA","ELSA_UK/UKDA-5050-stata/stata/stata13_se/gh_elsa_h.dta","r9chsnth","r9chsnth:w9 CASP: r chooses things never done before"
"ELSA","ELSA_UK/UKDA-5050-stata/stata/stata13_se/gh_elsa_h.dta","r9lftrnout","r9lftrnout:w9 CASP: r feels satisfied the way life turned out"
"ELSA","ELSA_UK/UKDA-5050-stata/stata/stata13_se/gh_elsa_h.dta","r9lifeopp","r9lifeopp:w9 CASP: r life is full of opportunities"
"ELSA","ELSA_UK/UKDA-5050-stata/stata/stata13_se/gh_elsa_h.dta","r9futregd","r9futregd:w9 CASP: r feels future looks good for them"
"ELSA","ELSA_UK/UKDA-5050-stata/stata/stata13_se/gh_elsa_h.dta","r9cntrlndx6","r9cntrlndx6:w9 CASP: r 6-item control index"
"ELSA","ELSA_UK/UKDA-5050-stata/stata/stata13_se/gh_elsa_h.dta","r9cntrlndx5","r9cntrlndx5:w9 CASP: r 5-item control index"
"ELSA","ELSA_UK/UKDA-5050-stata/stata/stata13_se/gh_elsa_h.dta","r9autondx5","r9autondx5:w9 CASP: r 5-item autonomy index"
"ELSA","ELSA_UK/UKDA-5050-stata/stata/stata13_se/gh_elsa_h.dta","r9autondx3","r9autondx3:w9 CASP: r 3-item autonomy index"
"ELSA","ELSA_UK/UKDA-5050-stata/stata/stata13_se/gh_elsa_h.dta","r9plsrndx4","r9plsrndx4:w9 CASP: r 4-item pleasure index"
"ELSA","ELSA_UK/UKDA-5050-stata/stata/stata13_se/gh_elsa_h.dta","r9plsrndx2","r9plsrndx2:w9 CASP: r 2-item pleasure index"
"ELSA","ELSA_UK/UKDA-5050-stata/stata/stata13_se/gh_elsa_h.dta","r9slfrlndx4","r9slfrlndx4:w9 CASP: r 4-item self-realization index"
"ELSA","ELSA_UK/UKDA-5050-stata/stata/stata13_se/gh_elsa_h.dta","r9slfrlndx2","r9slfrlndx2:w9 CASP: r 2-item self-realization index"
"ELSA","ELSA_UK/UKDA-5050-stata/stata/stata13_se/gh_elsa_h.dta","r9casp19","r9casp19:w9 CASP: r 19-item total index"
"ELSA","ELSA_UK/UKDA-5050-stata/stata/stata13_se/gh_elsa_h.dta","r9casp12","r9casp12:w9 CASP: r 12-item total index"
"ELSA","ELSA_UK/UKDA-5050-stata/stata/stata13_se/gh_elsa_h.dta","r9casp12a","r9casp12a:w9 CASP: r 12-item total index, alternate"
"ELSA","ELSA_UK/UKDA-5050-stata/stata/stata13_se/gh_elsa_h.dta","r9drday","r9drday:w9 r day reconstruction day of week"
"ELSA","ELSA_UK/UKDA-5050-stata/stata/stata13_se/gh_elsa_h.dta","r9drwaketm","r9drwaketm:w9 r day reconstruction time woke up"
"ELSA","ELSA_UK/UKDA-5050-stata/stata/stata13_se/gh_elsa_h.dta","r9drsleeptm","r9drsleeptm:w9 r day reconstruction time went to sleep"
"ELSA","ELSA_UK/UKDA-5050-stata/stata/stata13_se/gh_elsa_h.dta","r9drwlrstd","r9drwlrstd:w9 r day reconstruction felt well-rested in am"
"ELSA","ELSA_UK/UKDA-5050-stata/stata/stata13_se/gh_elsa_h.dta","r9drnrmlday","r9drnrmlday:w9 r day reconstruction normal day"
"ELSA","ELSA_UK/UKDA-5050-stata/stata/stata13_se/gh_elsa_h.dta","r9ydhappy_e","r9ydhappy_e:w9 how happy r felt yesterday"
"ELSA","ELSA_UK/UKDA-5050-stata/stata/stata13_se/gh_elsa_h.dta","r9ydpain","r9ydpain:w9 amount pain r felt yesterday"
"ELSA","ELSA_UK/UKDA-5050-stata/stata/stata13_se/gh_elsa_h.dta","r9wtchtv","r9wtchtv:w9 r watched tv yesterday"
"ELSA","ELSA_UK/UKDA-5050-stata/stata/stata13_se/gh_elsa_h.dta","r9wtchtvmn","r9wtchtvmn:w9 minutes r watched tv yesterday"
"ELSA","ELSA_UK/UKDA-5050-stata/stata/stata13_se/gh_elsa_h.dta","r9wkvlntr","r9wkvlntr:w9 r worked or volunteered yesterday"
"ELSA","ELSA_UK/UKDA-5050-stata/stata/stata13_se/gh_elsa_h.dta","r9wkvlntrmn","r9wkvlntrmn:w9 minutes r worked or volunteered yesterday"
"ELSA","ELSA_UK/UKDA-5050-stata/stata/stata13_se/gh_elsa_h.dta","r9walkex","r9walkex:w9 r walked or exercised yesterday"
"ELSA","ELSA_UK/UKDA-5050-stata/stata/stata13_se/gh_elsa_h.dta","r9walkexmn","r9walkexmn:w9 minutes r walked or exercised yesterday"
"ELSA","ELSA_UK/UKDA-5050-stata/stata/stata13_se/gh_elsa_h.dta","r9hlthac","r9hlthac:w9 r did health-related activity yesterday"
"ELSA","ELSA_UK/UKDA-5050-stata/stata/stata13_se/gh_elsa_h.dta","r9hlthacmn","r9hlthacmn:w9 minutes r did health-related activity yesterday"
"ELSA","ELSA_UK/UKDA-5050-stata/stata/stata13_se/gh_elsa_h.dta","r9trvlcom","r9trvlcom:w9 r traveled or commuted yesterday"
"ELSA","ELSA_UK/UKDA-5050-stata/stata/stata13_se/gh_elsa_h.dta","r9trvlcommn","r9trvlcommn:w9 minutes r traveled or commuted yesterday"
"ELSA","ELSA_UK/UKDA-5050-stata/stata/stata13_se/gh_elsa_h.dta","r9tmfrnd","r9tmfrnd:w9 r spent time with friends yesterday"
"ELSA","ELSA_UK/UKDA-5050-stata/stata/stata13_se/gh_elsa_h.dta","r9tmfrndmn","r9tmfrndmn:w9 minutes r spent with friends yesterday"
"ELSA","ELSA_UK/UKDA-5050-stata/stata/stata13_se/gh_elsa_h.dta","r9tmself","r9tmself:w9 r spent time home by themself yesterday"
"ELSA","ELSA_UK/UKDA-5050-stata/stata/stata13_se/gh_elsa_h.dta","r9tmselfmn","r9tmselfmn:w9 minutes r spent home by themself yesterday"
"ELSA","ELSA_UK/UKDA-5050-stata/stata/stata13_se/gh_elsa_h.dta","r9oappsra","r9oappsra:w9 Pub OA Benefit: R individual statutory retirement age"
"ELSA","ELSA_UK/UKDA-5050-stata/stata/stata13_se/gh_elsa_h.dta","r9totcny","r9totcny:w9 Pub OA Benefit: R total contribution history"
"ELSA","ELSA_UK/UKDA-5050-stata/stata/stata13_se/gh_elsa_h.dta","r9oappcnye","r9oappcnye:w9 Pub OA Benefit: R whether reached min contribution requirement"
"ELSA","ELSA_UK/UKDA-5050-stata/stata/stata13_se/gh_elsa_h.dta","r9oappelig","r9oappelig:w9 Pub OA Benefit: R eligibility for benefits"
"ELSA","ELSA_UK/UKDA-5050-stata/stata/stata13_se/gh_elsa_h.dta","r9oappbenmax","r9oappbenmax:w9 Pub OA Benefit: R highest fraction of benefits"
"ELSA","ELSA_UK/UKDA-5050-stata/stata/stata13_se/gh_elsa_h.dta","r9oappgender","r9oappgender:w9 Pub OA Benefit: existence of eligibility gender diff"
"ELSA","ELSA_UK/UKDA-5050-stata/stata/stata13_se/gh_elsa_h.dta","r9oappidx","r9oappidx:w9 Pub OA Benefit: indexation of pension benefits"
"SHARE","SHARE_Europe/GH_SHARE_g.dta","r2lang_s","r2lang_s:w2 r language of interview"
"SHARE","SHARE_Europe/GH_SHARE_g.dta","r2iwstat","r2iwstat:w2 r interview status"
"SHARE","SHARE_Europe/GH_SHARE_g.dta","r2wtsamp","r2wtsamp:w2 design weight"
"SHARE","SHARE_Europe/GH_SHARE_g.dta","r2wthh","r2wthh:w2 household analysis weight"
"SHARE","SHARE_Europe/GH_SHARE_g.dta","r2wtresp","r2wtresp:w2 person-level analysis weight"
"SHARE","SHARE_Europe/GH_SHARE_g.dta","r2finr","r2finr:w2 whether r financial resp"
"SHARE","SHARE_Europe/GH_SHARE_g.dta","r2hhr","r2hhr:w2 whether r hh resp"
"SHARE","SHARE_Europe/GH_SHARE_g.dta","r2famr","r2famr:w2 whether r family resp"
"SHARE","SHARE_Europe/GH_SHARE_g.dta","r2proxy","r2proxy:w2 whether r proxy interview"
"SHARE","SHARE_Europe/GH_SHARE_g.dta","r2iwm","r2iwm:w2 r interview month"
"SHARE","SHARE_Europe/GH_SHARE_g.dta","r2iwy","r2iwy:w2 r interview year"
"SHARE","SHARE_Europe/GH_SHARE_g.dta","r2agey","r2agey:w2 r age (years) at ivw"
"SHARE","SHARE_Europe/GH_SHARE_g.dta","r2agem","r2agem:w2 r age (months) at ivw"
"SHARE","SHARE_Europe/GH_SHARE_g.dta","r2mstat","r2mstat:w2 r marital status w/partners, filled"
"SHARE","SHARE_Europe/GH_SHARE_g.dta","r2mpart","r2mpart:w2 r implied partnership status"
"SHARE","SHARE_Europe/GH_SHARE_g.dta","r2mstath","r2mstath:w2 r marital status"
"SHARE","SHARE_Europe/GH_SHARE_g.dta","r2mcurln","r2mcurln:w2 r length of current marriage"
"SHARE","SHARE_Europe/GH_SHARE_g.dta","r2nhmliv","r2nhmliv:w2 R Live in Nurs home at interview"
"SHARE","SHARE_Europe/GH_SHARE_g.dta","r2shlt","r2shlt:w2 R self-report of health"
"SHARE","SHARE_Europe/GH_SHARE_g.dta","r2hlthlma","r2hlthlma:w2 R hlth problem limits activities"
"SHARE","SHARE_Europe/GH_SHARE_g.dta","r2hlthlm","r2hlthlm:w2 R hlth problem limits work"
"SHARE","SHARE_Europe/GH_SHARE_g.dta","r2walkra","r2walkra:w2 R Some Diff-Walk across room"
"SHARE","SHARE_Europe/GH_SHARE_g.dta","r2dressa","r2dressa:w2 R Some Diff-Dressing"
"SHARE","SHARE_Europe/GH_SHARE_g.dta","r2batha","r2batha:w2 R Some Diff-Bathing, shower"
"SHARE","SHARE_Europe/GH_SHARE_g.dta","r2eata","r2eata:w2 R Some Diff-Eating"
"SHARE","SHARE_Europe/GH_SHARE_g.dta","r2beda","r2beda:w2 R Some Diff-Get in/out bed"
"SHARE","SHARE_Europe/GH_SHARE_g.dta","r2toilta","r2toilta:w2 R Some Diff-Using the toilet"
"SHARE","SHARE_Europe/GH_SHARE_g.dta","r2phonea","r2phonea:w2 R Some Diff-Use telephone"
"SHARE","SHARE_Europe/GH_SHARE_g.dta","r2medsa","r2medsa:w2 R Some Diff-Take medications"
"SHARE","SHARE_Europe/GH_SHARE_g.dta","r2moneya","r2moneya:w2 R Some Diff-Managing money"
"SHARE","SHARE_Europe/GH_SHARE_g.dta","r2shopa","r2shopa:w2 R Some Diff-Shop for grocery"
"SHARE","SHARE_Europe/GH_SHARE_g.dta","r2mealsa","r2mealsa:w2 R Some Diff-Prepare hot meal"
"SHARE","SHARE_Europe/GH_SHARE_g.dta","r2mapa","r2mapa:w2 R Some Diff-Use a map"
"SHARE","SHARE_Europe/GH_SHARE_g.dta","r2housewka","r2housewka:w2 R some diff-doing work around house"
"SHARE","SHARE_Europe/GH_SHARE_g.dta","r2walk100a","r2walk100a:w2 R Some Diff-Walk 100m"
"SHARE","SHARE_Europe/GH_SHARE_g.dta","r2sita","r2sita:w2 R Some Diff-Sit for 2 hours"
"SHARE","SHARE_Europe/GH_SHARE_g.dta","r2chaira","r2chaira:w2 R Some Diff-Get up fr chair"
"SHARE","SHARE_Europe/GH_SHARE_g.dta","r2climsa","r2climsa:w2 R Some Diff-Clmb sev flt str"
"SHARE","SHARE_Europe/GH_SHARE_g.dta","r2clim1a","r2clim1a:w2 R Some Diff-Clmb 1 flt str"
"SHARE","SHARE_Europe/GH_SHARE_g.dta","r2lifta","r2lifta:w2 R Some Diff-Lift/carry 10lbs"
"SHARE","SHARE_Europe/GH_SHARE_g.dta","r2stoopa","r2stoopa:w2 R Some Diff-Stoop/Kneel/Crch"
"SHARE","SHARE_Europe/GH_SHARE_g.dta","r2armsa","r2armsa:w2 R Some Diff-Rch/xtnd arms up"
"SHARE","SHARE_Europe/GH_SHARE_g.dta","r2pusha","r2pusha:w2 R Some Diff-Push/pull lg obj"
"SHARE","SHARE_Europe/GH_SHARE_g.dta","r2dimea","r2dimea:w2 R Some Diff-Pick up a small coin"
"SHARE","SHARE_Europe/GH_SHARE_g.dta","r2adlwa","r2adlwa:w2 R Some Diff-ADLs:Wallace /0-3"
"SHARE","SHARE_Europe/GH_SHARE_g.dta","r2adlwam","r2adlwam:w2 R Missings in 3 ADL Wallace summary"
"SHARE","SHARE_Europe/GH_SHARE_g.dta","r2adlwaa","r2adlwaa:w2 Whether R Has Any Diff-Wallace 3 ADLs"
"SHARE","SHARE_Europe/GH_SHARE_g.dta","r2adla","r2adla:w2 R Some Diff-ADLs:Wallace /0-5"
"SHARE","SHARE_Europe/GH_SHARE_g.dta","r2adlam","r2adlam:w2 R Missings in 5 ADL Wallace Summary"
"SHARE","SHARE_Europe/GH_SHARE_g.dta","r2adlaa","r2adlaa:w2 Whether R Has Any Diff-Wallace 5 ADLs"
"SHARE","SHARE_Europe/GH_SHARE_g.dta","r2adlfive","r2adlfive:w2 R 5-item ADL Summary/0-5"
"SHARE","SHARE_Europe/GH_SHARE_g.dta","r2adlfivem","r2adlfivem:w2 R Missings in 5-item ADL Summary"
"SHARE","SHARE_Europe/GH_SHARE_g.dta","r2adlfivea","r2adlfivea:w2 Whether R Has Any Diff-5 ADLs"
"SHARE","SHARE_Europe/GH_SHARE_g.dta","r2adltot6","r2adltot6:w2 R Some Diff-ADLs /0-6"
"SHARE","SHARE_Europe/GH_SHARE_g.dta","r2adltot6m","r2adltot6m:w2 Missings in ADL summary"
"SHARE","SHARE_Europe/GH_SHARE_g.dta","r2adltot6a","r2adltot6a:w2 Whether R Has Any Diff-All ADLs"
"SHARE","SHARE_Europe/GH_SHARE_g.dta","r2iadla","r2iadla:w2 R Some Diff-IADLs: /0-3"
"SHARE","SHARE_Europe/GH_SHARE_g.dta","r2iadlam","r2iadlam:w2 R Missings in IADL 0-3 summary"
"SHARE","SHARE_Europe/GH_SHARE_g.dta","r2iadlaa","r2iadlaa:w2 Whether R Has Any Diff-3 IADLs"
"SHARE","SHARE_Europe/GH_SHARE_g.dta","r2iadlfour","r2iadlfour:w2 R Some Diff-IADLs/0-4"
"SHARE","SHARE_Europe/GH_SHARE_g.dta","r2iadlfourm","r2iadlfourm:w2 R Missings in IADL 0-4 Summary"
"SHARE","SHARE_Europe/GH_SHARE_g.dta","r2iadlfoura","r2iadlfoura:w2 Whether R Has Any Diff-4 IADLs"
"SHARE","SHARE_Europe/GH_SHARE_g.dta","r2iadlza","r2iadlza:w2 R Some Diff-IADLs: /0-5"
"SHARE","SHARE_Europe/GH_SHARE_g.dta","r2iadlzam","r2iadlzam:w2 R Missings in IADL 0-5 Summary"
"SHARE","SHARE_Europe/GH_SHARE_g.dta","r2iadlzaa","r2iadlzaa:w2 Whether R Has Any Diff-5 IADLs"
"SHARE","SHARE_Europe/GH_SHARE_g.dta","r2iadltot1_s","r2iadltot1_s:w2 R Any Diff-total IADLs/0-7"
"SHARE","SHARE_Europe/GH_SHARE_g.dta","r2iadltot1m_s","r2iadltot1m_s:w2 R Missings in 7 item total IADL Summary"
"SHARE","SHARE_Europe/GH_SHARE_g.dta","r2iadltot1a_s","r2iadltot1a_s:w2 Whether R Has Any Diff-7 total IADLs"
"SHARE","SHARE_Europe/GH_SHARE_g.dta","r2mobilb","r2mobilb:w2 R Some Diff-Mobility /0-4"
"SHARE","SHARE_Europe/GH_SHARE_g.dta","r2mobilbm","r2mobilbm:w2 R Missings in mobility summary"
"SHARE","SHARE_Europe/GH_SHARE_g.dta","r2mobilba","r2mobilba:w2 R Any Diff-Mobility / 0-4"
"SHARE","SHARE_Europe/GH_SHARE_g.dta","r2mobilsev","r2mobilsev:w2 R Some Diff-7 item mobility summary /0-7"
"SHARE","SHARE_Europe/GH_SHARE_g.dta","r2mobilsevm","r2mobilsevm:w2 R Missings in 7 item mobility summary"
"SHARE","SHARE_Europe/GH_SHARE_g.dta","r2mobilseva","r2mobilseva:w2 R Any Diff-7 item mobility summary /0-7"
"SHARE","SHARE_Europe/GH_SHARE_g.dta","r2lgmusa","r2lgmusa:w2 R Some Diff-Large muscle /0-4"
"SHARE","SHARE_Europe/GH_SHARE_g.dta","r2lgmusam","r2lgmusam:w2 R Missings in large muscle summary"
"SHARE","SHARE_Europe/GH_SHARE_g.dta","r2lgmusaa","r2lgmusaa:w2 R Any Diff-Large muscle /0-4"
"SHARE","SHARE_Europe/GH_SHARE_g.dta","r2grossa","r2grossa:w2 R Some Diff-Wk,rn,clmb,bd,bth /0-5"
"SHARE","SHARE_Europe/GH_SHARE_g.dta","r2grossam","r2grossam:w2 R Missings in wk,rn,clmb,bd,bth summary"
"SHARE","SHARE_Europe/GH_SHARE_g.dta","r2grossaa","r2grossaa:w2 R Any Diff-Wk,rn,clmb,bd,bth /0-5"
"SHARE","SHARE_Europe/GH_SHARE_g.dta","r2finea","r2finea:w2 R Some Diff-dime,eat,dress /0-3"
"SHARE","SHARE_Europe/GH_SHARE_g.dta","r2fineam","r2fineam:w2 R Missings in dime,eat,dress summary"
"SHARE","SHARE_Europe/GH_SHARE_g.dta","r2fineaa","r2fineaa:w2 R Any Diff-dime,eat,dress /0-3"
"SHARE","SHARE_Europe/GH_SHARE_g.dta","r2lowermob","r2lowermob:w2 R Some Diff-4 item lower body mobility summary /0-4"
"SHARE","SHARE_Europe/GH_SHARE_g.dta","r2lowermobm","r2lowermobm:w2 R Missings in 4 item lower body mobility summary"
"SHARE","SHARE_Europe/GH_SHARE_g.dta","r2lowermoba","r2lowermoba:w2 R Any Diff-4 item lower body mobility summary /0-4"
"SHARE","SHARE_Europe/GH_SHARE_g.dta","r2uppermob","r2uppermob:w2 R Some Diff-3 item upper body mobility summary /0-3"
"SHARE","SHARE_Europe/GH_SHARE_g.dta","r2uppermobm","r2uppermobm:w2 R Missings in 3 item upper body mobility summary"
"SHARE","SHARE_Europe/GH_SHARE_g.dta","r2uppermoba","r2uppermoba:w2 R Any Diff-3 item upper body mobility summary /0-3"
"SHARE","SHARE_Europe/GH_SHARE_g.dta","r2nagi10","r2nagi10:w2 R some diff-10 item NAGI score summary / 0-10"
"SHARE","SHARE_Europe/GH_SHARE_g.dta","r2nagi10m","r2nagi10m:w2 R missings in 10 item NAGI score summary"
"SHARE","SHARE_Europe/GH_SHARE_g.dta","r2nagi10a","r2nagi10a:w2 R Any Diff-10 item NAGI score summary /0-10"
"SHARE","SHARE_Europe/GH_SHARE_g.dta","r2nagi8","r2nagi8:w2 R some diff-8 item NAGI score summary/ 0-8"
"SHARE","SHARE_Europe/GH_SHARE_g.dta","r2nagi8m","r2nagi8m:w2 R missings in 8 item NAGI score summary"
"SHARE","SHARE_Europe/GH_SHARE_g.dta","r2nagi8a","r2nagi8a:w2 R Any Diff-8 item NAGI score summary /0-8"
"SHARE","SHARE_Europe/GH_SHARE_g.dta","r2hibpe","r2hibpe:w2 R ever had high blood pressure"
"SHARE","SHARE_Europe/GH_SHARE_g.dta","r2diabe","r2diabe:w2 R ever had diabetes"
"SHARE","SHARE_Europe/GH_SHARE_g.dta","r2cancre","r2cancre:w2 R ever had cancer"
"SHARE","SHARE_Europe/GH_SHARE_g.dta","r2cancrf","r2cancrf:w2 R cancer dispute flag"
"SHARE","SHARE_Europe/GH_SHARE_g.dta","r2lunge","r2lunge:w2 R ever had lung disease"
"SHARE","SHARE_Europe/GH_SHARE_g.dta","r2hearte","r2hearte:w2 R ever had heart problems"
"SHARE","SHARE_Europe/GH_SHARE_g.dta","r2heartf","r2heartf:w2 R heart problems dispute flag"
"SHARE","SHARE_Europe/GH_SHARE_g.dta","r2stroke","r2stroke:w2 R ever had stroke"
"SHARE","SHARE_Europe/GH_SHARE_g.dta","r2strokf","r2strokf:w2 R stroke dispute flag"
"SHARE","SHARE_Europe/GH_SHARE_g.dta","r2arthre","r2arthre:w2 R ever had arthritis"
"SHARE","SHARE_Europe/GH_SHARE_g.dta","r2psyche","r2psyche:w2 R ever had psych disorder"
"SHARE","SHARE_Europe/GH_SHARE_g.dta","r2asthmae","r2asthmae:w2 R ever had asthma"
"SHARE","SHARE_Europe/GH_SHARE_g.dta","r2respe","r2respe:w2 R ever had chronic lung disease or asthma"
"SHARE","SHARE_Europe/GH_SHARE_g.dta","r2osteoe","r2osteoe:w2 R ever had osteoporosis"
"SHARE","SHARE_Europe/GH_SHARE_g.dta","r2hchole","r2hchole:w2 R ever had high cholesterol"
"SHARE","SHARE_Europe/GH_SHARE_g.dta","r2parkine","r2parkine:w2 R ever had Parkinsons disease"
"SHARE","SHARE_Europe/GH_SHARE_g.dta","r2catracte","r2catracte:w2 R ever had cataracts"
"SHARE","SHARE_Europe/GH_SHARE_g.dta","r2hipe","r2hipe:w2 R ever had hip fracture"
"SHARE","SHARE_Europe/GH_SHARE_g.dta","r2hipf","r2hipf:w2 R hip fracture dispute flag"
"SHARE","SHARE_Europe/GH_SHARE_g.dta","r2ulcere","r2ulcere:w2 R ever had ulcer"
"SHARE","SHARE_Europe/GH_SHARE_g.dta","r2hrtatt","r2hrtatt:w2 R reports heart attack since last wave"
"SHARE","SHARE_Europe/GH_SHARE_g.dta","r2strok","r2strok:w2 R reports stroke since last wave"
"SHARE","SHARE_Europe/GH_SHARE_g.dta","r2cancr","r2cancr:w2 R reports cancer since last wave"
"SHARE","SHARE_Europe/GH_SHARE_g.dta","r2hip","r2hip:w2 R reports hip fracture since last wave"
"SHARE","SHARE_Europe/GH_SHARE_g.dta","r2rxhibp","r2rxhibp:w2 R takes meds for high BP"
"SHARE","SHARE_Europe/GH_SHARE_g.dta","r2rxdiab","r2rxdiab:w2 R takes meds for diabetes"
"SHARE","SHARE_Europe/GH_SHARE_g.dta","r2rxheart","r2rxheart:w2 R takes meds for heart problem"
"SHARE","SHARE_Europe/GH_SHARE_g.dta","r2rxhchol","r2rxhchol:w2 R takes meds for high cholesterol"
"SHARE","SHARE_Europe/GH_SHARE_g.dta","r2rxasthma","r2rxasthma:w2 R takes meds for asthma"
"SHARE","SHARE_Europe/GH_SHARE_g.dta","r2rxlung","r2rxlung:w2 R takes meds for lung condition"
"SHARE","SHARE_Europe/GH_SHARE_g.dta","r2rxpsych","r2rxpsych:w2 R takes meds for psych condition"
"SHARE","SHARE_Europe/GH_SHARE_g.dta","r2rxosteo","r2rxosteo:w2 R takes meds for osteoporosis"
"SHARE","SHARE_Europe/GH_SHARE_g.dta","r2rxulcer","r2rxulcer:w2 R takes meds for ulcer"
"SHARE","SHARE_Europe/GH_SHARE_g.dta","r2slpmed","r2slpmed:w2 R takes meds for sleep problems"
"SHARE","SHARE_Europe/GH_SHARE_g.dta","r2alzdeme","r2alzdeme:w2 R ever had alzheimer's/dementia"
"SHARE","SHARE_Europe/GH_SHARE_g.dta","r2height","r2height:w2 R Height in meters"
"SHARE","SHARE_Europe/GH_SHARE_g.dta","r2weight","r2weight:w2 R Weight in kilograms"
"SHARE","SHARE_Europe/GH_SHARE_g.dta","r2bmi","r2bmi:w2 R Body Mass Index=kg/m2"
"SHARE","SHARE_Europe/GH_SHARE_g.dta","r2bmicat","r2bmicat:w2 R BMI categorization"
"SHARE","SHARE_Europe/GH_SHARE_g.dta","r2obese","r2obese:w2 R whether obese"
"SHARE","SHARE_Europe/GH_SHARE_g.dta","r2glasses","r2glasses:w2 R whether usually wear glasses/contact lenses"
"SHARE","SHARE_Europe/GH_SHARE_g.dta","r2dsight","r2dsight:w2 R self-rated distance eyesight"
"SHARE","SHARE_Europe/GH_SHARE_g.dta","r2nsight","r2nsight:w2 R self-rated near eyesight"
"SHARE","SHARE_Europe/GH_SHARE_g.dta","r2hearing","r2hearing:w2 R self-rated hearing"
"SHARE","SHARE_Europe/GH_SHARE_g.dta","r2hearaid","r2hearaid:w2 R wears hearing aid"
"SHARE","SHARE_Europe/GH_SHARE_g.dta","r2denture","r2denture:w2 R wears dentures"
"SHARE","SHARE_Europe/GH_SHARE_g.dta","r2fall_s","r2fall_s:w2 R bothered by a fall last 6 mo."
"SHARE","SHARE_Europe/GH_SHARE_g.dta","r2urinai6m","r2urinai6m:w2 R any urinary incontinence last 6 mo."
"SHARE","SHARE_Europe/GH_SHARE_g.dta","r2pain_s","r2pain_s:w2 R bothered by joint pain"
"SHARE","SHARE_Europe/GH_SHARE_g.dta","r2painmed","r2painmed:w2 R takes meds for pain"
"SHARE","SHARE_Europe/GH_SHARE_g.dta","r2vgactx","r2vgactx:w2 R Freq vigorous phys activ"
"SHARE","SHARE_Europe/GH_SHARE_g.dta","r2mdactx","r2mdactx:w2 R Freq moderate phys activ"
"SHARE","SHARE_Europe/GH_SHARE_g.dta","r2drinkev","r2drinkev:w2 R ever drank alcohol"
"SHARE","SHARE_Europe/GH_SHARE_g.dta","r2drink3m","r2drink3m:w2 R drinks any alcohol last 3 months"
"SHARE","SHARE_Europe/GH_SHARE_g.dta","r2drinkx","r2drinkx:w2 R Frequency of drinking"
"SHARE","SHARE_Europe/GH_SHARE_g.dta","r2drinkxw","r2drinkxw:w2 R drinks alcohol weekly"
"SHARE","SHARE_Europe/GH_SHARE_g.dta","r2drinkn","r2drinkn:w2 R no. drinks per day"
"SHARE","SHARE_Europe/GH_SHARE_g.dta","r2drinkb","r2drinkb:w2 R ever binge drinks"
"SHARE","SHARE_Europe/GH_SHARE_g.dta","r2binged","r2binged:w2 R number days binge drinks"
"SHARE","SHARE_Europe/GH_SHARE_g.dta","r2smokev","r2smokev:w2 R smoke ever"
"SHARE","SHARE_Europe/GH_SHARE_g.dta","r2smoken","r2smoken:w2 R smokes now"
"SHARE","SHARE_Europe/GH_SHARE_g.dta","r2smokef","r2smokef:w2 R amount smokes per day"
"SHARE","SHARE_Europe/GH_SHARE_g.dta","r2shltc","r2shltc:w2 R Calc change in self-reported hlth"
"SHARE","SHARE_Europe/GH_SHARE_g.dta","r2shltcf","r2shltcf:w2 R Flag calc chg self-reported hlth"
"SHARE","SHARE_Europe/GH_SHARE_g.dta","r2shltc_s","r2shltc_s:w2 R self-reported change of health"
"SHARE","SHARE_Europe/GH_SHARE_g.dta","r2hosp1y","r2hosp1y:w2 R Hospital stay, pr 12 mos"
"SHARE","SHARE_Europe/GH_SHARE_g.dta","r2hsptim1y","r2hsptim1y:w2 R # Hospital stays, pr 12 mos"
"SHARE","SHARE_Europe/GH_SHARE_g.dta","r2hspnit1y","r2hspnit1y:w2 R # Nights in hosp, pr 12 mos"
"SHARE","SHARE_Europe/GH_SHARE_g.dta","r2nrshom1y","r2nrshom1y:w2 R Nurs home stay, pr 12 mos"
"SHARE","SHARE_Europe/GH_SHARE_g.dta","r2nrstim1y","r2nrstim1y:w2 R # Nurs home stays, pr 12 mos"
"SHARE","SHARE_Europe/GH_SHARE_g.dta","r2nrsnit1y","r2nrsnit1y:w2 R # Nights in Nurs home, pr 12 mos"
"SHARE","SHARE_Europe/GH_SHARE_g.dta","r2doctor1y","r2doctor1y:w2 R doctor visit, pr 12 mos"
"SHARE","SHARE_Europe/GH_SHARE_g.dta","r2doctim1y","r2doctim1y:w2 R # doctor visits, pr 12 mos"
"SHARE","SHARE_Europe/GH_SHARE_g.dta","r2homcar1y","r2homcar1y:w2 R Home hlth care, pr 12 mos"
"SHARE","SHARE_Europe/GH_SHARE_g.dta","r2pricar1y","r2pricar1y:w2 R receive care from private provider, pr 12 mos"
"SHARE","SHARE_Europe/GH_SHARE_g.dta","r2drugs1w","r2drugs1w:w2 R reg take rx, prv week"
"SHARE","SHARE_Europe/GH_SHARE_g.dta","r2dentst1y","r2dentst1y:w2 R dental visit, prv yr"
"SHARE","SHARE_Europe/GH_SHARE_g.dta","r2oophos1y","r2oophos1y:w2 R hospitalization oop expenditure, prv yr"
"SHARE","SHARE_Europe/GH_SHARE_g.dta","r2oophosf1y","r2oophosf1y:w2 InsFlag: R hospitalization oop expenditure, prv yr"
"SHARE","SHARE_Europe/GH_SHARE_g.dta","r2oopdoc1y","r2oopdoc1y:w2 R doctor oop expenditure, prv yr"
"SHARE","SHARE_Europe/GH_SHARE_g.dta","r2oopdocf1y","r2oopdocf1y:w2 InsFlag: R doctor oop expenditure, prv yr"
"SHARE","SHARE_Europe/GH_SHARE_g.dta","r2oopdrug1y","r2oopdrug1y:w2 R drug oop expenditure, prv yr"
"SHARE","SHARE_Europe/GH_SHARE_g.dta","r2oopdrugf1y","r2oopdrugf1y:w2 InsFlag: R drug oop expenditure, prv yr"
"SHARE","SHARE_Europe/GH_SHARE_g.dta","r2oophcnh1y","r2oophcnh1y:w2 R home care/nursing home oop expenditure, prv yr"
"SHARE","SHARE_Europe/GH_SHARE_g.dta","r2oophcnhf1y","r2oophcnhf1y:w2 InsFlag: R home care/nursing home oop expenditure, prv yr"
"SHARE","SHARE_Europe/GH_SHARE_g.dta","r2oopmd1y","r2oopmd1y:w2 R oop medical expenditures, prv yr"
"SHARE","SHARE_Europe/GH_SHARE_g.dta","r2oopmdf1y","r2oopmdf1y:w2 InsFlag: R oop medical expenditures, prv yr"
"SHARE","SHARE_Europe/GH_SHARE_g.dta","r2imrc","r2imrc:w2 r immediate word recall"
"SHARE","SHARE_Europe/GH_SHARE_g.dta","r2dlrc","r2dlrc:w2 r delayed word recall"
"SHARE","SHARE_Europe/GH_SHARE_g.dta","r2tr20","r2tr20:w2 r recall summary score"
"SHARE","SHARE_Europe/GH_SHARE_g.dta","r2mo","r2mo:w2 r cognition date naming-month"
"SHARE","SHARE_Europe/GH_SHARE_g.dta","r2dy","r2dy:w2 r cognition date naming-day of month"
"SHARE","SHARE_Europe/GH_SHARE_g.dta","r2yr","r2yr:w2 r cognition date naming-year"
"SHARE","SHARE_Europe/GH_SHARE_g.dta","r2dw","r2dw:w2 r cognition date naming-day of week"
"SHARE","SHARE_Europe/GH_SHARE_g.dta","r2orient","r2orient:w2 r cognition orient (summary date naming)"
"SHARE","SHARE_Europe/GH_SHARE_g.dta","r2verbf","r2verbf:w2 r verbal fluency score"
"SHARE","SHARE_Europe/GH_SHARE_g.dta","r2numer_s","r2numer_s:w2 r numeracy  score"
"SHARE","SHARE_Europe/GH_SHARE_g.dta","r2cogimp","r2cogimp:w2 r whether factors impaired cognition tests"
"SHARE","SHARE_Europe/GH_SHARE_g.dta","r2cogothp","r2cogothp:w2 r whether other people present during cog tests"
"SHARE","SHARE_Europe/GH_SHARE_g.dta","r2hownrnt","r2hownrnt:w2 r whether owns or rents home"
"SHARE","SHARE_Europe/GH_SHARE_g.dta","r2itearn","r2itearn:w2 Income: R Earnings from employment (after-tax)"
"SHARE","SHARE_Europe/GH_SHARE_g.dta","r2itfearn","r2itfearn:w2 IncFlag: R Earnings from employment (after-tax)"
"SHARE","SHARE_Europe/GH_SHARE_g.dta","r2itsemp","r2itsemp:w2 Income: R Earnings from self-employment (after-tax)"
"SHARE","SHARE_Europe/GH_SHARE_g.dta","r2itfsemp","r2itfsemp:w2 IncFlag: R Earnings from self-employment (after-tax)"
"SHARE","SHARE_Europe/GH_SHARE_g.dta","r2itpena","r2itpena:w2 Income: R Pension + Annuity (after-tax)"
"SHARE","SHARE_Europe/GH_SHARE_g.dta","r2itfpena","r2itfpena:w2 IncFlag: R Pension + Annuity (after-tax)"
"SHARE","SHARE_Europe/GH_SHARE_g.dta","r2itssdi","r2itssdi:w2 Income: R Public Disability Pensions (after-tax)"
"SHARE","SHARE_Europe/GH_SHARE_g.dta","r2itfssdi","r2itfssdi:w2 IncFlag: R Public Disability Pensions (after-tax)"
"SHARE","SHARE_Europe/GH_SHARE_g.dta","r2itsret","r2itsret:w2 Income: R Public Old Age + Early Retirement Pensions (after-tax)"
"SHARE","SHARE_Europe/GH_SHARE_g.dta","r2itfsret","r2itfsret:w2 IncFlag: R Public Old Age + Early Retirement Pensions (after-tax)"
"SHARE","SHARE_Europe/GH_SHARE_g.dta","r2itpubpen","r2itpubpen:w2 Income: R Public Pensions (after-tax)"
"SHARE","SHARE_Europe/GH_SHARE_g.dta","r2itfpubpen","r2itfpubpen:w2 IncFlag: R Public Pensions (after-tax)"
"SHARE","SHARE_Europe/GH_SHARE_g.dta","r2itgxfr","r2itgxfr:w2 Income: R Other Government Transfers (after-tax)"
"SHARE","SHARE_Europe/GH_SHARE_g.dta","r2itfgxfr","r2itfgxfr:w2 IncFlag: R Other Government Transfers (after-tax)"
"SHARE","SHARE_Europe/GH_SHARE_g.dta","r2itothr","r2itothr:w2 Income: R Other Income (after-tax)"
"SHARE","SHARE_Europe/GH_SHARE_g.dta","r2itfothr","r2itfothr:w2 IncFlag: R Other Income (after-tax)"
"SHARE","SHARE_Europe/GH_SHARE_g.dta","r2livbro","r2livbro:w2 r Number of living brothers"
"SHARE","SHARE_Europe/GH_SHARE_g.dta","r2livsis","r2livsis:w2 r Number of living sisters"
"SHARE","SHARE_Europe/GH_SHARE_g.dta","r2livsib","r2livsib:w2 r Number of living siblings"
"SHARE","SHARE_Europe/GH_SHARE_g.dta","r2momliv","r2momliv:w2 r mother alive"
"SHARE","SHARE_Europe/GH_SHARE_g.dta","r2dadliv","r2dadliv:w2 r father alive"
"SHARE","SHARE_Europe/GH_SHARE_g.dta","r2momage","r2momage:w2 r mother age current/at death"
"SHARE","SHARE_Europe/GH_SHARE_g.dta","r2dadage","r2dadage:w2 r father age current/at death"
"SHARE","SHARE_Europe/GH_SHARE_g.dta","r2livpar","r2livpar:w2 r Number of living parents"
"SHARE","SHARE_Europe/GH_SHARE_g.dta","r2pcnt","r2pcnt:w2 r any weekly contact with parents in person/phone/mail"
"SHARE","SHARE_Europe/GH_SHARE_g.dta","r2pcnt1m","r2pcnt1m:w2 r any monthly contact with parents in person/phone/mail"
"SHARE","SHARE_Europe/GH_SHARE_g.dta","r2pcntfr","r2pcntfr:w2 r frequency contact with parents in person/phone/mail"
"SHARE","SHARE_Europe/GH_SHARE_g.dta","r2socwk","r2socwk:w2 r any weekly social activities"
"SHARE","SHARE_Europe/GH_SHARE_g.dta","r2relgwk","r2relgwk:w2 r any weekly religious groups"
"SHARE","SHARE_Europe/GH_SHARE_g.dta","r2socrelg_s","r2socrelg_s:w2 r freq participate religous groups"
"SHARE","SHARE_Europe/GH_SHARE_g.dta","r2work","r2work:w2 R working for pay"
"SHARE","SHARE_Europe/GH_SHARE_g.dta","r2work2","r2work2:w2 R Works at 2nd job"
"SHARE","SHARE_Europe/GH_SHARE_g.dta","r2slfemp","r2slfemp:w2 r Whether Self-Employed"
"SHARE","SHARE_Europe/GH_SHARE_g.dta","r2lbrf_s","r2lbrf_s:w2 R labor force status"
"SHARE","SHARE_Europe/GH_SHARE_g.dta","r2inlbrf","r2inlbrf:w2 =1 if r is in the labor force"
"SHARE","SHARE_Europe/GH_SHARE_g.dta","r2unemp","r2unemp:w2 =1 if r is unemployed"
"SHARE","SHARE_Europe/GH_SHARE_g.dta","r2jhours","r2jhours:w2 r Hours worked/week main job"
"SHARE","SHARE_Europe/GH_SHARE_g.dta","r2jhour2","r2jhour2:w2 r Hours worked/week 2nd job"
"SHARE","SHARE_Europe/GH_SHARE_g.dta","r2jweeks_s","r2jweeks_s:w2 r Weeks worked/year main job"
"SHARE","SHARE_Europe/GH_SHARE_g.dta","r2jweek2_s","r2jweek2_s:w2 r Weeks worked/year 2nd job"
"SHARE","SHARE_Europe/GH_SHARE_g.dta","r2wgihr","r2wgihr:w2 r Wage Rate-Hrly"
"SHARE","SHARE_Europe/GH_SHARE_g.dta","r2wgiwk","r2wgiwk:w2 r Wage Rate-Wkly"
"SHARE","SHARE_Europe/GH_SHARE_g.dta","r2ffreq","r2ffreq:w2 r Flag Wage Rate: Frequency"
"SHARE","SHARE_Europe/GH_SHARE_g.dta","r2fpayment","r2fpayment:w2 r Flag Wage Rate: Payment"
"SHARE","SHARE_Europe/GH_SHARE_g.dta","r2fhours","r2fhours:w2 r Flag Wage Rate: Hours"
"SHARE","SHARE_Europe/GH_SHARE_g.dta","r2jcten","r2jcten:w2 r Current Job Tenure"
"SHARE","SHARE_Europe/GH_SHARE_g.dta","r2jisco","r2jisco:w2 r ISCO code for current job"
"SHARE","SHARE_Europe/GH_SHARE_g.dta","r2jnace","r2jnace:w2 r NACE code for current job"
"SHARE","SHARE_Europe/GH_SHARE_g.dta","r2jlasty","r2jlasty:w2 r Year Last Worked/not working"
"SHARE","SHARE_Europe/GH_SHARE_g.dta","r2jgovtemp","r2jgovtemp:w2 whether r employed by government"
"SHARE","SHARE_Europe/GH_SHARE_g.dta","r2jsprvs","r2jsprvs:w2 whether r supervises others"
"SHARE","SHARE_Europe/GH_SHARE_g.dta","r2jursleft","r2jursleft:w2 reason r stopped working"
"SHARE","SHARE_Europe/GH_SHARE_g.dta","r2retemp","r2retemp:w2 R gives Retired in empstat"
"SHARE","SHARE_Europe/GH_SHARE_g.dta","r2retyr","r2retyr:w2 r Year retired if retired"
"SHARE","SHARE_Europe/GH_SHARE_g.dta","r2retmon","r2retmon:w2 r Month retired if retired"
"SHARE","SHARE_Europe/GH_SHARE_g.dta","r2retage","r2retage:w2 r Age retired if retired"
"SHARE","SHARE_Europe/GH_SHARE_g.dta","r2retear","r2retear:w2 R look for early retirement"
"SHARE","SHARE_Europe/GH_SHARE_g.dta","r2work63","r2work63:w2 R prob work ft after 63"
"SHARE","SHARE_Europe/GH_SHARE_g.dta","r2retlivb5","r2retlivb5:w2 R prob better std living 5 yrs"
"SHARE","SHARE_Europe/GH_SHARE_g.dta","r2retlivw5","r2retlivw5:w2 R prob worse std living 5 yrs"
"SHARE","SHARE_Europe/GH_SHARE_g.dta","r2liv10","r2liv10:w2 R probability to live 75-120"
"SHARE","SHARE_Europe/GH_SHARE_g.dta","r2liv10a","r2liv10a:w2 R age used in live 75-120"
"SHARE","SHARE_Europe/GH_SHARE_g.dta","r2inher","r2inher:w2 R prob receive inheritance next 10 yr"
"SHARE","SHARE_Europe/GH_SHARE_g.dta","r2beq50p","r2beq50p:w2 R prob leave bequest 50k+ euro"
"SHARE","SHARE_Europe/GH_SHARE_g.dta","r2beq150p","r2beq150p:w2 R prob leave bequest 150k+ euro"
"SHARE","SHARE_Europe/GH_SHARE_g.dta","r2beqany","r2beqany:w2 R prob leave bequest any"
"SHARE","SHARE_Europe/GH_SHARE_g.dta","r2pubpen","r2pubpen:w2 whether r receives public pensions"
"SHARE","SHARE_Europe/GH_SHARE_g.dta","r2pubage","r2pubage:w2 age r started to receive public pensions"
"SHARE","SHARE_Europe/GH_SHARE_g.dta","r2peninc","r2peninc:w2 whether r receives private pensions"
"SHARE","SHARE_Europe/GH_SHARE_g.dta","r2wspeed1","r2wspeed1:w2 r time for walking speed test 1(sec)"
"SHARE","SHARE_Europe/GH_SHARE_g.dta","r2wspeed2","r2wspeed2:w2 r time for walking speed test 2(sec)"
"SHARE","SHARE_Europe/GH_SHARE_g.dta","r2wspeed","r2wspeed:w2 r average time for walking speed test(sec)"
"SHARE","SHARE_Europe/GH_SHARE_g.dta","r2walkcomp","r2walkcomp:w2 r willing and able to complete walking speed test"
"SHARE","SHARE_Europe/GH_SHARE_g.dta","r2walkflr","r2walkflr:w2 floor surface r's walking speed test"
"SHARE","SHARE_Europe/GH_SHARE_g.dta","r2walkaid","r2walkaid:w2 type aid used during r's walking speed test"
"SHARE","SHARE_Europe/GH_SHARE_g.dta","r2domhand","r2domhand:w2 r grip strength dominant hand"
"SHARE","SHARE_Europe/GH_SHARE_g.dta","r2lgrip1","r2lgrip1:w2 r left hand grip measurement 1(kg)"
"SHARE","SHARE_Europe/GH_SHARE_g.dta","r2lgrip2","r2lgrip2:w2 r left hand grip measurement 2(kg)"
"SHARE","SHARE_Europe/GH_SHARE_g.dta","r2rgrip1","r2rgrip1:w2 r right hand grip measurement 1(kg)"
"SHARE","SHARE_Europe/GH_SHARE_g.dta","r2rgrip2","r2rgrip2:w2 r right hand grip measurement 2(kg)"
"SHARE","SHARE_Europe/GH_SHARE_g.dta","r2lgrip","r2lgrip:w2 r maximum left hand grip measurement(kg)"
"SHARE","SHARE_Europe/GH_SHARE_g.dta","r2rgrip","r2rgrip:w2 r maximum right hand grip measurement(kg)"
"SHARE","SHARE_Europe/GH_SHARE_g.dta","r2gripsum","r2gripsum:w2 r dominant hand grip strength(kg)"
"SHARE","SHARE_Europe/GH_SHARE_g.dta","r2gripcomp","r2gripcomp:w2 r willing and able to complete grip strength test"
"SHARE","SHARE_Europe/GH_SHARE_g.dta","r2grippos","r2grippos:w2 r's position for grip strength test"
"SHARE","SHARE_Europe/GH_SHARE_g.dta","r2griprsta","r2griprsta:w2 r rested arms on a support during grip strength test"
"SHARE","SHARE_Europe/GH_SHARE_g.dta","r2gripeff","r2gripeff:w2 amount effort r gave grip strength test"
"SHARE","SHARE_Europe/GH_SHARE_g.dta","r2gripsft","r2gripsft:w2 r didn't complete grip: unsafe/health reason"
"SHARE","SHARE_Europe/GH_SHARE_g.dta","r2gripref","r2gripref:w2 r didn't complete grip: refused"
"SHARE","SHARE_Europe/GH_SHARE_g.dta","r2griptryu","r2griptryu:w2 r didn't complete grip: tried but unable"
"SHARE","SHARE_Europe/GH_SHARE_g.dta","r2gripothr","r2gripothr:w2 r didn't complete grip: other reason"
"SHARE","SHARE_Europe/GH_SHARE_g.dta","r2puff1","r2puff1:w2 r lung function peak flow 1"
"SHARE","SHARE_Europe/GH_SHARE_g.dta","r2puff2","r2puff2:w2 r lung function peak flow 2"
"SHARE","SHARE_Europe/GH_SHARE_g.dta","r2puff","r2puff:w2 r maximum lung function peak flow"
"SHARE","SHARE_Europe/GH_SHARE_g.dta","r2puffcomp","r2puffcomp:w2 r willing and able to complete lung function test"
"SHARE","SHARE_Europe/GH_SHARE_g.dta","r2puffpos","r2puffpos:w2 r position for lung function peak flow test"
"SHARE","SHARE_Europe/GH_SHARE_g.dta","r2puffeff","r2puffeff:w2 amount effort r gave to lung function test"
"SHARE","SHARE_Europe/GH_SHARE_g.dta","r2puffsft","r2puffsft:w2 r didn't complete lung: unsafe"
"SHARE","SHARE_Europe/GH_SHARE_g.dta","r2puffref","r2puffref:w2 r didn't complete lung: refused"
"SHARE","SHARE_Europe/GH_SHARE_g.dta","r2pufftryu","r2pufftryu:w2 r didn't complete lung: tried but unable"
"SHARE","SHARE_Europe/GH_SHARE_g.dta","r2puffothr","r2puffothr:w2 r didn't complete lung: other reason"
"SHARE","SHARE_Europe/GH_SHARE_g.dta","r2chr1res","r2chr1res:w2 r result 1 chair stand"
"SHARE","SHARE_Europe/GH_SHARE_g.dta","r2chr1comp","r2chr1comp:w2 r willing and able to complete 1 chair stand"
"SHARE","SHARE_Europe/GH_SHARE_g.dta","r2chr5sec","r2chr5sec:w2 number seconds for r to do 5 chair stands"
"SHARE","SHARE_Europe/GH_SHARE_g.dta","r2chr5comp","r2chr5comp:w2 r willing and able to complete 5 chair stands in 1 minute"
"SHARE","SHARE_Europe/GH_SHARE_g.dta","r2chr5eff","r2chr5eff:w2 amount effort r gave 5 chair stands"
"SHARE","SHARE_Europe/GH_SHARE_g.dta","r2chrsft","r2chrsft:w2 r didn't complete chair stands: unsafe"
"SHARE","SHARE_Europe/GH_SHARE_g.dta","r2chrref","r2chrref:w2 r didn't complete chair stands: refused"
"SHARE","SHARE_Europe/GH_SHARE_g.dta","r2chrtryu","r2chrtryu:w2 r didn't complete chair stands: tried but unable"
"SHARE","SHARE_Europe/GH_SHARE_g.dta","r2chrothr","r2chrothr:w2 r didn't complete chair stands: other reason"
"SHARE","SHARE_Europe/GH_SHARE_g.dta","r2rfaany","r2rfaany:w2 r recv any formal care"
"SHARE","SHARE_Europe/GH_SHARE_g.dta","r2rfasrc","r2rfasrc:w2 r source of formal care recv"
"SHARE","SHARE_Europe/GH_SHARE_g.dta","r2rpufcarewpy","r2rpufcarewpy:w2 weeks/year r recv formal care from professionals"
"SHARE","SHARE_Europe/GH_SHARE_g.dta","r2rpufcarehpw","r2rpufcarehpw:w2 hours/week r recv formal care from professionals"
"SHARE","SHARE_Europe/GH_SHARE_g.dta","r2rafaany","r2rafaany:w2 r recv any formal care for ADLs"
"SHARE","SHARE_Europe/GH_SHARE_g.dta","r2rapufcarewpy","r2rapufcarewpy:w2 weeks/year r recv formal care from professionals for ADLs"
"SHARE","SHARE_Europe/GH_SHARE_g.dta","r2rapufcarehpw","r2rapufcarehpw:w2 hours/week r recv formal care from professionals for ADLs"
"SHARE","SHARE_Europe/GH_SHARE_g.dta","r2rifaany","r2rifaany:w2 r recv any formal care for IADLs"
"SHARE","SHARE_Europe/GH_SHARE_g.dta","r2ripufcarewpy","r2ripufcarewpy:w2 weeks/year r recv formal care from professionals for IADLs"
"SHARE","SHARE_Europe/GH_SHARE_g.dta","r2ripufcarehpw","r2ripufcarehpw:w2 hours/week r recv formal care from professionals for IADLs"
"SHARE","SHARE_Europe/GH_SHARE_g.dta","r2gcare","r2gcare:w2 R gave any informal care"
"SHARE","SHARE_Europe/GH_SHARE_g.dta","r2gscare","r2gscare:w2 R gave informal care to spouse"
"SHARE","SHARE_Europe/GH_SHARE_g.dta","r2gccare","r2gccare:w2 R gave informal care to children"
"SHARE","SHARE_Europe/GH_SHARE_g.dta","r2gkcare","r2gkcare:w2 R gave care to grandchildren"
"SHARE","SHARE_Europe/GH_SHARE_g.dta","r2grcare","r2grcare:w2 R gave informal care to relatives"
"SHARE","SHARE_Europe/GH_SHARE_g.dta","r2gfcare","r2gfcare:w2 R gave informal care to non-relatives"
"SHARE","SHARE_Europe/GH_SHARE_g.dta","r2gacare","r2gacare:w2 R gave any personal care"
"SHARE","SHARE_Europe/GH_SHARE_g.dta","r2gascare","r2gascare:w2 R gave personal care to spouse"
"SHARE","SHARE_Europe/GH_SHARE_g.dta","r2gaccare","r2gaccare:w2 R gave personal care to children"
"SHARE","SHARE_Europe/GH_SHARE_g.dta","r2gakcare","r2gakcare:w2 R gave personal care to grandchildren"
"SHARE","SHARE_Europe/GH_SHARE_g.dta","r2garcare","r2garcare:w2 R gave personal care to relatives"
"SHARE","SHARE_Europe/GH_SHARE_g.dta","r2gafcare","r2gafcare:w2 R gave personal care to non-relatives"
"SHARE","SHARE_Europe/GH_SHARE_g.dta","r2gchore","r2gchore:w2 R helps with any chores"
"SHARE","SHARE_Europe/GH_SHARE_g.dta","r2gschore","r2gschore:w2 R helps spouse with chores"
"SHARE","SHARE_Europe/GH_SHARE_g.dta","r2gcchore","r2gcchore:w2 R helps children with chores"
"SHARE","SHARE_Europe/GH_SHARE_g.dta","r2gkchore","r2gkchore:w2 R helps grandchildren with chores"
"SHARE","SHARE_Europe/GH_SHARE_g.dta","r2grchore","r2grchore:w2 R helps relatives with chores"
"SHARE","SHARE_Europe/GH_SHARE_g.dta","r2gfchore","r2gfchore:w2 R helps non-relatives with chores"
"SHARE","SHARE_Europe/GH_SHARE_g.dta","r2gksit","r2gksit:w2 R looked after grandchildren"
"SHARE","SHARE_Europe/GH_SHARE_g.dta","r2satjob","r2satjob:w2 whether r is satisfied with job"
"SHARE","SHARE_Europe/GH_SHARE_g.dta","r2demand","r2demand:w2 whether r's job is physically demanding"
"SHARE","SHARE_Europe/GH_SHARE_g.dta","r2deserve","r2deserve:w2 whether r received deserved recognition from work"
"SHARE","SHARE_Europe/GH_SHARE_g.dta","r2salary","r2salary:w2 whether r's salary is adequate"
"SHARE","SHARE_Europe/GH_SHARE_g.dta","r2promot","r2promot:w2 whether r's job promotion prospects are poor"
"SHARE","SHARE_Europe/GH_SHARE_g.dta","r2secure","r2secure:w2 whether r's job security is poor"
"SHARE","SHARE_Europe/GH_SHARE_g.dta","r2timepre","r2timepre:w2 whether r is under constant time pressure due to a heavy workload"
"SHARE","SHARE_Europe/GH_SHARE_g.dta","r2ltlfree","r2ltlfree:w2 whether r has very little freedom to do work"
"SHARE","SHARE_Europe/GH_SHARE_g.dta","r2nskills","r2nskills:w2 whether r has the opportunity to develop new skills"
"SHARE","SHARE_Europe/GH_SHARE_g.dta","r2support","r2support:w2 whether r received adequate support in difficult situations"
"SHARE","SHARE_Europe/GH_SHARE_g.dta","r2jobsum","r2jobsum:w2 r's job stress summary mean score"
"SHARE","SHARE_Europe/GH_SHARE_g.dta","r2jobsumm","r2jobsumm:w2 missings in r's job stress summary mean score"
"SHARE","SHARE_Europe/GH_SHARE_g.dta","r2leftoutt","r2leftoutt:w2 whether r often feels left out of things"
"SHARE","SHARE_Europe/GH_SHARE_g.dta","r2depres","r2depres:w2 CESD: R Felt depressed (0,1)"
"SHARE","SHARE_Europe/GH_SHARE_g.dta","r2effort","r2effort:w2 CESD: R Everything an effort (0,1)"
"SHARE","SHARE_Europe/GH_SHARE_g.dta","r2sleepr","r2sleepr:w2 CESD: R Sleep was restless (0,1)"
"SHARE","SHARE_Europe/GH_SHARE_g.dta","r2flone","r2flone:w2 CESD: R Felt lonely (0,1)"
"SHARE","SHARE_Europe/GH_SHARE_g.dta","r2fsad","r2fsad:w2 CESD: R Felt sad (0,1)"
"SHARE","SHARE_Europe/GH_SHARE_g.dta","r2going","r2going:w2 CESD: R Could not get going (0,1)"
"SHARE","SHARE_Europe/GH_SHARE_g.dta","r2whappy","r2whappy:w2 CESD: R Was happy (0,1)"
"SHARE","SHARE_Europe/GH_SHARE_g.dta","r2enlife","r2enlife:w2 CESD: R Enjoyed life (0,1)"
"SHARE","SHARE_Europe/GH_SHARE_g.dta","r2cesd","r2cesd:w2 R CESD Score"
"SHARE","SHARE_Europe/GH_SHARE_g.dta","r2cesdm","r2cesdm:w2 R Missings in CESD score"
"SHARE","SHARE_Europe/GH_SHARE_g.dta","r2depress","r2depress:w2 EURO-D: R Depression (0,1)"
"SHARE","SHARE_Europe/GH_SHARE_g.dta","r2pessim","r2pessim:w2 EURO-D: R Pessimism (0,1)"
"SHARE","SHARE_Europe/GH_SHARE_g.dta","r2suicid","r2suicid:w2 EURO-D: R Suicidality (0,1)"
"SHARE","SHARE_Europe/GH_SHARE_g.dta","r2guilt","r2guilt:w2 EURO-D: R Guilt (0,1)"
"SHARE","SHARE_Europe/GH_SHARE_g.dta","r2sleep","r2sleep:w2 EURO-D: R Sleep (0,1)"
"SHARE","SHARE_Europe/GH_SHARE_g.dta","r2intrst","r2intrst:w2 EURO-D: R Interest (0,1)"
"SHARE","SHARE_Europe/GH_SHARE_g.dta","r2irritb","r2irritb:w2 EURO-D: R Irritability (0,1)"
"SHARE","SHARE_Europe/GH_SHARE_g.dta","r2appett","r2appett:w2 EURO-D: R Appetite (0,1)"
"SHARE","SHARE_Europe/GH_SHARE_g.dta","r2fatig","r2fatig:w2 EURO-D: R Fatigue (0,1)"
"SHARE","SHARE_Europe/GH_SHARE_g.dta","r2concnt","r2concnt:w2 EURO-D: R Concentration (0,1)"
"SHARE","SHARE_Europe/GH_SHARE_g.dta","r2enjoym","r2enjoym:w2 EURO-D: R Enjoyment (0,1)"
"SHARE","SHARE_Europe/GH_SHARE_g.dta","r2tearfl","r2tearfl:w2 EURO-D: R Tearfulness (0,1)"
"SHARE","SHARE_Europe/GH_SHARE_g.dta","r2eurod","r2eurod:w2 EURO-D: R Score"
"SHARE","SHARE_Europe/GH_SHARE_g.dta","r2feurod","r2feurod:w2 EURO-D Flag: R Score"
"SHARE","SHARE_Europe/GH_SHARE_g.dta","r2satlife_s","r2satlife_s:w2 R Satisfied with life"
"SHARE","SHARE_Europe/GH_SHARE_g.dta","r2satlifez","r2satlifez:w2 R Satisfied with life z-score"
"SHARE","SHARE_Europe/GH_SHARE_g.dta","r2ageprv","r2ageprv:w2 CASP: age prevents r from doing things they like"
"SHARE","SHARE_Europe/GH_SHARE_g.dta","r2outcon","r2outcon:w2 CASP: r what happens is out of my control"
"SHARE","SHARE_Europe/GH_SHARE_g.dta","r2flftout","r2flftout:w2 CASP: r feels left out of things"
"SHARE","SHARE_Europe/GH_SHARE_g.dta","r2cando","r2cando:w2 CASP: r can do things they want to do"
"SHARE","SHARE_Europe/GH_SHARE_g.dta","r2famprv","r2famprv:w2 CASP: family responsibility prevent r from doing things they want"
"SHARE","SHARE_Europe/GH_SHARE_g.dta","r2mshtge","r2mshtge:w2 CASP: money shortage stops r from doing things they want"
"SHARE","SHARE_Europe/GH_SHARE_g.dta","r2lookfwd","r2lookfwd:w2 CASP: r looks forward to each day"
"SHARE","SHARE_Europe/GH_SHARE_g.dta","r2lfemean","r2lfemean:w2 CASP: r feels life has meaning"
"SHARE","SHARE_Europe/GH_SHARE_g.dta","r2snshappy","r2snshappy:w2 CASP: r looks back on life with sense of happiness"
"SHARE","SHARE_Europe/GH_SHARE_g.dta","r2fenerg","r2fenerg:w2 CASP: r feels full of energy"
"SHARE","SHARE_Europe/GH_SHARE_g.dta","r2lifeopp","r2lifeopp:w2 CASP: r life is full of opportunities"
"SHARE","SHARE_Europe/GH_SHARE_g.dta","r2futregd","r2futregd:w2 CASP: r feels future looks good for them"
"SHARE","SHARE_Europe/GH_SHARE_g.dta","r2cntrlndx5","r2cntrlndx5:w2 CASP: r 5-item control index"
"SHARE","SHARE_Europe/GH_SHARE_g.dta","r2autondx3","r2autondx3:w2 CASP: r 3-item autonomy index"
"SHARE","SHARE_Europe/GH_SHARE_g.dta","r2plsrndx2","r2plsrndx2:w2 CASP: r 2-item pleasure index"
"SHARE","SHARE_Europe/GH_SHARE_g.dta","r2slfrlndx2","r2slfrlndx2:w2 CASP: r 2-item self-realization index"
"SHARE","SHARE_Europe/GH_SHARE_g.dta","r2casp12","r2casp12:w2 CASP: r 12-item total score"
"CHARLS","CHARLS_China/H_CHARLS_D_Data.dta","r3iwstat","r3iwstat:w3 r interview status"
"CHARLS","CHARLS_China/H_CHARLS_D_Data.dta","r3wthh","r3wthh:w3 household weight without non-response adjustment"
"CHARLS","CHARLS_China/H_CHARLS_D_Data.dta","r3wthha","r3wthha:w3 household weight with non-response adjustment"
"CHARLS","CHARLS_China/H_CHARLS_D_Data.dta","r3wtresp","r3wtresp:w3 individual weight without non-response adjustment"
"CHARLS","CHARLS_China/H_CHARLS_D_Data.dta","r3wtrespa","r3wtrespa:w3 individual weight with HH non-response adjustment"
"CHARLS","CHARLS_China/H_CHARLS_D_Data.dta","r3wtrespb","r3wtrespb:w3 individual weight with HH/Ind non-response adjustment"
"CHARLS","CHARLS_China/H_CHARLS_D_Data.dta","r3wtrespbiob","r3wtrespbiob:w3 individual biomarker weight with HH/Ind non-response adjustment"
"CHARLS","CHARLS_China/H_CHARLS_D_Data.dta","r3famr","r3famr:whether family resp"
"CHARLS","CHARLS_China/H_CHARLS_D_Data.dta","r3iwy","r3iwy:w3 r year of interview"
"CHARLS","CHARLS_China/H_CHARLS_D_Data.dta","r3iwm","r3iwm:w3 r month of interview"
"CHARLS","CHARLS_China/H_CHARLS_D_Data.dta","r3agey","r3agey:w3 r age in years"
"CHARLS","CHARLS_China/H_CHARLS_D_Data.dta","r3mstat","r3mstat:w3 r marital status w/partners, filled"
"CHARLS","CHARLS_China/H_CHARLS_D_Data.dta","r3mstath","r3mstath:w3 r marital status"
"CHARLS","CHARLS_China/H_CHARLS_D_Data.dta","r3mnev","r3mnev:w3 r never married"
"CHARLS","CHARLS_China/H_CHARLS_D_Data.dta","r3hukou","r3hukou:w3 r hukou status"
"CHARLS","CHARLS_China/H_CHARLS_D_Data.dta","r3rural2","r3rural2:w3 r rural hukou"
"CHARLS","CHARLS_China/H_CHARLS_D_Data.dta","r3nhmliv","r3nhmliv:w3 r Lives in institution at interview"
"CHARLS","CHARLS_China/H_CHARLS_D_Data.dta","r3shlt","r3shlt:w3 r Self-report of health"
"CHARLS","CHARLS_China/H_CHARLS_D_Data.dta","r3shltf","r3shltf:w3 r Timing flag: self-report health"
"CHARLS","CHARLS_China/H_CHARLS_D_Data.dta","r3shlta","r3shlta:w3 r Self-report of health alt"
"CHARLS","CHARLS_China/H_CHARLS_D_Data.dta","r3shltaf","r3shltaf:w3 r Timing flag: self-report health alt"
"CHARLS","CHARLS_China/H_CHARLS_D_Data.dta","r3hlthlm_c","r3hlthlm_c:w3 r missed work due to health"
"CHARLS","CHARLS_China/H_CHARLS_D_Data.dta","r3hlthlm","r3hlthlm:w3 r health problems limit work"
"CHARLS","CHARLS_China/H_CHARLS_D_Data.dta","r3dressa","r3dressa:w3 r Some Diff-Dressing"
"CHARLS","CHARLS_China/H_CHARLS_D_Data.dta","r3batha","r3batha:w3 r Some Diff-Bathing, shower"
"CHARLS","CHARLS_China/H_CHARLS_D_Data.dta","r3eata","r3eata:w3 r Some Diff-Eating"
"CHARLS","CHARLS_China/H_CHARLS_D_Data.dta","r3beda","r3beda:w3 r Some Diff-Get in/out bed"
"CHARLS","CHARLS_China/H_CHARLS_D_Data.dta","r3toilta","r3toilta:w3 r Some Diff-Using the toilet"
"CHARLS","CHARLS_China/H_CHARLS_D_Data.dta","r3urina","r3urina:w3 r Some Diff-controling urination and defecation"
"CHARLS","CHARLS_China/H_CHARLS_D_Data.dta","r3phonea","r3phonea:w3 r Some Diff-Use telephone"
"CHARLS","CHARLS_China/H_CHARLS_D_Data.dta","r3moneya","r3moneya:w3 r Some Diff-Managing money"
"CHARLS","CHARLS_China/H_CHARLS_D_Data.dta","r3medsa","r3medsa:w3 r Some Diff-Take medications"
"CHARLS","CHARLS_China/H_CHARLS_D_Data.dta","r3shopa","r3shopa:w3 r Some Diff-Shop for grocery"
"CHARLS","CHARLS_China/H_CHARLS_D_Data.dta","r3mealsa","r3mealsa:w3 r Some Diff-Prepare hot meal"
"CHARLS","CHARLS_China/H_CHARLS_D_Data.dta","r3housewka","r3housewka:w3 r Some Diff-cleaning house"
"CHARLS","CHARLS_China/H_CHARLS_D_Data.dta","r3joga","r3joga:w3 r Some Diff-Jog 1km"
"CHARLS","CHARLS_China/H_CHARLS_D_Data.dta","r3walk1kma","r3walk1kma:w3 r Some Diff-Walk 1km"
"CHARLS","CHARLS_China/H_CHARLS_D_Data.dta","r3walk100a","r3walk100m:w3 r Some Diff-Walk 100m"
"CHARLS","CHARLS_China/H_CHARLS_D_Data.dta","r3chaira","r3chaira:w3 r Some Diff-Get up fr chair"
"CHARLS","CHARLS_China/H_CHARLS_D_Data.dta","r3climsa","r3climsa:w3 r Some Diff-Clmb sev flt str"
"CHARLS","CHARLS_China/H_CHARLS_D_Data.dta","r3stoopa","r3stoopa:w3 r Some Diff-Stoop/Kneel/Crch"
"CHARLS","CHARLS_China/H_CHARLS_D_Data.dta","r3lifta","r3lifta:w3 r Some Diff-Lift/carry 10jin"
"CHARLS","CHARLS_China/H_CHARLS_D_Data.dta","r3dimea","r3dimea:w3 r Some Diff-Pick up a small coin"
"CHARLS","CHARLS_China/H_CHARLS_D_Data.dta","r3armsa","r3armsa:w3 r Some Diff-Rch/xtnd arms up"
"CHARLS","CHARLS_China/H_CHARLS_D_Data.dta","r3adla_c","r3adla_c:w3 r Some Diff-4 item ADL scale"
"CHARLS","CHARLS_China/H_CHARLS_D_Data.dta","r3adlab_c","r3adlab_c:w3 r Some Diff-6 item ADL scale"
"CHARLS","CHARLS_China/H_CHARLS_D_Data.dta","r3adlwa","r3adlwa:w3 r Some Diff-ADLs:Wallace /0-3"
"CHARLS","CHARLS_China/H_CHARLS_D_Data.dta","r3adlwam","r3adlwam:w3 r Missings ADL: Wallace Score"
"CHARLS","CHARLS_China/H_CHARLS_D_Data.dta","r3adlam_c","r3adlam_c:w3 r Missings ADL-4 item summary"
"CHARLS","CHARLS_China/H_CHARLS_D_Data.dta","r3adlabm_c","r3adlabm_c:w3 r Missings ADL-6 item summary"
"CHARLS","CHARLS_China/H_CHARLS_D_Data.dta","r3adlfive","r3adlfive:w3 r Some Diff-5 item ADL scale"
"CHARLS","CHARLS_China/H_CHARLS_D_Data.dta","r3adlfivem","r3adlfivem:w3 r Missings ADL-5 item summary"
"CHARLS","CHARLS_China/H_CHARLS_D_Data.dta","r3iadla","r3iadla:w3 r Some-Diff-IADLs:summary /0-3"
"CHARLS","CHARLS_China/H_CHARLS_D_Data.dta","r3iadlam","r3iadlam:w3 r Some Diff-Missings in IADLs Score"
"CHARLS","CHARLS_China/H_CHARLS_D_Data.dta","r3iadlza","r3iadlza:w3 r Some Diff-IADLs:summary /0-5"
"CHARLS","CHARLS_China/H_CHARLS_D_Data.dta","r3iadlzam","r3iadlzam:w3 r Some Diff-Missings in IADLs Score"
"CHARLS","CHARLS_China/H_CHARLS_D_Data.dta","r3mobilsev","r3mobilsev:w3 r 7 item mobility"
"CHARLS","CHARLS_China/H_CHARLS_D_Data.dta","r3mobilsevm","r3mobilsevm:w3 r missing 7 item mobility"
"CHARLS","CHARLS_China/H_CHARLS_D_Data.dta","r3lowermob","r3lowermob:w3 r lower body mobility"
"CHARLS","CHARLS_China/H_CHARLS_D_Data.dta","r3lowermobm","r3lowermobm:w3 r missing lower body mobility"
"CHARLS","CHARLS_China/H_CHARLS_D_Data.dta","r3uppermob","r3uppermob:w3 r upper body mobility"
"CHARLS","CHARLS_China/H_CHARLS_D_Data.dta","r3uppermobm","r3uppermobm:w3 r missing upper body mobility"
"CHARLS","CHARLS_China/H_CHARLS_D_Data.dta","r3hibpe","r3hibpe:w3 r Ever had high blood pressure"
"CHARLS","CHARLS_China/H_CHARLS_D_Data.dta","r3hibpf","r3hibpf:w3 r Flag dispute chg high blood pressure"
"CHARLS","CHARLS_China/H_CHARLS_D_Data.dta","r3diabe","r3diabe:w3 r ever had diabetes"
"CHARLS","CHARLS_China/H_CHARLS_D_Data.dta","r3diabf","r3diabf:w3 r flag dispute chg diabetes"
"CHARLS","CHARLS_China/H_CHARLS_D_Data.dta","r3cancre","r3cancre:w3 r ever had cancer"
"CHARLS","CHARLS_China/H_CHARLS_D_Data.dta","r3cancrf","r3cancrf:w3 r flag dispute chg cancer"
"CHARLS","CHARLS_China/H_CHARLS_D_Data.dta","r3lunge","r3lunge:w3 r ever had lung disease"
"CHARLS","CHARLS_China/H_CHARLS_D_Data.dta","r3lungf","r3lungf:w3 r flag dispute chg lung disease"
"CHARLS","CHARLS_China/H_CHARLS_D_Data.dta","r3hearte","r3hearte:w3 r ever had heart problem"
"CHARLS","CHARLS_China/H_CHARLS_D_Data.dta","r3heartf","r3heartf:w3 r flag dispute chg heart problem"
"CHARLS","CHARLS_China/H_CHARLS_D_Data.dta","r3stroke","r3stroke:w3 r ever had stroke"
"CHARLS","CHARLS_China/H_CHARLS_D_Data.dta","r3strokf","r3strokf:w3 r flag dispute chg stroke"
"CHARLS","CHARLS_China/H_CHARLS_D_Data.dta","r3psyche","r3psyche:w3 r ever had psych problem"
"CHARLS","CHARLS_China/H_CHARLS_D_Data.dta","r3psychf","r3psychf:w3 r flag dispute chg psych problem"
"CHARLS","CHARLS_China/H_CHARLS_D_Data.dta","r3arthre","r3arthre:w3 r ever had arthritis"
"CHARLS","CHARLS_China/H_CHARLS_D_Data.dta","r3arthrf","r3arthrf:w3 r flag dispute chg arthritis"
"CHARLS","CHARLS_China/H_CHARLS_D_Data.dta","r3dyslipe","r3dyslipe:w3 r ever had dyslipidemia"
"CHARLS","CHARLS_China/H_CHARLS_D_Data.dta","r3dyslipf","r3dyslipf:w3 r flag dispute chg dyslipidemia"
"CHARLS","CHARLS_China/H_CHARLS_D_Data.dta","r3livere","r3livere:w3 r ever had liver disease"
"CHARLS","CHARLS_China/H_CHARLS_D_Data.dta","r3liverf","r3liverf:w3 r flag dispute chg liver disease"
"CHARLS","CHARLS_China/H_CHARLS_D_Data.dta","r3kidneye","r3kidneye:w3 r ever had kidney disease"
"CHARLS","CHARLS_China/H_CHARLS_D_Data.dta","r3kidneyf","r3kidneyf:w3 r flag dispute chg kidney disease"
"CHARLS","CHARLS_China/H_CHARLS_D_Data.dta","r3digeste","r3digeste:w3 r ever had stomach/digestive disease"
"CHARLS","CHARLS_China/H_CHARLS_D_Data.dta","r3digestf","r3digestf:w3 r flag dispute chg stomach/digestive disease"
"CHARLS","CHARLS_China/H_CHARLS_D_Data.dta","r3asthmae","r3asthmae:w3 r ever had asthma"
"CHARLS","CHARLS_China/H_CHARLS_D_Data.dta","r3asthmaf","r3asthmaf:w3 r flag dispute chg asthma"
"CHARLS","CHARLS_China/H_CHARLS_D_Data.dta","r3memrye","r3memrye:w3 r ever had memory problem"
"CHARLS","CHARLS_China/H_CHARLS_D_Data.dta","r3memryf","r3memryf:w3 r flag dispute chg memory problem"
"CHARLS","CHARLS_China/H_CHARLS_D_Data.dta","r3rxhibp","r3rxhibp:w3 r takes modern meds for high blood pressure"
"CHARLS","CHARLS_China/H_CHARLS_D_Data.dta","r3rxhibp_c","r3rxhibp_c:w3 r takes any meds for high blood pressure"
"CHARLS","CHARLS_China/H_CHARLS_D_Data.dta","r3rxdiabi","r3rxdiabi:w3 r takes insulin for diabetes"
"CHARLS","CHARLS_China/H_CHARLS_D_Data.dta","r3rxdiab","r3rxdiab:w3 r takes modern meds for diabetes"
"CHARLS","CHARLS_China/H_CHARLS_D_Data.dta","r3rxdiab_c","r3rxdiab_c:w3 r takes any meds for diabetes"
"CHARLS","CHARLS_China/H_CHARLS_D_Data.dta","r3cncrmeds","r3cncrmeds:w3 r takes modern meds for cancer"
"CHARLS","CHARLS_China/H_CHARLS_D_Data.dta","r3cncrmeds_c","r3cncrmeds_c:w3 r takes any meds for cancer"
"CHARLS","CHARLS_China/H_CHARLS_D_Data.dta","r3cncrchem","r3cncrchem:w3 r chemotherapy cancer treatment"
"CHARLS","CHARLS_China/H_CHARLS_D_Data.dta","r3cncrsurg","r3cncrsurg:w3 r surgery cancer treatment"
"CHARLS","CHARLS_China/H_CHARLS_D_Data.dta","r3cncrradn","r3cncrradn:w3 r radiation cancer treatment"
"CHARLS","CHARLS_China/H_CHARLS_D_Data.dta","r3rxlung","r3rxlung:w3 r takes modern meds for lung condition"
"CHARLS","CHARLS_China/H_CHARLS_D_Data.dta","r3rxlung_c","r3rxlung_c:w3 r takes any meds for lung condition"
"CHARLS","CHARLS_China/H_CHARLS_D_Data.dta","r3rxheart","r3rxheart:w3 r takes modern meds for heart problems"
"CHARLS","CHARLS_China/H_CHARLS_D_Data.dta","r3rxheart_c","r3rxheart_c:w3 r takes any meds for heart problems"
"CHARLS","CHARLS_China/H_CHARLS_D_Data.dta","r3rxstrok","r3rxstrok:w3 r takes modern meds for stroke"
"CHARLS","CHARLS_China/H_CHARLS_D_Data.dta","r3rxstrok_c","r3rxstrok_c:w3 r takes any meds for stroke"
"CHARLS","CHARLS_China/H_CHARLS_D_Data.dta","r3rxpsych","r3rxpsych:w3 r takes meds for psych condition"
"CHARLS","CHARLS_China/H_CHARLS_D_Data.dta","r3trpsych","r3trpsych:w3 r receives psychological treatment"
"CHARLS","CHARLS_China/H_CHARLS_D_Data.dta","r3rxarthr","r3rxarthr:w3 r takes modern meds for arthritis"
"CHARLS","CHARLS_China/H_CHARLS_D_Data.dta","r3rxarthr_c","r3rxarthr_c:w3 r takes any meds for arthritis"
"CHARLS","CHARLS_China/H_CHARLS_D_Data.dta","r3rxdyslip","r3rxdyslip:w3 r takes modern meds for dyslipidemia"
"CHARLS","CHARLS_China/H_CHARLS_D_Data.dta","r3rxdyslip_c","r3rxdyslip_c:w3 r takes any meds for dyslipidemia"
"CHARLS","CHARLS_China/H_CHARLS_D_Data.dta","r3rxliver","r3rxliver:w3 r takes modern meds for liver disease"
"CHARLS","CHARLS_China/H_CHARLS_D_Data.dta","r3rxliver_c","r3rxliver_c:w3 r takes any meds for liver disease"
"CHARLS","CHARLS_China/H_CHARLS_D_Data.dta","r3rxkidney","r3rxkidney:w3 r takes modern meds for kidney disease"
"CHARLS","CHARLS_China/H_CHARLS_D_Data.dta","r3rxkidney_c","r3rxkidney_c:w3 r takes any meds for kidney disease"
"CHARLS","CHARLS_China/H_CHARLS_D_Data.dta","r3rxdigest","r3rxdigest:w3 r takes modern meds for digestive disease"
"CHARLS","CHARLS_China/H_CHARLS_D_Data.dta","r3rxdigest_c","r3rxdigest_c:w3 r takes any meds for digestive disease"
"CHARLS","CHARLS_China/H_CHARLS_D_Data.dta","r3rxmemry","r3rxmemry:w3 r takes modern meds for memory problem"
"CHARLS","CHARLS_China/H_CHARLS_D_Data.dta","r3rxmemry_c","r3rxmemry_c:w3 r takes any meds for memory problem"
"CHARLS","CHARLS_China/H_CHARLS_D_Data.dta","r3vgact_c","r3vgact_c:w3 r any vigorous physical activity or exercise at least 10 minutes"
"CHARLS","CHARLS_China/H_CHARLS_D_Data.dta","r3vgactx_c","r3vgactx_c:w3 r # days/wk vigorous physical activity or exercise at least 10 min"
"CHARLS","CHARLS_China/H_CHARLS_D_Data.dta","r3mdact_c","r3mdact_c:w3 r any moderate physical activity or exercise at least 10 minutes"
"CHARLS","CHARLS_China/H_CHARLS_D_Data.dta","r3mdactx_c","r3mdactx_c:w3 r # days/wk moderate physical activity or exercise at least 10 min"
"CHARLS","CHARLS_China/H_CHARLS_D_Data.dta","r3ltact_c","r3ltact_c:w3 r any light physical activity or exercise at least 10 minutes"
"CHARLS","CHARLS_China/H_CHARLS_D_Data.dta","r3ltactx_c","r3ltactx_c:w3 r # days/wk light physical activity or exercise at least 10 minute"
"CHARLS","CHARLS_China/H_CHARLS_D_Data.dta","r3drinkev","r3drinkev:w3 r ever drinks any alcohol before"
"CHARLS","CHARLS_China/H_CHARLS_D_Data.dta","r3drinkl","r3drinkl:w3 r ever drinks any alcohol last year"
"CHARLS","CHARLS_China/H_CHARLS_D_Data.dta","r3drinkn_c","r3drinkn_c:w3 r frequency of drinking last year"
"CHARLS","CHARLS_China/H_CHARLS_D_Data.dta","r3drinkr_c","r3drinkr_c:w3 r range of # drinks/day"
"CHARLS","CHARLS_China/H_CHARLS_D_Data.dta","r3smokev","r3smokev:w3 r smoke ever"
"CHARLS","CHARLS_China/H_CHARLS_D_Data.dta","r3smoken","r3smoken:w3 r smoke now"
"CHARLS","CHARLS_China/H_CHARLS_D_Data.dta","r3smokef","r3smokef:w3 r # cigarettes/day"
"CHARLS","CHARLS_China/H_CHARLS_D_Data.dta","r3hosp1y","r3hosp1y:w3 r hospital stay last year"
"CHARLS","CHARLS_China/H_CHARLS_D_Data.dta","r3hsptim1y","r3hsptim1y:w3 r # hosp stays last year"
"CHARLS","CHARLS_China/H_CHARLS_D_Data.dta","r3hspnite","r3hspnite:w3 r # hosp nights last episode"
"CHARLS","CHARLS_China/H_CHARLS_D_Data.dta","r3doctor1m","r3doctor1m:w3 r doctor visit/outpatient last month"
"CHARLS","CHARLS_China/H_CHARLS_D_Data.dta","r3doctim1m","r3doctim1m:w3 r # doctor visit/outpatient last month"
"CHARLS","CHARLS_China/H_CHARLS_D_Data.dta","r3trdmed1m","r3trdmed1m:w3 r Chinese medicine hospital visit last month"
"CHARLS","CHARLS_China/H_CHARLS_D_Data.dta","r3trdmdtim1m","r3trdmdtim1m:w3 r # Chinese medicine hospital visits last month"
"CHARLS","CHARLS_China/H_CHARLS_D_Data.dta","r3dentst1y","r3dentst1y:w3 r dental care last year"
"CHARLS","CHARLS_China/H_CHARLS_D_Data.dta","r3dentim1y","r3dentim1y:w3 r # dental visit last year"
"CHARLS","CHARLS_China/H_CHARLS_D_Data.dta","r3oophos1y","r3oophos1y:w3 r hospitalization out-of-pocket expenditure last year"
"CHARLS","CHARLS_China/H_CHARLS_D_Data.dta","r3tothos1y","r3tothos1y:w3 r hospitalization total expenditure last year"
"CHARLS","CHARLS_China/H_CHARLS_D_Data.dta","r3oopdoc1m","r3oopdoc1m:w3 r doctor visit out-of-pocket expenditure last month"
"CHARLS","CHARLS_China/H_CHARLS_D_Data.dta","r3totdoc1m","r3totdoc1m:w3 r doctor visit total expenditure last month"
"CHARLS","CHARLS_China/H_CHARLS_D_Data.dta","r3oopden1y","r3oopden1y:w3 r dental care out-of-pocket expenditure last year"
"CHARLS","CHARLS_China/H_CHARLS_D_Data.dta","r3totden1y","r3totden1y:w3 r dental care total expenditure last year"
"CHARLS","CHARLS_China/H_CHARLS_D_Data.dta","r3higov","r3higov:w3 r cover by public health insurance"
"CHARLS","CHARLS_China/H_CHARLS_D_Data.dta","r3hipriv","r3hipriv:w3 r cover by private health ins"
"CHARLS","CHARLS_China/H_CHARLS_D_Data.dta","r3hiothp","r3hiothp:w3 r cover by other health ins"
"CHARLS","CHARLS_China/H_CHARLS_D_Data.dta","r3slfmem","r3slfmem:w3 r Self-reported memory"
"CHARLS","CHARLS_China/H_CHARLS_D_Data.dta","r3imrc","r3imrc:w3 r immediate word recall"
"CHARLS","CHARLS_China/H_CHARLS_D_Data.dta","r3dlrc","r3dlrc:w3 r delayed word recall"
"CHARLS","CHARLS_China/H_CHARLS_D_Data.dta","r3ser7","r3ser7:w3 r serial 7s"
"CHARLS","CHARLS_China/H_CHARLS_D_Data.dta","r3mo","r3mo:w3 r cognition date naming-month"
"CHARLS","CHARLS_China/H_CHARLS_D_Data.dta","r3dy","r3dy:w3 r cognition date naming-day of month"
"CHARLS","CHARLS_China/H_CHARLS_D_Data.dta","r3yr","r3yr:w3 r cognition date naming-year"
"CHARLS","CHARLS_China/H_CHARLS_D_Data.dta","r3dw","r3dw:w3 r cognition date naming-day of week"
"CHARLS","CHARLS_China/H_CHARLS_D_Data.dta","r3orient","r3orient:w3 r cognition orient (summary date naming)"
"CHARLS","CHARLS_China/H_CHARLS_D_Data.dta","r3draw","r3draw:w3 r cognition able to draw assign picture"
"CHARLS","CHARLS_China/H_CHARLS_D_Data.dta","r3tr20","r3tr20:w3 r recall summary score"
"CHARLS","CHARLS_China/H_CHARLS_D_Data.dta","r3itearn","r3itearn:w3 income: r earnings after tax"
"CHARLS","CHARLS_China/H_CHARLS_D_Data.dta","r3itsemp","r3itsemp:w3 income: r self-employment after tax"
"CHARLS","CHARLS_China/H_CHARLS_D_Data.dta","r3ipena","r3ipena:w3 income: r private pension from work module before tax"
"CHARLS","CHARLS_China/H_CHARLS_D_Data.dta","r3ipubpen","r3ipubpen:w3 income: r public pension from work module"
"CHARLS","CHARLS_China/H_CHARLS_D_Data.dta","r3ipen","r3ipen:w3 income: r total pension income"
"CHARLS","CHARLS_China/H_CHARLS_D_Data.dta","r3igxfr","r3igxfr:w3 income: r government transfer"
"CHARLS","CHARLS_China/H_CHARLS_D_Data.dta","r3iothr","r3iothr:w3 income: r other income"
"CHARLS","CHARLS_China/H_CHARLS_D_Data.dta","r3livbro","r3livbro:w3 r number of living brothers"
"CHARLS","CHARLS_China/H_CHARLS_D_Data.dta","r3livsis","r3livsis:w3 r number of living sisters"
"CHARLS","CHARLS_China/H_CHARLS_D_Data.dta","r3livsib","r3livsib:w3 r number of living siblings"
"CHARLS","CHARLS_China/H_CHARLS_D_Data.dta","r3decbro","r3decbro:w3 r number of deceased brothers"
"CHARLS","CHARLS_China/H_CHARLS_D_Data.dta","r3decsis","r3decsis:w3 r number of deceased sisters"
"CHARLS","CHARLS_China/H_CHARLS_D_Data.dta","r3decsib","r3decsib:w3 r number of deceased siblings"
"CHARLS","CHARLS_China/H_CHARLS_D_Data.dta","r3momliv","r3momliv:w3 r mother alive"
"CHARLS","CHARLS_China/H_CHARLS_D_Data.dta","r3dadliv","r3dadliv:w3 r father alive"
"CHARLS","CHARLS_China/H_CHARLS_D_Data.dta","r3livpar","r3livpar:w3 r number of living parents"
"CHARLS","CHARLS_China/H_CHARLS_D_Data.dta","r3momage","r3momage:w3 r mother's age current/at death"
"CHARLS","CHARLS_China/H_CHARLS_D_Data.dta","r3dadage","r3dadage:w3 r father's age current/at death"
"CHARLS","CHARLS_China/H_CHARLS_D_Data.dta","r3socwk","r3socwk:w3 r participate in social activities"
"CHARLS","CHARLS_China/H_CHARLS_D_Data.dta","r3work","r3work:w3 r currently working"
"CHARLS","CHARLS_China/H_CHARLS_D_Data.dta","r3work2","r3work2:w3 r works more than one job"
"CHARLS","CHARLS_China/H_CHARLS_D_Data.dta","r3lbrf_c","r3lbrf_c:w3 r labor force status"
"CHARLS","CHARLS_China/H_CHARLS_D_Data.dta","r3slfemp","r3slfemp:w3 r whether self-employed (non-agricultural)"
"CHARLS","CHARLS_China/H_CHARLS_D_Data.dta","r3jhours_c","r3jhours_c:w3 r total hours worked per week on main job"
"CHARLS","CHARLS_China/H_CHARLS_D_Data.dta","r3jhour2","r3jhour2:w3 r hours worked/week on other jobs"
"CHARLS","CHARLS_China/H_CHARLS_D_Data.dta","r3jhourtot","r3jhourtot:w3 r total hours worked/week"
"CHARLS","CHARLS_China/H_CHARLS_D_Data.dta","r3jweeks_c","r3jweeks_c:w3 r weeks worked per year on main job"
"CHARLS","CHARLS_China/H_CHARLS_D_Data.dta","r3jgovtemp","r3jgovtemp: w3 r employed by government"
"CHARLS","CHARLS_China/H_CHARLS_D_Data.dta","r3jsalary_c","r3jsalary_c: w3 r paid salary or wages"
"CHARLS","CHARLS_China/H_CHARLS_D_Data.dta","r3jbonus","r3jbonus: w3 r amount of bonus in past year"
"CHARLS","CHARLS_China/H_CHARLS_D_Data.dta","r3jmsick","r3jmsick: w3 r missed work because of sick"
"CHARLS","CHARLS_China/H_CHARLS_D_Data.dta","r3jnsickagr","r3jnsickagr: w3 r # days missed agricultural work because sick"
"CHARLS","CHARLS_China/H_CHARLS_D_Data.dta","r3jnsickemp","r3jnsickemp: w3 r # days missed employed work because sick"
"CHARLS","CHARLS_China/H_CHARLS_D_Data.dta","r3jnsicksf","r3jnsicksf: w3 r # days missed self-employed work because sick"
"CHARLS","CHARLS_China/H_CHARLS_D_Data.dta","r3jbgyr","r3jbgyr: w3 r year job began"
"CHARLS","CHARLS_China/H_CHARLS_D_Data.dta","r3jbgmo","r3jbgmo: w3 r month job began"
"CHARLS","CHARLS_China/H_CHARLS_D_Data.dta","r3jrsleft","r3jrsleft: w3 r reason left employer (if not working)"
"CHARLS","CHARLS_China/H_CHARLS_D_Data.dta","r3jrsleft_c","r3jrsleft_c: w3 r reason left employer (if not working)"
"CHARLS","CHARLS_China/H_CHARLS_D_Data.dta","r3retemp","r3retemp:w3 r whether retired"
"CHARLS","CHARLS_China/H_CHARLS_D_Data.dta","r3fret_c","r3fret_c:w3 r whether formal retirement"
"CHARLS","CHARLS_China/H_CHARLS_D_Data.dta","r3fretf_c","r3fretf_c:w3 r flag dispute chg formal retirement"
"CHARLS","CHARLS_China/H_CHARLS_D_Data.dta","r3retmon","r3retmon:w3 r month retired/receded"
"CHARLS","CHARLS_China/H_CHARLS_D_Data.dta","r3retyr","r3retyr:w3 r year retired/receded"
"CHARLS","CHARLS_China/H_CHARLS_D_Data.dta","r3rplnya","r3rplnya:w3 when r plans to stop work"
"CHARLS","CHARLS_China/H_CHARLS_D_Data.dta","r3wkaftret","r3wkaftret:w3 r worked after processed retirement"
"CHARLS","CHARLS_China/H_CHARLS_D_Data.dta","r3retrs_c","r3retrs_c:w3 r reasons for early or internal retirement"
"CHARLS","CHARLS_China/H_CHARLS_D_Data.dta","r3pubpen","r3pubpen:w3 r receives public pension"
"CHARLS","CHARLS_China/H_CHARLS_D_Data.dta","r3fpubpen","r3fpubpen:w3 flag: receives public pension"
"CHARLS","CHARLS_China/H_CHARLS_D_Data.dta","r3pubage","r3pubage:w3 r age starts to receive public pension"
"CHARLS","CHARLS_China/H_CHARLS_D_Data.dta","r3peninc","r3peninc:w3 r receives private pension"
"CHARLS","CHARLS_China/H_CHARLS_D_Data.dta","r3fpeninc","r3fpeninc:w3 r flag: receives private pension"
"CHARLS","CHARLS_China/H_CHARLS_D_Data.dta","r3othpen","r3othpen:w3 r receives other pension"
"CHARLS","CHARLS_China/H_CHARLS_D_Data.dta","r3jcpen","r3jcpen:w3 r any pension from current job"
"CHARLS","CHARLS_China/H_CHARLS_D_Data.dta","r3wspeed1","r3wspeed1:w3 r time for walking speed test 1(sec)"
"CHARLS","CHARLS_China/H_CHARLS_D_Data.dta","r3wspeed2","r3wspeed1:w3 r time for walking speed test 2(sec)"
"CHARLS","CHARLS_China/H_CHARLS_D_Data.dta","r3wspeed","r3wspeed:w3 r average time for walking speed test(sec)"
"CHARLS","CHARLS_China/H_CHARLS_D_Data.dta","r3walkcomp","r3walkcomp:w3 r willing and able to complete walking speed test"
"CHARLS","CHARLS_China/H_CHARLS_D_Data.dta","r3walkflr_c","r3walkflr_c:w3 floor surface r's walking speed test"
"CHARLS","CHARLS_China/H_CHARLS_D_Data.dta","r3walkaid","r3walkaid:w3 type aid used during r's walking speed test"
"CHARLS","CHARLS_China/H_CHARLS_D_Data.dta","r3walkcompl","r3walkcompl:w3 r compliance walking speed test"
"CHARLS","CHARLS_China/H_CHARLS_D_Data.dta","r3walksft","r3walksft:w3 r didn't complete walking: unsafe/health reason"
"CHARLS","CHARLS_China/H_CHARLS_D_Data.dta","r3walkref","r3walkref:w3 r didn't complete walking: refused"
"CHARLS","CHARLS_China/H_CHARLS_D_Data.dta","r3walktryu","r3walktryu:w3 r didn't complete walking: tried but unable"
"CHARLS","CHARLS_China/H_CHARLS_D_Data.dta","r3walkequp","r3walkequp:w3 r didn't complete walking: faulty equipment/space issue"
"CHARLS","CHARLS_China/H_CHARLS_D_Data.dta","r3walkothr","r3walkothr:w3 r didn't complete walking: other reason"
"CHARLS","CHARLS_China/H_CHARLS_D_Data.dta","r3systo1","r3systo1:w3 r blood pressure measure (systolic) 1"
"CHARLS","CHARLS_China/H_CHARLS_D_Data.dta","r3systo2","r3systo2:w3 r blood pressure measure (systolic) 2"
"CHARLS","CHARLS_China/H_CHARLS_D_Data.dta","r3systo3","r3systo3:w3 r blood pressure measure (systolic) 3"
"CHARLS","CHARLS_China/H_CHARLS_D_Data.dta","r3systo","r3systo:w3 r average blood pressure measure (systolic) 2 & 3"
"CHARLS","CHARLS_China/H_CHARLS_D_Data.dta","r3diasto1","r3diasto1:w3 r blood pressure measure (diastolic) 1"
"CHARLS","CHARLS_China/H_CHARLS_D_Data.dta","r3diasto2","r3diasto2:w3 r blood pressure measure (diastolic) 2"
"CHARLS","CHARLS_China/H_CHARLS_D_Data.dta","r3diasto3","r3diasto3:w3 r blood pressure measure (diastolic) 3"
"CHARLS","CHARLS_China/H_CHARLS_D_Data.dta","r3diasto","r3diasto:w3 r average blood pressure measure (diastolic) 2 & 3"
"CHARLS","CHARLS_China/H_CHARLS_D_Data.dta","r3pulse1","r3pulse1:w3 r pulse measure 1"
"CHARLS","CHARLS_China/H_CHARLS_D_Data.dta","r3pulse2","r3pulse2:w3 r pulse measure 2"
"CHARLS","CHARLS_China/H_CHARLS_D_Data.dta","r3pulse3","r3pulse3:w3 r pulse measure 3"
"CHARLS","CHARLS_China/H_CHARLS_D_Data.dta","r3pulse","r3pulse:w3 r average pulse measure 2 & 3"
"CHARLS","CHARLS_China/H_CHARLS_D_Data.dta","r3bpcomp","r3bpcomp:w3 r willing and able to complete blood pressure test"
"CHARLS","CHARLS_China/H_CHARLS_D_Data.dta","r3bpact30","r3bpact30:w3 r did activity last 30 minutes that affects BP"
"CHARLS","CHARLS_China/H_CHARLS_D_Data.dta","r3bldpos","r3bldpos:w3 r position for blood pressure test"
"CHARLS","CHARLS_China/H_CHARLS_D_Data.dta","r3bparm","r3bparm:w3 r arm used for blood pressure test"
"CHARLS","CHARLS_China/H_CHARLS_D_Data.dta","r3bpcompl","r3bpcompl:w3 r compliance blood pressure test"
"CHARLS","CHARLS_China/H_CHARLS_D_Data.dta","r3bpsft","r3bpsft:w3 r didn't complete bp: unsafe/health reason"
"CHARLS","CHARLS_China/H_CHARLS_D_Data.dta","r3bpref","r3bpref:w3 r didn't complete bp: refused"
"CHARLS","CHARLS_China/H_CHARLS_D_Data.dta","r3bptryu","r3bptryu:w3 r didn't complete bp: tried but unable"
"CHARLS","CHARLS_China/H_CHARLS_D_Data.dta","r3bpequp","r3bpequp:w3 r didn't complete bp: faulty equipment/space issue"
"CHARLS","CHARLS_China/H_CHARLS_D_Data.dta","r3bpothr","r3bpothr:w3 r didn't complete bp: other reason"
"CHARLS","CHARLS_China/H_CHARLS_D_Data.dta","r3domhand","r3domhand:w3 r grip dominant hand"
"CHARLS","CHARLS_China/H_CHARLS_D_Data.dta","r3lgrip1","r3lgrip1:w3 r left hand grip measurement 1(kg)"
"CHARLS","CHARLS_China/H_CHARLS_D_Data.dta","r3lgrip2","r3lgrip2:w3 r left hand grip measurement 2(kg)"
"CHARLS","CHARLS_China/H_CHARLS_D_Data.dta","r3lgrip","r3lgrip:w3 r maximum left hand grip measurement (kg)"
"CHARLS","CHARLS_China/H_CHARLS_D_Data.dta","r3rgrip1","r3rgrip1:w3 r right hand grip measurement 1(kg)"
"CHARLS","CHARLS_China/H_CHARLS_D_Data.dta","r3rgrip2","r3rgrip2:w3 r right hand grip measurement 2(kg)"
"CHARLS","CHARLS_China/H_CHARLS_D_Data.dta","r3rgrip","r3rgrip:w3 r maximum right hand grip measurement (kg)"
"CHARLS","CHARLS_China/H_CHARLS_D_Data.dta","r3gripsum","r3gripsum:w3 r dominant hand grip strength (kg)"
"CHARLS","CHARLS_China/H_CHARLS_D_Data.dta","r3gripcomp","r3gripcomp:w3 r willing and able to complete grip strength test"
"CHARLS","CHARLS_China/H_CHARLS_D_Data.dta","r3gripeff","r3gripeff:w3 amount of effort r gave grip strength test"
"CHARLS","CHARLS_China/H_CHARLS_D_Data.dta","r3grippos","r3grippos:w3 r's position for grip strength test"
"CHARLS","CHARLS_China/H_CHARLS_D_Data.dta","r3griprsta","r3griprsta:w3 r rested arms on a support during grip strength test"
"CHARLS","CHARLS_China/H_CHARLS_D_Data.dta","r3gripsft","r3gripsft:w3 r didn't complete grip: unsafe/health reason"
"CHARLS","CHARLS_China/H_CHARLS_D_Data.dta","r3gripref","r3gripref:w3 r didn't complete grip: refused"
"CHARLS","CHARLS_China/H_CHARLS_D_Data.dta","r3griptryu","r3griptryu:w3 r didn't complete grip: tried but unable"
"CHARLS","CHARLS_China/H_CHARLS_D_Data.dta","r3gripequp","r3gripequp:w3 r didn't complete grip: faulty equipment/space issue"
"CHARLS","CHARLS_China/H_CHARLS_D_Data.dta","r3gripothr","r3gripothr:w3 r didn't complete grip: other reason"
"CHARLS","CHARLS_China/H_CHARLS_D_Data.dta","r3mheight","r3mheight:w3 r measured height in meters"
"CHARLS","CHARLS_China/H_CHARLS_D_Data.dta","r3mweight","r3mweight:w3 r measured weight in kilograms"
"CHARLS","CHARLS_China/H_CHARLS_D_Data.dta","r3mwaist","r3mwaist:w3 r waist measurement in centimeters"
"CHARLS","CHARLS_China/H_CHARLS_D_Data.dta","r3mbmi","r3mbmi:w3 r measured Body Mass Index (kg/m2)"
"CHARLS","CHARLS_China/H_CHARLS_D_Data.dta","r3mbmicata","r3mbmicata:w3 r measured BMI categorization for Asians"
"CHARLS","CHARLS_China/H_CHARLS_D_Data.dta","r3htcomp","r3htcomp:w3 r willing and able to complete height measurement"
"CHARLS","CHARLS_China/H_CHARLS_D_Data.dta","r3wtcomp","r3wtcomp:w3 r willing and able to complete weight measurement"
"CHARLS","CHARLS_China/H_CHARLS_D_Data.dta","r3watcomp","r3watcomp:w3 r willing and able to complete waist measurement"
"CHARLS","CHARLS_China/H_CHARLS_D_Data.dta","r3htcompl","r3htcompl:w3 r compliance height measurement"
"CHARLS","CHARLS_China/H_CHARLS_D_Data.dta","r3wtcompl","r3wtcompl:w3 r compliance weight measurement"
"CHARLS","CHARLS_China/H_CHARLS_D_Data.dta","r3watcompl","r3watcompl:w3 r compliance waist measurement"
"CHARLS","CHARLS_China/H_CHARLS_D_Data.dta","r3wtflr_c","r3wtflr_c:w3 r floor surface weight measurement"
"CHARLS","CHARLS_China/H_CHARLS_D_Data.dta","r3shoew","r3shoew:w3 r wearing shoes (weight)"
"CHARLS","CHARLS_China/H_CHARLS_D_Data.dta","r3bulky","r3bulky:w3 r wearing bulky clothes for waist measurement"
"CHARLS","CHARLS_China/H_CHARLS_D_Data.dta","r3hghtsft","r3hghtsft:w3 r didn't complete height: unsafe/health reason"
"CHARLS","CHARLS_China/H_CHARLS_D_Data.dta","r3hghtref","r3hghtref:w3 r didn't complete height: refused"
"CHARLS","CHARLS_China/H_CHARLS_D_Data.dta","r3hghttryu","r3hghttryu:w3 r didn't complete height: tried but unable"
"CHARLS","CHARLS_China/H_CHARLS_D_Data.dta","r3hghtequp","r3hghtequp:w3 r didn't complete height: faulty equipment/space issue"
"CHARLS","CHARLS_China/H_CHARLS_D_Data.dta","r3hghtothr","r3hghtothr:w3 r didn't complete height: other reason"
"CHARLS","CHARLS_China/H_CHARLS_D_Data.dta","r3wghtsft","r3wghtsft:w3 r didn't complete weight: unsafe/health reason"
"CHARLS","CHARLS_China/H_CHARLS_D_Data.dta","r3wghtref","r3wghtref:w3 r didn't complete weight: refused"
"CHARLS","CHARLS_China/H_CHARLS_D_Data.dta","r3wghttryu","r3wghttryu:w3 r didn't complete weight: tried but unable"
"CHARLS","CHARLS_China/H_CHARLS_D_Data.dta","r3wghtequp","r3wghttryu:w3 r didn't complete weight: faulty equipment/space issue"
"CHARLS","CHARLS_China/H_CHARLS_D_Data.dta","r3wghtothr","r3wghtothr:w3 r didn't complete weight: other reason"
"CHARLS","CHARLS_China/H_CHARLS_D_Data.dta","r3wstsft","r3wstsft:w3 r didn't complete waist: unsafe/health reason"
"CHARLS","CHARLS_China/H_CHARLS_D_Data.dta","r3wstref","r3wstref:w3 r didn't complete waist: refused"
"CHARLS","CHARLS_China/H_CHARLS_D_Data.dta","r3wsttryu","r3wsttryu:w3 r didn't complete waist: tried but unable"
"CHARLS","CHARLS_China/H_CHARLS_D_Data.dta","r3wstequp","r3wstequp:w3 r didn't complete waist: faulty equipment/space issue"
"CHARLS","CHARLS_China/H_CHARLS_D_Data.dta","r3wstothr","r3wstothr:w3 r didn't complete waist: other reason"
"CHARLS","CHARLS_China/H_CHARLS_D_Data.dta","r3puff1","r3puff1:w3 r lung function peak flow 1"
"CHARLS","CHARLS_China/H_CHARLS_D_Data.dta","r3puff2","r3puff2:w3 r lung function peak flow 2"
"CHARLS","CHARLS_China/H_CHARLS_D_Data.dta","r3puff3","r3puff3:w3 r lung function peak flow 3"
"CHARLS","CHARLS_China/H_CHARLS_D_Data.dta","r3puff","r3puff:w3 r maximum lung function peak flow"
"CHARLS","CHARLS_China/H_CHARLS_D_Data.dta","r3puffcomp","r3puffcomp:w3 r willing and able to complete lung function peak flow"
"CHARLS","CHARLS_China/H_CHARLS_D_Data.dta","r3puffpos","r3puffpos:w3 r position for lung function peak flow test"
"CHARLS","CHARLS_China/H_CHARLS_D_Data.dta","r3puffeff","r3puffeff:w3 amount effort r gave to lung function test"
"CHARLS","CHARLS_China/H_CHARLS_D_Data.dta","r3puffsft","r3puffsft:w3 r didn't complete lung function: unsafe/health reason"
"CHARLS","CHARLS_China/H_CHARLS_D_Data.dta","r3puffref","r3puffref:w3 r didn't complete lung function: refused"
"CHARLS","CHARLS_China/H_CHARLS_D_Data.dta","r3pufftryu","r3pufftryu:w3 r didn't complete lung function: tried but unable"
"CHARLS","CHARLS_China/H_CHARLS_D_Data.dta","r3puffequp","r3puffequp:w3 r didn't complete lung function: faulty equipment/space issue"
"CHARLS","CHARLS_China/H_CHARLS_D_Data.dta","r3puffothr","r3puffothr:w3 r didn't complete lung function: other reason"
"CHARLS","CHARLS_China/H_CHARLS_D_Data.dta","r3semitan","r3semitan:w3 r semi-tandem test result(sec)"
"CHARLS","CHARLS_China/H_CHARLS_D_Data.dta","r3semidone","r3semidone:w3 r completed full 10-second semi-tandem test"
"CHARLS","CHARLS_China/H_CHARLS_D_Data.dta","r3semicomp","r3semicomp:w3 r willing and able to complete semi-tandem test"
"CHARLS","CHARLS_China/H_CHARLS_D_Data.dta","r3semitanc","r3semitanc:w3 r semi-tandem test-compensatory movements"
"CHARLS","CHARLS_China/H_CHARLS_D_Data.dta","r3fulltan","r3fulltan:w3 r full-tandem test result(sec)"
"CHARLS","CHARLS_China/H_CHARLS_D_Data.dta","r3fulldone","r3fulldone:w3 r completed 30/60 seconds full-tandem"
"CHARLS","CHARLS_China/H_CHARLS_D_Data.dta","r3fullcomp","r3fullcomp:w3 r willing and able to complete full tandem test"
"CHARLS","CHARLS_China/H_CHARLS_D_Data.dta","r3fulltanc","r3fulltanc:w3 r full-tandem test-compensatory movements"
"CHARLS","CHARLS_China/H_CHARLS_D_Data.dta","r3sbstan","r3sbstan:w3 r side-by-side test result(sec)"
"CHARLS","CHARLS_China/H_CHARLS_D_Data.dta","r3sbsdone","r3sbsdone:w3 r completed full 10 seconds side-by-side"
"CHARLS","CHARLS_China/H_CHARLS_D_Data.dta","r3sbscomp","r3sbscomp:w3 r willing and able to complete side-by-side test"
"CHARLS","CHARLS_China/H_CHARLS_D_Data.dta","r3sbstanc","r3sbstanc:w3 r side-by-side test-compensatory movements"
"CHARLS","CHARLS_China/H_CHARLS_D_Data.dta","r3balance","r3balance:w3 r balance test summary score"
"CHARLS","CHARLS_China/H_CHARLS_D_Data.dta","r3balflr","r3balflr:w3 r balance tests-floor surface"
"CHARLS","CHARLS_China/H_CHARLS_D_Data.dta","r3balcompl","r3balcompl:w3 r compliance balance tests"
"CHARLS","CHARLS_China/H_CHARLS_D_Data.dta","r3balsft","r3balsft:w3 r didn't complete balance: unsafe/health reason"
"CHARLS","CHARLS_China/H_CHARLS_D_Data.dta","r3balref","r3balref:w3 r didn't complete balance: refused"
"CHARLS","CHARLS_China/H_CHARLS_D_Data.dta","r3baltryu","r3baltryu:w3 r didn't complete balance: tried but unable"
"CHARLS","CHARLS_China/H_CHARLS_D_Data.dta","r3balequp","r3balequp:w3 r didn't complete balance: faulty equipment/space issue"
"CHARLS","CHARLS_China/H_CHARLS_D_Data.dta","r3balothr","r3balothr:w3 r didn't complete balance: other reason"
"CHARLS","CHARLS_China/H_CHARLS_D_Data.dta","r3chr5sec","r3chr5sec:w3 # seconds for r to do 5 chair stands"
"CHARLS","CHARLS_China/H_CHARLS_D_Data.dta","r3chr5num","r3chr5num:w3 r number of chair stands completed"
"CHARLS","CHARLS_China/H_CHARLS_D_Data.dta","r3chr5comp","r3chr5comp:w3 r willing and able to complete 5 chair stands"
"CHARLS","CHARLS_China/H_CHARLS_D_Data.dta","r3chr5bmv","r3chr5bmv:w3 r used trunk or arms during 5 chair stands"
"CHARLS","CHARLS_China/H_CHARLS_D_Data.dta","r3chr5sft","r3chr5sft:w3 r didn't complete 5 stands: unsafe/health reason"
"CHARLS","CHARLS_China/H_CHARLS_D_Data.dta","r3chr5ref","r3chr5ref:w3 r didn't complete 5 stands: refused"
"CHARLS","CHARLS_China/H_CHARLS_D_Data.dta","r3chr5tryu","r3chr5tryu:w3 r didn't complete 5 stands: tried but unable"
"CHARLS","CHARLS_China/H_CHARLS_D_Data.dta","r3chr5equp","r3chr5equp:w3 r didn't complete 5 stands: faulty equipment/space issue"
"CHARLS","CHARLS_China/H_CHARLS_D_Data.dta","r3chr5othr","r3chr5othr:w3 r didn't complete 5 stands: other reason"
"CHARLS","CHARLS_China/H_CHARLS_D_Data.dta","r3dresshlp","r3dresshlp:w3 whether anyone helps r dress"
"CHARLS","CHARLS_China/H_CHARLS_D_Data.dta","r3bathehlp","r3bathehlp:w3 whether anyone helps r bathe"
"CHARLS","CHARLS_China/H_CHARLS_D_Data.dta","r3eathlp","r3eathlp:w3 whether anyone helps r eat"
"CHARLS","CHARLS_China/H_CHARLS_D_Data.dta","r3bedhlp","r3bedhlp:w3 whether anyone helps r get in/out of bed"
"CHARLS","CHARLS_China/H_CHARLS_D_Data.dta","r3toilethlp","r3toilethlp:w3 whether anyone helps r use the toilet"
"CHARLS","CHARLS_China/H_CHARLS_D_Data.dta","r3walkre","r3walkre:w3 r uses equipment to walk"
"CHARLS","CHARLS_China/H_CHARLS_D_Data.dta","r3toilte","r3toilte:w3 r uses toilet equipment"
"CHARLS","CHARLS_China/H_CHARLS_D_Data.dta","r3shophlp","r3shophlp:w3 whether anyone helps r with grocery shopping"
"CHARLS","CHARLS_China/H_CHARLS_D_Data.dta","r3medhlp","r3medhlp:w3 whether anyone helps r with taking medication"
"CHARLS","CHARLS_China/H_CHARLS_D_Data.dta","r3hswkhlp","r3hswkhlp:w3 whether anyone helps r with housework"
"CHARLS","CHARLS_China/H_CHARLS_D_Data.dta","r3mealhlp","r3mealhlp:w3 whether anyone helps r prepare hot meals"
"CHARLS","CHARLS_China/H_CHARLS_D_Data.dta","r3phonehlp","r3phonehlp:w3 whether anyone helps r with making phone calls"
"CHARLS","CHARLS_China/H_CHARLS_D_Data.dta","r3moneyhlp","r3moneyhlp:w3 whether anyone helps r with managing money"
"CHARLS","CHARLS_China/H_CHARLS_D_Data.dta","r3ftrhlp","r3ftrhlp:w3 anyone able to help r with future adl needs"
"CHARLS","CHARLS_China/H_CHARLS_D_Data.dta","r3ftrsp","r3ftrsp:w3 spouse able to help r with future adl needs"
"CHARLS","CHARLS_China/H_CHARLS_D_Data.dta","r3ftrkids","r3ftrkids:w3 child/grandchild able to help r with future adl needs"
"CHARLS","CHARLS_China/H_CHARLS_D_Data.dta","r3ftrothr","r3ftrothr:w3 other relative/someone else able to help r with future adl needs"
"CHARLS","CHARLS_China/H_CHARLS_D_Data.dta","r3ftrpro","r3ftrpro:w3 professional able to help r with future adl needs"
"CHARLS","CHARLS_China/H_CHARLS_D_Data.dta","r3racany","r3racany:w3 r receives any care for adls"
"CHARLS","CHARLS_China/H_CHARLS_D_Data.dta","r3ricany","r3ricany:w3 r receives any care for iadls"
"CHARLS","CHARLS_China/H_CHARLS_D_Data.dta","r3rcany","r3rcany:w3 r receives any care for adls/iadls"
"CHARLS","CHARLS_China/H_CHARLS_D_Data.dta","r3rcaany","r3rcaany:w3 r receives any informal care for adls/iadls"
"CHARLS","CHARLS_China/H_CHARLS_D_Data.dta","r3rscare","r3rscare:w3 r receives informal care from spouse for adls/iadls"
"CHARLS","CHARLS_China/H_CHARLS_D_Data.dta","r3rscaredpm","r3rscaredpm:w3 r days/month receives care from spouse for adls/iadls"
"CHARLS","CHARLS_China/H_CHARLS_D_Data.dta","r3rscarehr","r3rscarehr:w3 r hours/day receives care from spouse for adls/iadls"
"CHARLS","CHARLS_China/H_CHARLS_D_Data.dta","r3rscarepd","r3rscarepd:w3 r whether spouse is paid for care for adls/iadls"
"CHARLS","CHARLS_China/H_CHARLS_D_Data.dta","r3rccare","r3rccare:w3 r receives informal care from children/grchildren for adls/iadls"
"CHARLS","CHARLS_China/H_CHARLS_D_Data.dta","r3rccaren","r3rccaren:w3 number of children/grchildren who help r with adls/iadls"
"CHARLS","CHARLS_China/H_CHARLS_D_Data.dta","r3rccaredpm","r3rccaredpm:w3 r days/month receives care from children/grchildren for adls/iadl"
"CHARLS","CHARLS_China/H_CHARLS_D_Data.dta","r3rccarehr","r3rccarehr:w3 r hours/day receives care from children/grchildren for adls/iadls"
"CHARLS","CHARLS_China/H_CHARLS_D_Data.dta","r3rccarepd","r3rccarepd:w3 r whether child/grchild is paid for care for adls/iadls"
"CHARLS","CHARLS_China/H_CHARLS_D_Data.dta","r3rrcare","r3rrcare:w3 r receives informal care from relatives for adls/iadls"
"CHARLS","CHARLS_China/H_CHARLS_D_Data.dta","r3rrcaren","r3rrcaren:w3 number of relatives who help r with adls/iadls"
"CHARLS","CHARLS_China/H_CHARLS_D_Data.dta","r3rrcaredpm","r3rrcaredpm:w3 r days/month receives care from relatives for adls/iadls"
"CHARLS","CHARLS_China/H_CHARLS_D_Data.dta","r3rrcarehr","r3rrcarehr:w3 r hours/day receives care from relatives for adls/iadls"
"CHARLS","CHARLS_China/H_CHARLS_D_Data.dta","r3rrcarepd","r3rrcarepd:w3 r whether relative is paid for care for adls/iadls"
"CHARLS","CHARLS_China/H_CHARLS_D_Data.dta","r3rfcare","r3rfcare:w3 r receives informal care from non-relatives for adls/iadls"
"CHARLS","CHARLS_China/H_CHARLS_D_Data.dta","r3rfcaren","r3rfcaren:w3 number of non-relatives who help r with adls/iadls"
"CHARLS","CHARLS_China/H_CHARLS_D_Data.dta","r3rfcaredpm","r3rfcaredpm:w3 r days/month receives care from non-relatives for adls/iadls"
"CHARLS","CHARLS_China/H_CHARLS_D_Data.dta","r3rfcarehr","r3rfcarehr:w3 r hours/day receives care from non-relatives for adls/iadls"
"CHARLS","CHARLS_China/H_CHARLS_D_Data.dta","r3rfcarepd","r3rfcarepd:w3 r whether non-relative is paid for care for adls/iadls"
"CHARLS","CHARLS_China/H_CHARLS_D_Data.dta","r3rfaany","r3rfaany:w3 r receives any formal care for adls/iadls"
"CHARLS","CHARLS_China/H_CHARLS_D_Data.dta","r3hlppdni","r3hlppdni:w3 r number of paid informal helpers"
"CHARLS","CHARLS_China/H_CHARLS_D_Data.dta","r3hlppdamt","r3hlppdamt:w3 r total monthly oop cost for paid care"
"CHARLS","CHARLS_China/H_CHARLS_D_Data.dta","r3gcaresck","r3gcaresck:w3 whether r gave informal care to sick or disabled"
"CHARLS","CHARLS_China/H_CHARLS_D_Data.dta","r3lifethe","r3lifethe:w3 r ever experienced serious traffic accident/injury"
"CHARLS","CHARLS_China/H_CHARLS_D_Data.dta","r3chdeathe","r3chdeathe:w3 r ever experienced death of own child"
"CHARLS","CHARLS_China/H_CHARLS_D_Data.dta","r3depresl","r3depresl:w3 r CESD: Felt depressed"
"CHARLS","CHARLS_China/H_CHARLS_D_Data.dta","r3effortl","r3effortl:w3 r CESD: Everything an effort"
"CHARLS","CHARLS_China/H_CHARLS_D_Data.dta","r3sleeprl","r3sleeprl:w3 r CESD: Sleep was restless"
"CHARLS","CHARLS_China/H_CHARLS_D_Data.dta","r3whappyl","r3whappyl:w3 r CESD: Was happy"
"CHARLS","CHARLS_China/H_CHARLS_D_Data.dta","r3flonel","r3flonel:w3 r CESD: Felt lonely"
"CHARLS","CHARLS_China/H_CHARLS_D_Data.dta","r3botherl","r3botherl:w3 r CESD: Bothered by little things"
"CHARLS","CHARLS_China/H_CHARLS_D_Data.dta","r3goingl","r3goingl:w3 r CESD: Could not get going"
"CHARLS","CHARLS_China/H_CHARLS_D_Data.dta","r3mindtsl","r3mindtsl:w3 r CESD: Had trouble keeping mind on what is doing"
"CHARLS","CHARLS_China/H_CHARLS_D_Data.dta","r3fhopel","r3fhopel:w3 r CESD: Feel hopeful about the future"
"CHARLS","CHARLS_China/H_CHARLS_D_Data.dta","r3fearll","r3fearll:w3 r CESD: Feel fearful"
"CHARLS","CHARLS_China/H_CHARLS_D_Data.dta","r3cesd10","r3cesd10:w3 r CESD Score"
"CHARLS","CHARLS_China/H_CHARLS_D_Data.dta","r3cesd10m","r3cesd10m:w3 r Missing in CESD Score"
"CHARLS","CHARLS_China/H_CHARLS_D_Data.dta","r3satlife","r3satlife:w3 r satisfied with life"
"CHARLS","CHARLS_China/H_CHARLS_D_Data.dta","r3satlifez","r3satlife:w3 r satisfied with life z-score"
"MHAS","MHAS_Mexico/H_MHAS_d.dta","r5iwstat","r5iwstat: w5 R Interview Status"
"MHAS","MHAS_Mexico/H_MHAS_d.dta","r5proxy","r5proxy: w5 R Whether Proxy Interview"
"MHAS","MHAS_Mexico/H_MHAS_d.dta","r5wthh","r5wthh: w5 Household Analysis Weight"
"MHAS","MHAS_Mexico/H_MHAS_d.dta","r5wtresp","r5wtresp: w5 R Person-Level Analysis Weight"
"MHAS","MHAS_Mexico/H_MHAS_d.dta","r5iwm","r5iwm: w5 R Interview Month"
"MHAS","MHAS_Mexico/H_MHAS_d.dta","r5iwy","r5iwy: w5 R Interview Year"
"MHAS","MHAS_Mexico/H_MHAS_d.dta","r5iwf","r5iwf: w5 R Interview Date Flag"
"MHAS","MHAS_Mexico/H_MHAS_d.dta","r5agey","r5agey: w5 R Age (years) at ivw"
"MHAS","MHAS_Mexico/H_MHAS_d.dta","r5genderf","r5genderf: w5 R Gender Report Update Flag"
"MHAS","MHAS_Mexico/H_MHAS_d.dta","r5mpart","r5mpart: w5 R Current Partnership Status"
"MHAS","MHAS_Mexico/H_MHAS_d.dta","r5mstat","r5mstat: w5 R Marital Status"
"MHAS","MHAS_Mexico/H_MHAS_d.dta","r5mstath","r5mstath: w5 R Marital Status w/o Partnership Filled"
"MHAS","MHAS_Mexico/H_MHAS_d.dta","r5mrct","r5mrct: w5 R Number of Marriages"
"MHAS","MHAS_Mexico/H_MHAS_d.dta","r5shlt","r5shlt: w5 R Self-report of health"
"MHAS","MHAS_Mexico/H_MHAS_d.dta","r5hltc","r5hltc: w5 R Self-report of health change"
"MHAS","MHAS_Mexico/H_MHAS_d.dta","r5dress","r5dress: w5 R Difficulty-Dressing"
"MHAS","MHAS_Mexico/H_MHAS_d.dta","r5walkr","r5walkr: w5 R Difficulty-Walking across room"
"MHAS","MHAS_Mexico/H_MHAS_d.dta","r5bath","r5bath: w5 R Difficulty-Bathing or showering"
"MHAS","MHAS_Mexico/H_MHAS_d.dta","r5eat","r5eat: w5 R Difficulty-Eating"
"MHAS","MHAS_Mexico/H_MHAS_d.dta","r5bed","r5bed: w5 R Difficulty-Getting in/out of bed"
"MHAS","MHAS_Mexico/H_MHAS_d.dta","r5toilt","r5toilt: w5 R Difficulty-Using the toilet"
"MHAS","MHAS_Mexico/H_MHAS_d.dta","r5walkra","r5walkra: w5 R Some difficulty-Walking across room"
"MHAS","MHAS_Mexico/H_MHAS_d.dta","r5dressa","r5dressa: w5 R Some difficulty-Dressing"
"MHAS","MHAS_Mexico/H_MHAS_d.dta","r5batha","r5batha: w5 R Some difficulty-Bathing or showering"
"MHAS","MHAS_Mexico/H_MHAS_d.dta","r5eata","r5eata: w5 R Some difficulty-Eating"
"MHAS","MHAS_Mexico/H_MHAS_d.dta","r5beda","r5beda: w5 R Some difficulty-Getting in/out of bed"
"MHAS","MHAS_Mexico/H_MHAS_d.dta","r5toilta","r5toilta: w5 R Some difficulty-Using the toilet"
"MHAS","MHAS_Mexico/H_MHAS_d.dta","r5money","r5money: w5 R Difficulty-Managing money"
"MHAS","MHAS_Mexico/H_MHAS_d.dta","r5meds","r5meds: w5 R Difficulty-Taking medications"
"MHAS","MHAS_Mexico/H_MHAS_d.dta","r5shop","r5shop: w5 R Difficulty-Shopping for groceries"
"MHAS","MHAS_Mexico/H_MHAS_d.dta","r5meals","r5meals: w5 R Difficulty-Preparing hot meals"
"MHAS","MHAS_Mexico/H_MHAS_d.dta","r5moneya","r5moneya: w5 R Some difficulty-Managing money"
"MHAS","MHAS_Mexico/H_MHAS_d.dta","r5medsa","r5medsa: w5 R Some difficulty-Taking medications"
"MHAS","MHAS_Mexico/H_MHAS_d.dta","r5shopa","r5shopa: w5 R Some difficulty-Shopping for groceries"
"MHAS","MHAS_Mexico/H_MHAS_d.dta","r5mealsa","r5mealsa: w5 R Some difficulty-Preparing hot meals"
"MHAS","MHAS_Mexico/H_MHAS_d.dta","r5walks","r5walks: w5 R Difficulty-Walking several blocks"
"MHAS","MHAS_Mexico/H_MHAS_d.dta","r5jog","r5jog: w5 R Difficulty-Run/Jogging one km"
"MHAS","MHAS_Mexico/H_MHAS_d.dta","r5walk1","r5walk1: w5 R Difficulty-Walking one block"
"MHAS","MHAS_Mexico/H_MHAS_d.dta","r5sit","r5sit: w5 R Difficulty-Sitting for 2 hours"
"MHAS","MHAS_Mexico/H_MHAS_d.dta","r5chair","r5chair: w5 R Difficulty-Getting up from chair"
"MHAS","MHAS_Mexico/H_MHAS_d.dta","r5clims","r5clims: w5 R Difficulty-Climbing sev flts stairs"
"MHAS","MHAS_Mexico/H_MHAS_d.dta","r5clim1","r5clim1: w5 R Difficulty-Climbing one flt stairs"
"MHAS","MHAS_Mexico/H_MHAS_d.dta","r5stoop","r5stoop: w5 R Difficulty-Stoop/kneel/crouching"
"MHAS","MHAS_Mexico/H_MHAS_d.dta","r5lift","r5lift: w5 R Difficulty-Lift/carrying 5 kgs"
"MHAS","MHAS_Mexico/H_MHAS_d.dta","r5dime","r5dime: w5 R Difficulty-Picking up a coin"
"MHAS","MHAS_Mexico/H_MHAS_d.dta","r5arms","r5arms: w5 R Difficulty-Reach/extending arms up"
"MHAS","MHAS_Mexico/H_MHAS_d.dta","r5push","r5push: w5 R Difficulty-Push/pulling large objects"
"MHAS","MHAS_Mexico/H_MHAS_d.dta","r5walksa","r5walksa: w5 R Some difficulty-Walking several blocks"
"MHAS","MHAS_Mexico/H_MHAS_d.dta","r5joga","r5joga: w5 R Some difficulty-Run/Jogging one km"
"MHAS","MHAS_Mexico/H_MHAS_d.dta","r5walk1a","r5walk1a: w5 R Some difficulty-Walking one block"
"MHAS","MHAS_Mexico/H_MHAS_d.dta","r5sita","r5sita: w5 R Some difficulty-Sitting for 2 hours"
"MHAS","MHAS_Mexico/H_MHAS_d.dta","r5chaira","r5chaira: w5 R Some difficulty-Getting up from chair"
"MHAS","MHAS_Mexico/H_MHAS_d.dta","r5climsa","r5climsa: w5 R Some difficulty-Climbing sev flts stairs"
"MHAS","MHAS_Mexico/H_MHAS_d.dta","r5clim1a","r5clim1a: w5 R Some difficulty-Climbing one flt stairs"
"MHAS","MHAS_Mexico/H_MHAS_d.dta","r5stoopa","r5stoopa: w5 R Some difficulty-Stoop/kneel/crouching"
"MHAS","MHAS_Mexico/H_MHAS_d.dta","r5lifta","r5lifta: w5 R Some difficulty-Lift/carrying 5 kgs"
"MHAS","MHAS_Mexico/H_MHAS_d.dta","r5dimea","r5dimea: w5 R Some difficulty-Picking up a coin"
"MHAS","MHAS_Mexico/H_MHAS_d.dta","r5armsa","r5armsa: w5 R Some difficulty-Reach/extending arms up"
"MHAS","MHAS_Mexico/H_MHAS_d.dta","r5pusha","r5pusha: w5 R Some difficulty-Push/pulling large objects"
"MHAS","MHAS_Mexico/H_MHAS_d.dta","r5adltot6","r5adltot6: w5 R Some difficulty-Total ADLs 0-6"
"MHAS","MHAS_Mexico/H_MHAS_d.dta","r5adltot6m","r5adltot6m: w5 R Some difficulty-Missings in Total ADLs 0-6 Score"
"MHAS","MHAS_Mexico/H_MHAS_d.dta","r5adltot6a","r5adltot6a: w5 R Any difficulty ADLs 0-6"
"MHAS","MHAS_Mexico/H_MHAS_d.dta","r5adla","r5adla: w5 R Some difficulty-ADLs 0-5"
"MHAS","MHAS_Mexico/H_MHAS_d.dta","r5adlam","r5adlam: w5 R Some difficulty-Missings in ADLs 0-5 Score"
"MHAS","MHAS_Mexico/H_MHAS_d.dta","r5adlaa","r5adlaa: w5 R Any difficulty ADLs 0-5"
"MHAS","MHAS_Mexico/H_MHAS_d.dta","r5adlfive","r5adlfive: w5 R Some difficulty-ADLs 0-5 Alternate"
"MHAS","MHAS_Mexico/H_MHAS_d.dta","r5adlfivem","r5adlfivem: w5 R Some difficulty-Missings in ADLs 0-5 Score Alternate"
"MHAS","MHAS_Mexico/H_MHAS_d.dta","r5adlfivea","r5adlfivea: w5 R Any difficulty ADLs 0-5 Alternate"
"MHAS","MHAS_Mexico/H_MHAS_d.dta","r5adla_m","r5adla_m: w5 R Some difficulty-ADLs 0-4"
"MHAS","MHAS_Mexico/H_MHAS_d.dta","r5adlam_m","r5adlam_m: w5 R Some difficulty-Missings in ADLs 0-4 Score"
"MHAS","MHAS_Mexico/H_MHAS_d.dta","r5adlaa_m","r5adlaa_m: w5 R Any difficulty ADLs 0-4"
"MHAS","MHAS_Mexico/H_MHAS_d.dta","r5adlwa","r5adlwa: w5 R Some difficulty-ADLs: Wallace 0-3"
"MHAS","MHAS_Mexico/H_MHAS_d.dta","r5adlwam","r5adlwam: w5 R Some difficulty-Missings Wallace Score 0-3"
"MHAS","MHAS_Mexico/H_MHAS_d.dta","r5adlwaa","r5adlwaa: w5 R Any difficulty ADLs 0-3"
"MHAS","MHAS_Mexico/H_MHAS_d.dta","r5iadlfour","r5iadlfour: w5 R Some difficulty-IADLs 0-4"
"MHAS","MHAS_Mexico/H_MHAS_d.dta","r5iadlfourm","r5iadlfourm: w5 R Some difficulty-Missings in IADLs Score"
"MHAS","MHAS_Mexico/H_MHAS_d.dta","r5iadlfoura","r5iadlfoura: w5 R Any difficulty IADLs 0-4"
"MHAS","MHAS_Mexico/H_MHAS_d.dta","r5mobila","r5mobila: w5 R Some difficulty-Mobility 0-5"
"MHAS","MHAS_Mexico/H_MHAS_d.dta","r5mobilam","r5mobilam: w5 R Some difficulty-Missings in Mobility Score"
"MHAS","MHAS_Mexico/H_MHAS_d.dta","r5mobilaa","r5mobilaa: w5 R Any difficulty Mobility 0-5"
"MHAS","MHAS_Mexico/H_MHAS_d.dta","r5lgmusa","r5lgmusa: w5 R Some difficulty-Large Muscle 0-4"
"MHAS","MHAS_Mexico/H_MHAS_d.dta","r5lgmusam","r5lgmusam: w5 R Some difficulty-Missings in Large Muscle Score"
"MHAS","MHAS_Mexico/H_MHAS_d.dta","r5lgmusaa","r5lgmusaa: w5 R Any difficulty Large Muscle 0-4"
"MHAS","MHAS_Mexico/H_MHAS_d.dta","r5grossa","r5grossa: w5 R Some difficulty-Gross Motor 0-5"
"MHAS","MHAS_Mexico/H_MHAS_d.dta","r5grossam","r5grossam: w5 R Some difficulty-Missings in Gross Motor Score"
"MHAS","MHAS_Mexico/H_MHAS_d.dta","r5grossaa","r5grossaa: w5 R Any difficulty Gross Motor 0-5"
"MHAS","MHAS_Mexico/H_MHAS_d.dta","r5finea","r5finea: w5 R Some difficulty-Fine Motor 0-3"
"MHAS","MHAS_Mexico/H_MHAS_d.dta","r5fineam","r5fineam: w5 R Some difficulty-Missings in Fine Motor Score"
"MHAS","MHAS_Mexico/H_MHAS_d.dta","r5fineaa","r5fineaa: w5 R Any difficulty Fine Motor 0-3"
"MHAS","MHAS_Mexico/H_MHAS_d.dta","r5mobilsev","r5mobilsev: w5 R Some difficulty-7 item Mobility 0-7"
"MHAS","MHAS_Mexico/H_MHAS_d.dta","r5mobilsevm","r5mobilsevm: w5 R Some difficulty-Missings in 7 item Mobility Score"
"MHAS","MHAS_Mexico/H_MHAS_d.dta","r5mobilseva","r5mobilseva: w5 R Any difficulty Mobility 0-7"
"MHAS","MHAS_Mexico/H_MHAS_d.dta","r5uppermob","r5uppermob: w5 R Some difficulty-Upper Body Mobility 0-3"
"MHAS","MHAS_Mexico/H_MHAS_d.dta","r5uppermobm","r5uppermobm: w5 R Some difficulty-Missings in Upper Body Mobility Score"
"MHAS","MHAS_Mexico/H_MHAS_d.dta","r5uppermoba","r5uppermoba: w5 R Any difficulty Upper Body Mobility 0-3"
"MHAS","MHAS_Mexico/H_MHAS_d.dta","r5lowermob","r5lowermob: w5 R Some difficulty-Lower Body Mobility 0-4"
"MHAS","MHAS_Mexico/H_MHAS_d.dta","r5lowermobm","r5lowermobm: w5 R Some difficulty-Missings in Lower Body Mobility Score"
"MHAS","MHAS_Mexico/H_MHAS_d.dta","r5lowermoba","r5lowermoba: w5 R Any difficulty Lower Body Mobility 0-4"
"MHAS","MHAS_Mexico/H_MHAS_d.dta","r5nagi10","r5nagi10: w5 R Some difficulty-NAGI Score 0-10"
"MHAS","MHAS_Mexico/H_MHAS_d.dta","r5nagi10m","r5nagi10m: w5 R Some difficulty-Missings in 10-item NAGI Score"
"MHAS","MHAS_Mexico/H_MHAS_d.dta","r5nagi10a","r5nagi10a: w5 R Any difficulty NAGI Score 0-10"
"MHAS","MHAS_Mexico/H_MHAS_d.dta","r5nagi8","r5nagi8: w5 R Some difficulty-NAGI Score 0-8"
"MHAS","MHAS_Mexico/H_MHAS_d.dta","r5nagi8m","r5nagi8m: w5 R Some difficulty-Missings in 8-item NAGI Score"
"MHAS","MHAS_Mexico/H_MHAS_d.dta","r5nagi8a","r5nagi8a: w5 R Any difficulty NAGI Score 0-8"
"MHAS","MHAS_Mexico/H_MHAS_d.dta","r5hibpe","r5hibpe: w5 R Ever had high blood pressure"
"MHAS","MHAS_Mexico/H_MHAS_d.dta","r5diabe","r5diabe: w5 R Ever had diabetes"
"MHAS","MHAS_Mexico/H_MHAS_d.dta","r5cancre","r5cancre: w5 R Ever had cancer"
"MHAS","MHAS_Mexico/H_MHAS_d.dta","r5respe","r5respe: w5 R Ever had respiratory disease, incl asthma"
"MHAS","MHAS_Mexico/H_MHAS_d.dta","r5hrtatte","r5hrtatte: w5 R Ever had heart attack"
"MHAS","MHAS_Mexico/H_MHAS_d.dta","r5hearte","r5hearte: w5 R Ever had heart problems"
"MHAS","MHAS_Mexico/H_MHAS_d.dta","r5stroke","r5stroke: w5 R Ever had stroke"
"MHAS","MHAS_Mexico/H_MHAS_d.dta","r5arthre","r5arthre: w5 R Ever had arthritis"
"MHAS","MHAS_Mexico/H_MHAS_d.dta","r5rxhibp","r5rxhibp: w5 Whether R takes meds for high blood pressure"
"MHAS","MHAS_Mexico/H_MHAS_d.dta","r5rxdiabo","r5rxdiabo: w5 Whether R takes oral meds for diabetes"
"MHAS","MHAS_Mexico/H_MHAS_d.dta","r5rxdiabi","r5rxdiabi: w5 Whether R takes insulin for diabetes"
"MHAS","MHAS_Mexico/H_MHAS_d.dta","r5rxdiab","r5rxdiab: w5 Whether R takes meds for diabetes (oral or insulin)"
"MHAS","MHAS_Mexico/H_MHAS_d.dta","r5cncrchem","r5cncrchem: w5 R received treatment for cancer (chemotherapy)"
"MHAS","MHAS_Mexico/H_MHAS_d.dta","r5cncrsurg","r5cncrsurg: w5 R received treatment for cancer (surgery)"
"MHAS","MHAS_Mexico/H_MHAS_d.dta","r5cncrradn","r5cncrradn: w5 R received treatment for cancer (radiation/xray)"
"MHAS","MHAS_Mexico/H_MHAS_d.dta","r5cncrmeds","r5cncrmeds: w5 R received treatment for cancer (meds for symptoms)"
"MHAS","MHAS_Mexico/H_MHAS_d.dta","r5cncrothr","r5cncrothr: w5 R received treatment for cancer (other)"
"MHAS","MHAS_Mexico/H_MHAS_d.dta","r5rxresp","r5rxresp: w5 Whether R takes meds for respiratory disease"
"MHAS","MHAS_Mexico/H_MHAS_d.dta","r5rxhrtat","r5rxhrtat: w5 Whether R takes meds for heart attack"
"MHAS","MHAS_Mexico/H_MHAS_d.dta","r5rxstrok","r5rxstrok: w5 Whether R takes medication for stroke"
"MHAS","MHAS_Mexico/H_MHAS_d.dta","r5rxarthr","r5rxarthr: w5 Whether R takes medication for arthritis"
"MHAS","MHAS_Mexico/H_MHAS_d.dta","r5resplmt","r5resplmt: w5 Whether respiratory problems limits R's daily activities"
"MHAS","MHAS_Mexico/H_MHAS_d.dta","r5hrtatlmt","r5hrtatlmt: w5 Whether heart attack limits R's daily activities"
"MHAS","MHAS_Mexico/H_MHAS_d.dta","r5stroklmt","r5stroklmt: w5 Whether stroke limits R's daily activities"
"MHAS","MHAS_Mexico/H_MHAS_d.dta","r5arthlmt","r5arthlmt: w5 Whether arthritis limits R's daily activities"
"MHAS","MHAS_Mexico/H_MHAS_d.dta","r5reccancr","r5reccancr: w5 R Age most recent cancer diagnosis"
"MHAS","MHAS_Mexico/H_MHAS_d.dta","r5rechrtatt","r5rechrtatt: w5 R Age most recent heart attack"
"MHAS","MHAS_Mexico/H_MHAS_d.dta","r5recstrok","r5recstrok: w5 R Age most recent stroke"
"MHAS","MHAS_Mexico/H_MHAS_d.dta","r5sight","r5sight: w5 R Self-rated eyesight"
"MHAS","MHAS_Mexico/H_MHAS_d.dta","r5glasses","r5glasses: w5 R Wears glasses"
"MHAS","MHAS_Mexico/H_MHAS_d.dta","r5hearing","r5hearing: w5 R Self-rated hearing"
"MHAS","MHAS_Mexico/H_MHAS_d.dta","r5hearaid","r5hearaid: w5 R Wears hearing aid"
"MHAS","MHAS_Mexico/H_MHAS_d.dta","r5fall","r5fall: w5 R Fallen down last 2 years"
"MHAS","MHAS_Mexico/H_MHAS_d.dta","r5fallnum","r5fallnum: w5 R Number of falls"
"MHAS","MHAS_Mexico/H_MHAS_d.dta","r5fallinj","r5fallinj: w5 R Injured from fall"
"MHAS","MHAS_Mexico/H_MHAS_d.dta","r5hip_m","r5hip_m: w5 R Fractured a bone (including hip) in the last 2 yrs"
"MHAS","MHAS_Mexico/H_MHAS_d.dta","r5hip","r5hip: w5 R Fractured hip in the last 2 yrs"
"MHAS","MHAS_Mexico/H_MHAS_d.dta","r5urinurg2y","r5urinurg2y: w5 R Urge to urinate (last 2 yrs)"
"MHAS","MHAS_Mexico/H_MHAS_d.dta","r5urincgh2y","r5urincgh2y: w5 R Leaks urine when coughing (last 2 yrs)"
"MHAS","MHAS_Mexico/H_MHAS_d.dta","r5swell","r5swell: w5 R Persistent swelling in feet/ankles"
"MHAS","MHAS_Mexico/H_MHAS_d.dta","r5breath_m","r5breath_m: w5 R Difficulty breathing or coughing"
"MHAS","MHAS_Mexico/H_MHAS_d.dta","r5fatigue","r5fatigue: w5 R Severe fatigue"
"MHAS","MHAS_Mexico/H_MHAS_d.dta","r5fallslp","r5fallslp: w5 R Trouble falling asleep"
"MHAS","MHAS_Mexico/H_MHAS_d.dta","r5wakent","r5wakent: w5 R Wakes up during night"
"MHAS","MHAS_Mexico/H_MHAS_d.dta","r5wakeup","r5wakeup: w5 R Wakes up too early"
"MHAS","MHAS_Mexico/H_MHAS_d.dta","r5rested","r5rested: w5 R Feels rested when wakes up"
"MHAS","MHAS_Mexico/H_MHAS_d.dta","r5painfr","r5painfr: w5 R Frequent problems with pain"
"MHAS","MHAS_Mexico/H_MHAS_d.dta","r5painlv","r5painlv: w5 R Usual level of pain"
"MHAS","MHAS_Mexico/H_MHAS_d.dta","r5paina","r5paina: w5 R Pain interferes with normal activities"
"MHAS","MHAS_Mexico/H_MHAS_d.dta","r5hystere","r5hystere: w5 R Ever had hysterectomy"
"MHAS","MHAS_Mexico/H_MHAS_d.dta","r5lstmnspd","r5lstmnspd: w5 R Age last menstrual period"
"MHAS","MHAS_Mexico/H_MHAS_d.dta","r5flstmnspd","r5flstmnspd: w5 R Flag age last menstrual period"
"MHAS","MHAS_Mexico/H_MHAS_d.dta","r5bmi","r5bmi: w5 R Body Mass Index=kg/m2"
"MHAS","MHAS_Mexico/H_MHAS_d.dta","r5weight","r5weight: w5 R Weight in kilograms"
"MHAS","MHAS_Mexico/H_MHAS_d.dta","r5height","r5height: w5 R Height in meters"
"MHAS","MHAS_Mexico/H_MHAS_d.dta","r5bmicat","r5bmicat:w5 r BMI categorization"
"MHAS","MHAS_Mexico/H_MHAS_d.dta","r5obese","r5obese:w5 R whether obese"
"MHAS","MHAS_Mexico/H_MHAS_d.dta","r5vigact","r5vigact: w5 R Wtr vigorus phys act 3+/wk"
"MHAS","MHAS_Mexico/H_MHAS_d.dta","r5drink","r5drink: w5 R Drinks any alcohol"
"MHAS","MHAS_Mexico/H_MHAS_d.dta","r5drinkd","r5drinkd: w5 R Number of days/week drinks"
"MHAS","MHAS_Mexico/H_MHAS_d.dta","r5drinkn","r5drinkn: w5 R Number of drinks/day when drinks"
"MHAS","MHAS_Mexico/H_MHAS_d.dta","r5drinkb","r5drinkb: w5 R Ever binge drinks"
"MHAS","MHAS_Mexico/H_MHAS_d.dta","r5binged","r5binged: w5 R Number of days binge drinks"
"MHAS","MHAS_Mexico/H_MHAS_d.dta","r5smokev","r5smokev: w5 R Ever smoked"
"MHAS","MHAS_Mexico/H_MHAS_d.dta","r5smoken","r5smoken: w5 R Smokes now"
"MHAS","MHAS_Mexico/H_MHAS_d.dta","r5smokef","r5smokef: w5 R Number of cigarettes/day"
"MHAS","MHAS_Mexico/H_MHAS_d.dta","r5smokefm","r5smokefm: w5 R Number of cigarettes/day when smoking most"
"MHAS","MHAS_Mexico/H_MHAS_d.dta","r5strtsmok","r5strtsmok: w5 R Age started smoking"
"MHAS","MHAS_Mexico/H_MHAS_d.dta","r5quitsmok","r5quitsmok: w5 R Age quit smoking"
"MHAS","MHAS_Mexico/H_MHAS_d.dta","r5cholst","r5cholst: w5 R Prev Care: Cholesterol last 2y"
"MHAS","MHAS_Mexico/H_MHAS_d.dta","r5breast","r5breast: w5 R Prev Care: Monthly Breast Check"
"MHAS","MHAS_Mexico/H_MHAS_d.dta","r5mammog","r5mammog: w5 R Prev Care: Mammogram last 2y"
"MHAS","MHAS_Mexico/H_MHAS_d.dta","r5papsm","r5papsm: w5 R Prev Care: Pap Smear last 2y"
"MHAS","MHAS_Mexico/H_MHAS_d.dta","r5prost","r5prost: w5 R Prev Care: Prostate last 2y"
"MHAS","MHAS_Mexico/H_MHAS_d.dta","r5flusht","r5flusht: w5 R Prev Care: Flu shot last 2y"
"MHAS","MHAS_Mexico/H_MHAS_d.dta","r5pneusht","r5pneusht: w5 R Prev Care: Pneumonia vaccine last 2y"
"MHAS","MHAS_Mexico/H_MHAS_d.dta","r5coloncr","r5coloncr: w5 R Prev Care: Colon cancer screening last 2y"
"MHAS","MHAS_Mexico/H_MHAS_d.dta","r5hosp1y","r5hosp1y: w5 R Hospital stay, previous 12 months"
"MHAS","MHAS_Mexico/H_MHAS_d.dta","r5hspnit1y","r5hspnit1y: w5 R Hospital nights, previous 12 months"
"MHAS","MHAS_Mexico/H_MHAS_d.dta","r5doctor1y","r5doctor1y: w5 R Doctor visits, previous 12 months"
"MHAS","MHAS_Mexico/H_MHAS_d.dta","r5doctim1y","r5doctim1y: w5 R # Doctor visits, previous 12 months"
"MHAS","MHAS_Mexico/H_MHAS_d.dta","r5outpt1y","r5outpt1y: w5 R Outpatient surgery, previous 12 months"
"MHAS","MHAS_Mexico/H_MHAS_d.dta","r5dentst1y","r5dentst1y: w5 R Dental visits, previous 12 months"
"MHAS","MHAS_Mexico/H_MHAS_d.dta","r5dentim1y","r5dentim1y: w5 R # Dental visits, previous 12 months"
"MHAS","MHAS_Mexico/H_MHAS_d.dta","r5oophos1y","r5oophos1y: w5 R Out of pocket hospital exp, previous 12 months"
"MHAS","MHAS_Mexico/H_MHAS_d.dta","r5oophosf1y","r5oophosf1y: w5 R Out of pocket hospital exp imputed flag"
"MHAS","MHAS_Mexico/H_MHAS_d.dta","r5oopden1y","r5oopden1y: w5 R Out of pocket dentist exp, previous 12 months"
"MHAS","MHAS_Mexico/H_MHAS_d.dta","r5oopdenf1y","r5oopdenf1y: w5 R Out of pocket dentist exp imputed flag"
"MHAS","MHAS_Mexico/H_MHAS_d.dta","r5ooposrg1y","r5ooposrg1y: w5 R Out of pocket outpatient surgery exp, previous 12 months"
"MHAS","MHAS_Mexico/H_MHAS_d.dta","r5ooposrgf1y","r5ooposrgf1y: w5 R Out of pocket outpatient surgery exp imputed flag"
"MHAS","MHAS_Mexico/H_MHAS_d.dta","r5oopdoc1y","r5oopdoc1y: w5 R Out of pocket doctor exp, previous 12 months"
"MHAS","MHAS_Mexico/H_MHAS_d.dta","r5oopdocf1y","r5oopdocf1y: w5 R Out of pocket doctor exp imputed flag"
"MHAS","MHAS_Mexico/H_MHAS_d.dta","r5oopdrug1m","r5oopdrug1m: w5 R Out of pocket medications, per month"
"MHAS","MHAS_Mexico/H_MHAS_d.dta","r5oopdrugf1m","r5oopdrugf1m: w5 R Out of pocket medication exp imputed flag"
"MHAS","MHAS_Mexico/H_MHAS_d.dta","r5oopmd1y","r5oopmd1y: w5 R Out of pocket med exp, previous 12 months"
"MHAS","MHAS_Mexico/H_MHAS_d.dta","r5oopmdf1y","r5oopmdf1y: w5 R Out of pocket med exp imputed flag"
"MHAS","MHAS_Mexico/H_MHAS_d.dta","r5higov","r5higov: w5 R Covered by government plan"
"MHAS","MHAS_Mexico/H_MHAS_d.dta","r5hipriv","r5hipriv: w5 R Covered by private health insurance"
"MHAS","MHAS_Mexico/H_MHAS_d.dta","r5covr_m","r5covr_m: w5 R Covered by respondent's employer plan"
"MHAS","MHAS_Mexico/H_MHAS_d.dta","r5covs_m","r5covs_m: w5 R Covered by spouse's employer plan"
"MHAS","MHAS_Mexico/H_MHAS_d.dta","r5htnum","r5htnum: w5 R Number of pub/priv health insurance plans"
"MHAS","MHAS_Mexico/H_MHAS_d.dta","r5novisual","r5novisual: w5 R Visual Problems"
"MHAS","MHAS_Mexico/H_MHAS_d.dta","r5nopencil","r5nopencil: w5 R Problem Holding a Pencil"
"MHAS","MHAS_Mexico/H_MHAS_d.dta","r5slfmem","r5slfmem: w5 R Self-Rated Memory"
"MHAS","MHAS_Mexico/H_MHAS_d.dta","r5pstmem","r5pstmem: w5 R Memory Compared to the Past"
"MHAS","MHAS_Mexico/H_MHAS_d.dta","r5imrc8","r5imrc8: w5 R Immediate Word Recall 0-8 (1st trial)"
"MHAS","MHAS_Mexico/H_MHAS_d.dta","r5imrc8_m","r5imrc8_m: w5 R Immediate Word Recall 0-8 (avg 3 trials)"
"MHAS","MHAS_Mexico/H_MHAS_d.dta","r5fimrc8","r5fimrc8: w5 Cognition Flag R Immediate Word Recall"
"MHAS","MHAS_Mexico/H_MHAS_d.dta","r5dlrc8","r5dlrc8: w5 R Delayed Word Recall 0-8"
"MHAS","MHAS_Mexico/H_MHAS_d.dta","r5fdlrc8","r5fdlrc8: w5 Cognition Flag R Delayed Word Recall"
"MHAS","MHAS_Mexico/H_MHAS_d.dta","r5tr16","r5tr16: w5 R Word Recall Summary Score 0-16"
"MHAS","MHAS_Mexico/H_MHAS_d.dta","r5ftr16","r5ftr16: w5 Cognition Flag R Word Recall Summary"
"MHAS","MHAS_Mexico/H_MHAS_d.dta","r5idraw1","r5idraw1: w5 R Picture Drawing immediate 1 fig"
"MHAS","MHAS_Mexico/H_MHAS_d.dta","r5fidraw1","r5fidraw1: w5 Cognition Flag R Picture Drawing"
"MHAS","MHAS_Mexico/H_MHAS_d.dta","r5ddraw1","r5ddraw1: w5 R Picture Drawing delayed 1 fig"
"MHAS","MHAS_Mexico/H_MHAS_d.dta","r5fddraw1","r5fddraw1: w5 Cognition Flag R Delayed Picture Drawing"
"MHAS","MHAS_Mexico/H_MHAS_d.dta","r5verbf","r5verbf: w5 R Verbal Fluency Score"
"MHAS","MHAS_Mexico/H_MHAS_d.dta","r5fverbf","r5fverbf: w5 Cognition Flag R Verbal Fluency"
"MHAS","MHAS_Mexico/H_MHAS_d.dta","r5vscan","r5vscan: w5 R Visual Scanning"
"MHAS","MHAS_Mexico/H_MHAS_d.dta","r5fvscan","r5fvscan: w5 Cognition Flag R Visual Scanning"
"MHAS","MHAS_Mexico/H_MHAS_d.dta","r5dy","r5dy: w5 R Date Naming: Day of the Month"
"MHAS","MHAS_Mexico/H_MHAS_d.dta","r5fdy","r5fdy: w5 Cognition Flag R Date Naming-Day of the Month"
"MHAS","MHAS_Mexico/H_MHAS_d.dta","r5mo","r5mo: w5 R Date Naming: Month"
"MHAS","MHAS_Mexico/H_MHAS_d.dta","r5fmo","r5fmo: w5 Cognition Flag R Date Naming-Month"
"MHAS","MHAS_Mexico/H_MHAS_d.dta","r5yr","r5yr: w5 R Date Naming: Year"
"MHAS","MHAS_Mexico/H_MHAS_d.dta","r5fyr","r5fyr: w5 Cognition Flag R Date Naming-Year"
"MHAS","MHAS_Mexico/H_MHAS_d.dta","r5orient_m","r5orient_m: w5 R Date Naming Correctness"
"MHAS","MHAS_Mexico/H_MHAS_d.dta","r5forient_m","r5forient_m: w5 Cognition Flag R Date Naming/Orientation"
"MHAS","MHAS_Mexico/H_MHAS_d.dta","r5ser7","r5ser7: w5 R Serial 7's number of correct subtractions"
"MHAS","MHAS_Mexico/H_MHAS_d.dta","r5fser7","r5fser7: w5 Cognition Flag R Serial 7 subtractions"
"MHAS","MHAS_Mexico/H_MHAS_d.dta","r5ciqscore1","r5ciqscore1: w5 R JORM family/friend details"
"MHAS","MHAS_Mexico/H_MHAS_d.dta","r5fciqscore1","r5fciqscore1: w5 R JORM flag family/friend details"
"MHAS","MHAS_Mexico/H_MHAS_d.dta","r5ciqscore2","r5ciqscore2: w5 R JORM recent events"
"MHAS","MHAS_Mexico/H_MHAS_d.dta","r5fciqscore2","r5fciqscore2: w5 R JORM flag recent events"
"MHAS","MHAS_Mexico/H_MHAS_d.dta","r5ciqscore3","r5ciqscore3: w5 R JORM recent conversations"
"MHAS","MHAS_Mexico/H_MHAS_d.dta","r5fciqscore3","r5fciqscore3: w5 R JORM flag recent conversations"
"MHAS","MHAS_Mexico/H_MHAS_d.dta","r5ciqscore4","r5ciqscore4: w5 R JORM address and telephone number"
"MHAS","MHAS_Mexico/H_MHAS_d.dta","r5fciqscore4","r5fciqscore4: w5 R JORM flag address and telephone number"
"MHAS","MHAS_Mexico/H_MHAS_d.dta","r5ciqscore5","r5ciqscore5: w5 R JORM day and month"
"MHAS","MHAS_Mexico/H_MHAS_d.dta","r5fciqscore5","r5fciqscore5: w5 R JORM flag day and month"
"MHAS","MHAS_Mexico/H_MHAS_d.dta","r5ciqscore6","r5ciqscore6: w5 R JORM where things are usually kept"
"MHAS","MHAS_Mexico/H_MHAS_d.dta","r5fciqscore6","r5fciqscore6: w5 R JORM flag where things are usually kept"
"MHAS","MHAS_Mexico/H_MHAS_d.dta","r5ciqscore7","r5ciqscore7: w5 R JORM where to find things"
"MHAS","MHAS_Mexico/H_MHAS_d.dta","r5fciqscore7","r5fciqscore7: w5 R JORM flag where to find things"
"MHAS","MHAS_Mexico/H_MHAS_d.dta","r5ciqscore8","r5ciqscore8: w5 R JORM work familiar machines"
"MHAS","MHAS_Mexico/H_MHAS_d.dta","r5fciqscore8","r5fciqscore8: w5 R JORM flag work familiar machines"
"MHAS","MHAS_Mexico/H_MHAS_d.dta","r5ciqscore9","r5ciqscore9: w5 R JORM new gadget or machine"
"MHAS","MHAS_Mexico/H_MHAS_d.dta","r5fciqscore9","r5fciqscore9: w5 R JORM flag new gadget or machine"
"MHAS","MHAS_Mexico/H_MHAS_d.dta","r5ciqscore10","r5ciqscore10: w5 R JORM new things in general"
"MHAS","MHAS_Mexico/H_MHAS_d.dta","r5fciqscore10","r5fciqscore10: w5 R JORM flag new things in general"
"MHAS","MHAS_Mexico/H_MHAS_d.dta","r5ciqscore11","r5ciqscore11: w5 R JORM story in a book or on TV"
"MHAS","MHAS_Mexico/H_MHAS_d.dta","r5fciqscore11","r5fciqscore11: w5 R JORM flag story in a book or on TV"
"MHAS","MHAS_Mexico/H_MHAS_d.dta","r5ciqscore12","r5ciqscore12: w5 R JORM making decisions on everyday matters"
"MHAS","MHAS_Mexico/H_MHAS_d.dta","r5fciqscore12","r5fciqscore12: w5 R JORM flag making decisions on everyday matters"
"MHAS","MHAS_Mexico/H_MHAS_d.dta","r5ciqscore13","r5ciqscore13: w5 R JORM handling money for shopping"
"MHAS","MHAS_Mexico/H_MHAS_d.dta","r5fciqscore13","r5fciqscore13: w5 R JORM flag handling money for shopping"
"MHAS","MHAS_Mexico/H_MHAS_d.dta","r5ciqscore14","r5ciqscore14: w5 R JORM handling financial matters"
"MHAS","MHAS_Mexico/H_MHAS_d.dta","r5fciqscore14","r5fciqscore14: w5 R JORM flag handling financial matters"
"MHAS","MHAS_Mexico/H_MHAS_d.dta","r5ciqscore15","r5ciqscore15: w5 R JORM handling other everyday arithmetic problems"
"MHAS","MHAS_Mexico/H_MHAS_d.dta","r5fciqscore15","r5fciqscore15: w5 R JORM flag handling other everyday arithmetic problems"
"MHAS","MHAS_Mexico/H_MHAS_d.dta","r5ciqscore16","r5ciqscore16: w5 R JORM reason things through"
"MHAS","MHAS_Mexico/H_MHAS_d.dta","r5fciqscore16","r5fciqscore16: w5 R JORM flag reason things through"
"MHAS","MHAS_Mexico/H_MHAS_d.dta","r5cjormscore","r5cjormscore: w5 R JORM average score"
"MHAS","MHAS_Mexico/H_MHAS_d.dta","r5prmem","r5prmem: w5 R proxy rating of memory"
"MHAS","MHAS_Mexico/H_MHAS_d.dta","r5prchmem","r5prchmem: w5 R proxy rating change in memory"
"MHAS","MHAS_Mexico/H_MHAS_d.dta","r5rjudg","r5rjudg: w5 R proxy rating of judgement"
"MHAS","MHAS_Mexico/H_MHAS_d.dta","r5rorgnz","r5rorgnz: w5 R proxy rating of daily activity organization"
"MHAS","MHAS_Mexico/H_MHAS_d.dta","r5lost","r5lost: w5 R lost in familiar environments"
"MHAS","MHAS_Mexico/H_MHAS_d.dta","r5wander","r5wander: w5 R ever wanders off"
"MHAS","MHAS_Mexico/H_MHAS_d.dta","r5alone","r5alone: w5 R can be left alone"
"MHAS","MHAS_Mexico/H_MHAS_d.dta","r5haluc","r5haluc: w5 R hallucinates"
"MHAS","MHAS_Mexico/H_MHAS_d.dta","r5iearn","r5iearn:w5 Income:R Earnings from employment"
"MHAS","MHAS_Mexico/H_MHAS_d.dta","r5ifearn","r5ifearn:w5 IncFlag:R Earnings from employment"
"MHAS","MHAS_Mexico/H_MHAS_d.dta","r5ipena","r5ipena:w5 Income:R Pension + Annuity"
"MHAS","MHAS_Mexico/H_MHAS_d.dta","r5ifpena","r5ifpena:w5 IncFlag:R Pension + Annuity"
"MHAS","MHAS_Mexico/H_MHAS_d.dta","r5isret","r5isret:w5 Income:R Public Old Age + Survivor Pensions"
"MHAS","MHAS_Mexico/H_MHAS_d.dta","r5ifsret","r5ifsret:w5 IncFlag:R Public Old Age + Survivor Pensions"
"MHAS","MHAS_Mexico/H_MHAS_d.dta","r5issdi","r5issdi:w5 Income:R Public Disability Pensions"
"MHAS","MHAS_Mexico/H_MHAS_d.dta","r5ifssdi","r5ifssdi:w5 IncFlag:R Public Disability Pensions"
"MHAS","MHAS_Mexico/H_MHAS_d.dta","r5ipubo","r5ipubo:w5 Income:R Other Public Pensions"
"MHAS","MHAS_Mexico/H_MHAS_d.dta","r5ifpubo","r5ifpubo:w5 IncFlag:R Other Public Pensions"
"MHAS","MHAS_Mexico/H_MHAS_d.dta","r5ipubpen","r5ipubpen:w5 Income:R Public Pensions"
"MHAS","MHAS_Mexico/H_MHAS_d.dta","r5ifpubpen","r5ifpubpen:w5 IncFlag:R Public Pensions"
"MHAS","MHAS_Mexico/H_MHAS_d.dta","r5ipeno","r5ipeno:w5 Income:R Other Pensions"
"MHAS","MHAS_Mexico/H_MHAS_d.dta","r5ifpeno","r5ifpeno:w5 IncFlag:R Other Pensions"
"MHAS","MHAS_Mexico/H_MHAS_d.dta","r5ipent","r5ipent:w5 Income:R Total Pensions"
"MHAS","MHAS_Mexico/H_MHAS_d.dta","r5ifpent","r5ifpent:w5 IncFlag:R Total Pensions"
"MHAS","MHAS_Mexico/H_MHAS_d.dta","r5igxfr","r5igxfr:w5 Income:R Other Government Transfers"
"MHAS","MHAS_Mexico/H_MHAS_d.dta","r5ifgxfr","r5ifgxfr:w5 IncFlag:R Other Government Transfers"
"MHAS","MHAS_Mexico/H_MHAS_d.dta","r5iothr","r5iothr:w5 Income:R Other Income"
"MHAS","MHAS_Mexico/H_MHAS_d.dta","r5ifothr","r5ifothr:w5 IncFlag:R Other Income"
"MHAS","MHAS_Mexico/H_MHAS_d.dta","r5livsib","r5livsib: w5 R Number of living siblings"
"MHAS","MHAS_Mexico/H_MHAS_d.dta","r5decsib","r5decsib: w5 R Number of deceased siblings"
"MHAS","MHAS_Mexico/H_MHAS_d.dta","r5livpar","r5livpar: w5 R Number of living parents"
"MHAS","MHAS_Mexico/H_MHAS_d.dta","r5momliv","r5momliv: w5 R Mother Alive"
"MHAS","MHAS_Mexico/H_MHAS_d.dta","r5dadliv","r5dadliv: w5 R Father Alive"
"MHAS","MHAS_Mexico/H_MHAS_d.dta","r5momage","r5momage: w5 R Mother's age - current/at death"
"MHAS","MHAS_Mexico/H_MHAS_d.dta","r5dadage","r5dadage: w5 R Father's age - current/at death"
"MHAS","MHAS_Mexico/H_MHAS_d.dta","r5rfcntpmx_m","r5rfcntpmx_m: w5 R Freq contact w/friends and relatives phone/email"
"MHAS","MHAS_Mexico/H_MHAS_d.dta","r5rfcntpm","r5rfcntpm: w5 R Any weekly contact w/friends and relatives phone/email"
"MHAS","MHAS_Mexico/H_MHAS_d.dta","r5rfcntpm1m","r5rfcntpm1m: w5 R Any monthly contact w/friends and relatives phone/email"
"MHAS","MHAS_Mexico/H_MHAS_d.dta","r5socact_m","r5socact_m: w5 R Freq social activities"
"MHAS","MHAS_Mexico/H_MHAS_d.dta","r5socwk","r5socwk: w5 R Any weekly social activities"
"MHAS","MHAS_Mexico/H_MHAS_d.dta","r5socmn","r5socmn: w5 R Any monthly social activities"
"MHAS","MHAS_Mexico/H_MHAS_d.dta","r5relgwk","r5relgwk: w5 R Any weekly participation in religious services"
"MHAS","MHAS_Mexico/H_MHAS_d.dta","r5relgimp","r5relgimp: w5 R importance of religion"
"MHAS","MHAS_Mexico/H_MHAS_d.dta","r5tpany","r5tpany: w5 R Any transfer to parents"
"MHAS","MHAS_Mexico/H_MHAS_d.dta","r5work","r5work: w5 R Currently working for pay"
"MHAS","MHAS_Mexico/H_MHAS_d.dta","r5slfemp","r5slfemp: w5 R Whether Self-Employed"
"MHAS","MHAS_Mexico/H_MHAS_d.dta","r5lbrf_m","r5lbrf_m: w5 R Labor force status"
"MHAS","MHAS_Mexico/H_MHAS_d.dta","r5inlbrf","r5inlbrf: w5 R In the Labor Force"
"MHAS","MHAS_Mexico/H_MHAS_d.dta","r5unemp","r5unemp: w5 R Unemployed"
"MHAS","MHAS_Mexico/H_MHAS_d.dta","r5retemp","r5retemp: w5 R Retired employment status"
"MHAS","MHAS_Mexico/H_MHAS_d.dta","r5jhours","r5jhours: w5 R Hours/week worked at main job"
"MHAS","MHAS_Mexico/H_MHAS_d.dta","r5jcten","r5jcten: w5 R Current job tenure"
"MHAS","MHAS_Mexico/H_MHAS_d.dta","r5jredhr","r5jredhr: w5 R Job allows move to less demanding work"
"MHAS","MHAS_Mexico/H_MHAS_d.dta","r5jlocc_m","r5jlocc_m: w5 R Longest job occupation code"
"MHAS","MHAS_Mexico/H_MHAS_d.dta","r5jlasty","r5jlasty: w5 R Year last job ended"
"MHAS","MHAS_Mexico/H_MHAS_d.dta","r5jrsleft","r5jrsleft: w5 R Reason last job ended"
"MHAS","MHAS_Mexico/H_MHAS_d.dta","r5retyr","r5retyr: w5 R Whether retired: Retirement year"
"MHAS","MHAS_Mexico/H_MHAS_d.dta","r5retage","r5retage: w5 R Whether retired: Retirement age"
"MHAS","MHAS_Mexico/H_MHAS_d.dta","r5pubpen","r5pubpen: w5 R Whether receives public pension"
"MHAS","MHAS_Mexico/H_MHAS_d.dta","r5peninc","r5peninc: w5 R Whether receives private pension"
"MHAS","MHAS_Mexico/H_MHAS_d.dta","r5open","r5open: w5 R Whether receives any other pension"
"MHAS","MHAS_Mexico/H_MHAS_d.dta","r5pubage","r5pubage: w5 R Age when started to receive public pension"
"MHAS","MHAS_Mexico/H_MHAS_d.dta","r5penage","r5penage: w5 R Age when started to receive private pension"
"MHAS","MHAS_Mexico/H_MHAS_d.dta","r5ssic","r5ssic: w5 R Whether current public pension can continue"
"MHAS","MHAS_Mexico/H_MHAS_d.dta","r5penic","r5penic: w5 R Whether current private pension can continue"
"MHAS","MHAS_Mexico/H_MHAS_d.dta","r5dresshlp","r5dresshlp: w5 whether anyone helps R dress"
"MHAS","MHAS_Mexico/H_MHAS_d.dta","r5walkhlp","r5walkhlp: w5 whether anyone helps R walk"
"MHAS","MHAS_Mexico/H_MHAS_d.dta","r5bathehlp","r5bathehlp: w5 whether anyone helps R bathe"
"MHAS","MHAS_Mexico/H_MHAS_d.dta","r5eathlp","r5eathlp: w5 whether anyone helps R eat"
"MHAS","MHAS_Mexico/H_MHAS_d.dta","r5bedhlp","r5bedhlp: w5 whether anyone helps R get in/out of bed"
"MHAS","MHAS_Mexico/H_MHAS_d.dta","r5toilethlp","r5toilethlp: w5 whether anyone helps R use the toilet"
"MHAS","MHAS_Mexico/H_MHAS_d.dta","r5mealhlp","r5mealhlp: w5 whether anyone helps R with meal preparation"
"MHAS","MHAS_Mexico/H_MHAS_d.dta","r5shophlp","r5shophlp: w5 whether anyone helps R with grocery shopping"
"MHAS","MHAS_Mexico/H_MHAS_d.dta","r5medhlp","r5medhlp: w5 whether anyone helps R with taking medication"
"MHAS","MHAS_Mexico/H_MHAS_d.dta","r5moneyhlp","r5moneyhlp: w5 whether anyone helps R with managing money"
"MHAS","MHAS_Mexico/H_MHAS_d.dta","r5walkre","r5walkre: w5 R uses equipment-Walking across room"
"MHAS","MHAS_Mexico/H_MHAS_d.dta","r5bede","r5bede: w5 R uses equipment-Getting in/out of bed"
"MHAS","MHAS_Mexico/H_MHAS_d.dta","r5ftrhlp","r5ftrhlp: w5 anyone able to help R with future adl needs"
"MHAS","MHAS_Mexico/H_MHAS_d.dta","r5racany","r5racany: w5 R receives any care for ADLs"
"MHAS","MHAS_Mexico/H_MHAS_d.dta","r5racaany","r5racaany: w5 R receives any informal care for ADLs"
"MHAS","MHAS_Mexico/H_MHAS_d.dta","r5rascare","r5rascare: w5 R receives informal care from spouse for ADLs"
"MHAS","MHAS_Mexico/H_MHAS_d.dta","r5rascaredpm","r5rascaredpm: w5 days/month spouse helps R with ADLs"
"MHAS","MHAS_Mexico/H_MHAS_d.dta","r5rascaredpmm","r5rascaredpmm: w5 R # spouse missing days of help for ADLs"
"MHAS","MHAS_Mexico/H_MHAS_d.dta","r5rascarehr","r5rascarehr: w5 hours/day spouse helps R with ADLs"
"MHAS","MHAS_Mexico/H_MHAS_d.dta","r5rascarehrm","r5rascarehrm: w5 R # spouse missing hours of help for ADLs"
"MHAS","MHAS_Mexico/H_MHAS_d.dta","r5raccare","r5raccare: w5 R receives informal care from kids/grandkids for ADLs"
"MHAS","MHAS_Mexico/H_MHAS_d.dta","r5raccaren","r5raccaren: w5 # kids/grandkids who help R with ADLs"
"MHAS","MHAS_Mexico/H_MHAS_d.dta","r5raccaredpm","r5raccaredpm: w5 days/month kids/grandkids help R with ADLs"
"MHAS","MHAS_Mexico/H_MHAS_d.dta","r5raccaredpmm","r5raccaredpmm: w5 R # kids/grandkids missing days of help for ADLs"
"MHAS","MHAS_Mexico/H_MHAS_d.dta","r5raccarehr","r5raccarehr: w5 hours/day kids/grandkids help R with ADLs"
"MHAS","MHAS_Mexico/H_MHAS_d.dta","r5raccarehrm","r5raccarehrm: w5 R # kids/grandkids missing hours of help for ADLs"
"MHAS","MHAS_Mexico/H_MHAS_d.dta","r5rarcare","r5rarcare: w5 R receives informal care from relatives for ADLs"
"MHAS","MHAS_Mexico/H_MHAS_d.dta","r5rarcaren","r5rarcaren: w5 # relatives who help R with ADLs"
"MHAS","MHAS_Mexico/H_MHAS_d.dta","r5rarcaredpm","r5rarcaredpm: w5 days/month relatives help R with ADLs"
"MHAS","MHAS_Mexico/H_MHAS_d.dta","r5rarcaredpmm","r5rarcaredpmm: w5 R # relatives missing days of help for ADLs"
"MHAS","MHAS_Mexico/H_MHAS_d.dta","r5rarcarehr","r5rarcarehr: w5 hours/day relatives help R with ADLs"
"MHAS","MHAS_Mexico/H_MHAS_d.dta","r5rarcarehrm","r5rarcarehrm: w5 R # relatives missing hours of help for ADLs"
"MHAS","MHAS_Mexico/H_MHAS_d.dta","r5rafcare","r5rafcare: w5 R receives informal care from non-relatives for ADLs"
"MHAS","MHAS_Mexico/H_MHAS_d.dta","r5rafcaren","r5rafcaren: w5 # non-relatives who help R with ADLs"
"MHAS","MHAS_Mexico/H_MHAS_d.dta","r5rafcaredpm","r5rafcaredpm: w5 days/month non-relatives help R with ADLs"
"MHAS","MHAS_Mexico/H_MHAS_d.dta","r5rafcaredpmm","r5rafcaredpmm: w5 R # non-relatives missing days of help for ADLs"
"MHAS","MHAS_Mexico/H_MHAS_d.dta","r5rafcarehr","r5rafcarehr: w5 hours/day non-relatives help R with ADLs"
"MHAS","MHAS_Mexico/H_MHAS_d.dta","r5rafcarehrm","r5rafcarehrm: w5 R # non-relatives missing hours of help for ADLs"
"MHAS","MHAS_Mexico/H_MHAS_d.dta","r5rafaany","r5rafaany: w5 R receives any formal care for ADLs"
"MHAS","MHAS_Mexico/H_MHAS_d.dta","r5rapfcare","r5rapfcare: w5 R receives formal care from paid professional for ADLs"
"MHAS","MHAS_Mexico/H_MHAS_d.dta","r5rapfcaren","r5rapfcaren: w5 # paid professionals who help R with ADLs"
"MHAS","MHAS_Mexico/H_MHAS_d.dta","r5rapfcaredpm","r5rapfcaredpm: w5 days/month paid professionals help R with ADLs"
"MHAS","MHAS_Mexico/H_MHAS_d.dta","r5rapfcaredpmm","r5rapfcaredpmm: w5 R # paid professionals missing days of help for ADLs"
"MHAS","MHAS_Mexico/H_MHAS_d.dta","r5rapfcarehr","r5rapfcarehr: w5 hours/day paid professionals help R with ADLs"
"MHAS","MHAS_Mexico/H_MHAS_d.dta","r5rapfcarehrm","r5rapfcarehrm: w5 R # paid professionals missing hours of help for ADLs"
"MHAS","MHAS_Mexico/H_MHAS_d.dta","r5ricany","r5ricany: w5 R receives any care for IADLs"
"MHAS","MHAS_Mexico/H_MHAS_d.dta","r5ricaany","r5ricaany: w5 R receives any informal care for IADLs"
"MHAS","MHAS_Mexico/H_MHAS_d.dta","r5riscare","r5riscare: w5 R receives informal care from spouse for IADLs"
"MHAS","MHAS_Mexico/H_MHAS_d.dta","r5riscaredpm","r5riscaredpm: w5 days/month spouse helps R with IADLs"
"MHAS","MHAS_Mexico/H_MHAS_d.dta","r5riscaredpmm","r5riscaredpmm: w5 R # spouse missing days of help for IADLs"
"MHAS","MHAS_Mexico/H_MHAS_d.dta","r5riscarehr","r5riscarehr: w5 hours/day spouse helps R with IADLs"
"MHAS","MHAS_Mexico/H_MHAS_d.dta","r5riscarehrm","r5riscarehrm: w5 R # spouse missing hours of help for IADLs"
"MHAS","MHAS_Mexico/H_MHAS_d.dta","r5riccare","r5riccare: w5 R receives informal care from kids/grandkids for IADLs"
"MHAS","MHAS_Mexico/H_MHAS_d.dta","r5riccaren","r5riccaren: w5 # kids/grandkids who help R with IADLs"
"MHAS","MHAS_Mexico/H_MHAS_d.dta","r5riccaredpm","r5riccaredpm: w5 days/month kids/grandkids help R with IADLs"
"MHAS","MHAS_Mexico/H_MHAS_d.dta","r5riccaredpmm","r5riccaredpmm: w5 R # kids/grandkids missing days of help for IADLs"
"MHAS","MHAS_Mexico/H_MHAS_d.dta","r5riccarehr","r5riccarehr: w5 hours/day kids/grandkids help R with IADLs"
"MHAS","MHAS_Mexico/H_MHAS_d.dta","r5riccarehrm","r5riccarehrm: w5 R # kids/grandkids missing hours of help for IADLs"
"MHAS","MHAS_Mexico/H_MHAS_d.dta","r5rircare","r5rircare: w5 R receives informal care from relatives for IADLs"
"MHAS","MHAS_Mexico/H_MHAS_d.dta","r5rircaren","r5rircaren: w5 # relatives who help R with IADLs"
"MHAS","MHAS_Mexico/H_MHAS_d.dta","r5rircaredpm","r5rircaredpm: w5 days/month relatives help R with IADLs"
"MHAS","MHAS_Mexico/H_MHAS_d.dta","r5rircaredpmm","r5rircaredpmm: w5 R # relatives missing days of help for IADLs"
"MHAS","MHAS_Mexico/H_MHAS_d.dta","r5rircarehr","r5rircarehr: w5 hours/day relatives help R with IADLs"
"MHAS","MHAS_Mexico/H_MHAS_d.dta","r5rircarehrm","r5rircarehrm: w5 R # relatives missing hours of help for IADLs"
"MHAS","MHAS_Mexico/H_MHAS_d.dta","r5rifcare","r5rifcare: w5 R receives informal care from non-relatives for IADLs"
"MHAS","MHAS_Mexico/H_MHAS_d.dta","r5rifcaren","r5rifcaren: w5 # non-relatives who help R with IADLs"
"MHAS","MHAS_Mexico/H_MHAS_d.dta","r5rifcaredpm","r5rifcaredpm: w5 days/month non-relatives help R with IADLs"
"MHAS","MHAS_Mexico/H_MHAS_d.dta","r5rifcaredpmm","r5rifcaredpmm: w5 R # non-relatives missing days of help for IADLs"
"MHAS","MHAS_Mexico/H_MHAS_d.dta","r5rifcarehr","r5rifcarehr: w5 hours/day non-relatives help R with IADLs"
"MHAS","MHAS_Mexico/H_MHAS_d.dta","r5rifcarehrm","r5rifcarehrm: w5 R # non-relatives missing hours of help for IADLs"
"MHAS","MHAS_Mexico/H_MHAS_d.dta","r5rifaany","r5rifaany: w5 R receives any formal care for IADLs"
"MHAS","MHAS_Mexico/H_MHAS_d.dta","r5ripfcare","r5ripfcare: w5 R receives formal care from paid professional for IADLs"
"MHAS","MHAS_Mexico/H_MHAS_d.dta","r5ripfcaren","r5ripfcaren: w5 # paid professionals who help R with IADLs"
"MHAS","MHAS_Mexico/H_MHAS_d.dta","r5ripfcaredpm","r5ripfcaredpm: w5 days/month paid professionals help R with IADLs"
"MHAS","MHAS_Mexico/H_MHAS_d.dta","r5ripfcaredpmm","r5ripfcaredpmm: w5 R # paid professionals missing days of help for IADLs"
"MHAS","MHAS_Mexico/H_MHAS_d.dta","r5ripfcarehr","r5ripfcarehr: w5 hours/day paid professionals help R with IADLs"
"MHAS","MHAS_Mexico/H_MHAS_d.dta","r5ripfcarehrm","r5ripfcarehrm: w5 R # paid professionals missing hours of help for IADLs"
"MHAS","MHAS_Mexico/H_MHAS_d.dta","r5rcany","r5rcany: w5 R receives any care for ADLs/IADLs"
"MHAS","MHAS_Mexico/H_MHAS_d.dta","r5rcaany","r5rcaany: w5 R receives any informal care for ADLs/IADLs"
"MHAS","MHAS_Mexico/H_MHAS_d.dta","r5rscare","r5rscare: w5 R receives informal care from spouse for ADLs/IADLs"
"MHAS","MHAS_Mexico/H_MHAS_d.dta","r5rscaredpm","r5rscaredpm: w5 days/month spouse helps R with ADLs/IADLs"
"MHAS","MHAS_Mexico/H_MHAS_d.dta","r5rscaredpmm","r5rscaredpmm: w5 R # spouse missing days of help for ADLs/IADLs"
"MHAS","MHAS_Mexico/H_MHAS_d.dta","r5rscarehr","r5rscarehr: w5 hours/day spouse helps R with ADLs/IADLs"
"MHAS","MHAS_Mexico/H_MHAS_d.dta","r5rscarehrm","r5rscarehrm: w5 R # spouse missing hours of help for ADLs/IADLs"
"MHAS","MHAS_Mexico/H_MHAS_d.dta","r5rccare","r5rccare: w5 R receives informal care from kids/grandkids for ADLs/IADLs"
"MHAS","MHAS_Mexico/H_MHAS_d.dta","r5rccaren","r5rccaren: w5 # kids/grandkids who help R with ADLs/IADLs"
"MHAS","MHAS_Mexico/H_MHAS_d.dta","r5rccaredpm","r5rccaredpm: w5 days/month kids/grandkids help R with ADLs/IADLs"
"MHAS","MHAS_Mexico/H_MHAS_d.dta","r5rccaredpmm","r5rccaredpmm: w5 R # kids/grandkids missing days of help for ADLs/IADLs"
"MHAS","MHAS_Mexico/H_MHAS_d.dta","r5rccarehr","r5rccarehr: w5 hours/day kids/grandkids help R with ADLs/IADLs"
"MHAS","MHAS_Mexico/H_MHAS_d.dta","r5rccarehrm","r5rccarehrm: w5 R # kids/grandkids missing hours of help for ADLs/IADLs"
"MHAS","MHAS_Mexico/H_MHAS_d.dta","r5rrcare","r5rrcare: w5 R receives informal care from relatives for ADLs/IADLs"
"MHAS","MHAS_Mexico/H_MHAS_d.dta","r5rrcaren","r5rrcaren: w5 # relatives who help R with ADLs/IADLs"
"MHAS","MHAS_Mexico/H_MHAS_d.dta","r5rrcaredpm","r5rrcaredpm: w5 days/month relatives help R with ADLs/IADLs"
"MHAS","MHAS_Mexico/H_MHAS_d.dta","r5rrcaredpmm","r5rrcaredpmm: w5 R # relatives missing days of help for ADLs/IADLs"
"MHAS","MHAS_Mexico/H_MHAS_d.dta","r5rrcarehr","r5rrcarehr: w5 hours/day relatives help R with ADLs/IADLs"
"MHAS","MHAS_Mexico/H_MHAS_d.dta","r5rrcarehrm","r5rrcarehrm: w5 R # relatives missing hours of help for ADLs/IADLs"
"MHAS","MHAS_Mexico/H_MHAS_d.dta","r5rfcare","r5rfcare: w5 R receives informal care from non-relatives for ADLs/IADLs"
"MHAS","MHAS_Mexico/H_MHAS_d.dta","r5rfcaren","r5rfcaren: w5 # non-relatives who help R with ADLs/IADLs"
"MHAS","MHAS_Mexico/H_MHAS_d.dta","r5rfcaredpm","r5rfcaredpm: w5 days/month non-relatives help R with ADLs/IADLs"
"MHAS","MHAS_Mexico/H_MHAS_d.dta","r5rfcaredpmm","r5rfcaredpmm: w5 R # non-relatives missing days of help for ADLs/IADLs"
"MHAS","MHAS_Mexico/H_MHAS_d.dta","r5rfcarehr","r5rfcarehr: w5 hours/day non-relatives help R with ADLs/IADLs"
"MHAS","MHAS_Mexico/H_MHAS_d.dta","r5rfcarehrm","r5rfcarehrm: w5 R # non-relatives missing hours of help for ADLs/IADLs"
"MHAS","MHAS_Mexico/H_MHAS_d.dta","r5rfaany","r5rfaany: w5 R receives any formal care for ADLs/IADLs"
"MHAS","MHAS_Mexico/H_MHAS_d.dta","r5rpfcare","r5rpfcare: w5 R receives formal care from paid professional for ADLs/IADLs"
"MHAS","MHAS_Mexico/H_MHAS_d.dta","r5rpfcaren","r5rpfcaren: w5 # paid professionals who help R with ADLs/IADLs"
"MHAS","MHAS_Mexico/H_MHAS_d.dta","r5rpfcaredpm","r5rpfcaredpm: w5 days/month paid professionals help R with ADLs/IADLs"
"MHAS","MHAS_Mexico/H_MHAS_d.dta","r5rpfcaredpmm","r5rpfcaredpmm: w5 R # paid professionals missing days of help for ADLs/IADLs"
"MHAS","MHAS_Mexico/H_MHAS_d.dta","r5rpfcarehr","r5rpfcarehr: w5 hours/day paid professionals help R with ADLs/IADLs"
"MHAS","MHAS_Mexico/H_MHAS_d.dta","r5rpfcarehrm","r5rpfcarehrm: w5 R # paid professionals missing hours of help for ADLs/IADLs"
"MHAS","MHAS_Mexico/H_MHAS_d.dta","r5gcaresck","r5gcaresck: w5 R cares for sick or disabled adult"
"MHAS","MHAS_Mexico/H_MHAS_d.dta","r5gcaresckd_m","r5gcaresckd_m: w5 R frequency cares for sick or disabled adult"
"MHAS","MHAS_Mexico/H_MHAS_d.dta","r5lifein_m","r5lifein_m: w5 R Covered by life insurance"
"MHAS","MHAS_Mexico/H_MHAS_d.dta","r5depres","r5depres: w5 R CESD-Felt depressed"
"MHAS","MHAS_Mexico/H_MHAS_d.dta","r5effort","r5effort: w5 R CESD-Everything an effort"
"MHAS","MHAS_Mexico/H_MHAS_d.dta","r5sleepr","r5sleepr: w5 R CESD-Sleep was restless"
"MHAS","MHAS_Mexico/H_MHAS_d.dta","r5whappy","r5whappy: w5 R CESD-Felt happy"
"MHAS","MHAS_Mexico/H_MHAS_d.dta","r5flone","r5flone: w5 R CESD-Felt lonely"
"MHAS","MHAS_Mexico/H_MHAS_d.dta","r5enlife","r5enlife: w5 R CESD-Enjoyed life"
"MHAS","MHAS_Mexico/H_MHAS_d.dta","r5fsad","r5fsad: w5 R CESD-Felt sad"
"MHAS","MHAS_Mexico/H_MHAS_d.dta","r5ftired","r5ftired: w5 R CESD-Felt tired"
"MHAS","MHAS_Mexico/H_MHAS_d.dta","r5energ","r5energ: w5 R CESD-Had a lot of energy"
"MHAS","MHAS_Mexico/H_MHAS_d.dta","r5cesd_m","r5cesd_m: w5 R CESD Modified Score"
"MHAS","MHAS_Mexico/H_MHAS_d.dta","r5cesdm_m","r5cesdm_m: w5 R CESD-Missings in modified Score"
"MHAS","MHAS_Mexico/H_MHAS_d.dta","r5lideal3","r5lideal3: w5 R Life is close to ideal"
"MHAS","MHAS_Mexico/H_MHAS_d.dta","r5lexcl3","r5lexcl3: w5 R Life conditions are excellent"
"MHAS","MHAS_Mexico/H_MHAS_d.dta","r5lstsf3","r5lstsf3: w5 R Satisfied with life"
"MHAS","MHAS_Mexico/H_MHAS_d.dta","r5limptt3","r5limptt3: w5 R Gotten important things in life"
"MHAS","MHAS_Mexico/H_MHAS_d.dta","r5lchnot3","r5lchnot3: w5 R Change almost nothing if lived again"
"MHAS","MHAS_Mexico/H_MHAS_d.dta","r5lsatsc3","r5lsatsc3: w5 R Satisfaction with life scale score"
"MHAS","MHAS_Mexico/H_MHAS_d.dta","r5lsatsc3m","r5lsatsc3m: w5 R Satisfaction with life scale missing count"
"MHAS","MHAS_Mexico/H_MHAS_d.dta","r5satlife_m","r5satlife_m: w5 R Satisfied with life"
"MHAS","MHAS_Mexico/H_MHAS_d.dta","r5satlifez","r5satlifez: w5 R Satisfied with life z-score"
