"panel","outcome","metric","combination_id","cohort_mean"
"a","concurrent","AUROC",1,0.739713737339674
"a","concurrent","AUROC",2,0.924905130241416
"a","concurrent","AUROC",3,0.849818790838628
"a","concurrent","AUROC",4,0.925249424727103
"a","concurrent","AUROC",5,0.892804388061992
"a","concurrent","AUROC",6,0.884360620195549
"a","concurrent","AUROC",7,0.923115004686425
"a","concurrent","AUROC",8,0.817496372453423
"a","concurrent","AUROC",9,0.894588301941401
"a","concurrent","AUROC",10,0.890166301686067
"a","concurrent","AUROC",11,0.88174291536464
"a","concurrent","AUROC",12,0.905336498086885
"a","concurrent","AUROC",13,0.885223876414854
"a","concurrent","AUROC",14,0.933964580019365
"a","concurrent","AUROC",15,0.897641952445383
"a","concurrent","AUROC",16,0.883910381230007
"a","concurrent","AUROC",17,0.896545361280133
"a","concurrent","AUROC",18,0.91960175523142
"a","concurrent","AUROC",19,0.87327277637751
"a","concurrent","AUROC",20,0.828006581436564
"a","concurrent","AUROC",21,0.919303867879104
"a","concurrent","AUROC",22,0.869158006531947
"a","concurrent","AUROC",23,0.889887229756267
"a","concurrent","AUROC",24,0.87512334873691
"a","concurrent","AUROC",25,0.914901907463878
"a","concurrent","AUROC",26,0.893819396400136
"a","concurrent","AUROC",27,0.926346643011082
"a","concurrent","AUROC",28,0.85937552281896
"a","concurrent","AUROC",29,0.902886747706799
"a","concurrent","AUROC",30,0.911712283995783
"a","concurrent","AUROC",31,0.918095127060936
"a","concurrent","AUROC",32,0.917135611918519
"a","concurrent","AUROC",33,0.908162122113767
"a","concurrent","AUROC",34,0.911607828753141
"a","concurrent","AUROC",35,0.918133947042881
"a","concurrent","AUROC",36,0.896625293202883
"a","concurrent","AUROC",37,0.851738416263877
"a","concurrent","AUROC",38,0.900875417913734
"a","concurrent","AUROC",39,0.857618412475671
"a","concurrent","AUROC",40,0.869109616186946
"a","concurrent","AUROC",41,0.836560040347048
"a","concurrent","AUROC",42,0.865519517551634
"a","concurrent","AUROC",43,0.758139167796823
"a","concurrent","AUROC",44,0.887852446978387
"a","concurrent","AUROC",45,0.910632588915619
"a","concurrent","AUROC",46,0.83259586558393
"a","concurrent","AUROC",47,0.8910428395993
"a","concurrent","AUROC",48,0.902725541706705
"a","concurrent","AUROC",49,0.892712430440106
"a","concurrent","AUROC",50,0.927226144001135
"a","concurrent","AUROC",51,0.76008114371779
"a","concurrent","AUROC",52,0.880597599791348
"a","concurrent","AUROC",53,0.896390517034023
"a","concurrent","AUROC",54,0.891327791854672
"a","concurrent","AUROC",55,0.797698326333051
"a","concurrent","AUROC",56,0.918751311255922
"a","concurrent","AUROC",57,0.91917587162082
"a","concurrent","AUROC",58,0.842454228166262
"a","concurrent","AUROC",59,0.865349004604419
"a","concurrent","AUROC",60,0.904893314352558
"a","concurrent","AUROC",61,0.894200665422599
"a","concurrent","AUROC",62,0.854017117788531
"a","concurrent","AUROC",63,0.91963431527175
"a","concurrent","AUROC",64,0.908946997865726
"a","concurrent","AUROC",65,0.893520666237391
"a","concurrent","AUROC",66,0.88551075774326
"a","concurrent","AUROC",67,0.849848506864371
"a","concurrent","AUROC",68,0.889782419056267
"a","concurrent","AUROC",69,0.848461593062689
"a","concurrent","AUROC",70,0.887627881912349
"a","concurrent","AUROC",71,0.863847752821583
"a","concurrent","AUROC",72,0.896588492354957
"a","concurrent","AUROC",73,0.923132137138752
"a","concurrent","AUROC",74,0.901078728944801
"a","concurrent","AUROC",75,0.925762746333464
"a","concurrent","AUROC",76,0.889882209754477
"a","concurrent","AUROC",77,0.859885604165881
"a","concurrent","AUROC",78,0.881903941702683
"a","concurrent","AUROC",79,0.886235485317883
"a","concurrent","AUROC",80,0.906670832666786
"a","concurrent","AUROC",81,0.907183839621942
"a","concurrent","AUROC",82,0.868386193322628
"a","concurrent","AUROC",83,0.900542384368893
"a","concurrent","AUROC",84,0.867690901941672
"a","concurrent","AUROC",85,0.920501201123151
"a","concurrent","AUROC",86,0.868929772365534
"a","concurrent","AUROC",87,0.886147586005145
"a","concurrent","AUROC",88,0.858979740592441
"a","concurrent","AUROC",89,0.896529218294724
"a","concurrent","AUROC",90,0.894948140862366
"a","concurrent","AUROC",91,0.907928423486023
"a","concurrent","AUROC",92,0.886506602812267
"a","concurrent","AUROC",93,0.765973905818054
"a","concurrent","AUROC",94,0.856873105115191
"a","concurrent","AUROC",95,0.896409392771252
"a","concurrent","AUROC",96,0.891817879747482
"a","concurrent","AUROC",97,0.913860412617177
"a","concurrent","AUROC",98,0.880291410638386
"a","concurrent","AUROC",99,0.887491785601376
"a","concurrent","AUROC",100,0.906192830898955
"a","concurrent","AUROC",101,0.887931906591616
"a","concurrent","AUROC",102,0.854280670574003
"a","concurrent","AUROC",103,0.864793841670753
"a","concurrent","AUROC",104,0.76782576397344
"a","concurrent","AUROC",105,0.918159909049004
"a","concurrent","AUROC",106,0.851083530974026
"a","concurrent","AUROC",107,0.894880315612831
"a","concurrent","AUROC",108,0.88159026891214
"a","concurrent","AUROC",109,0.913543610014182
"a","concurrent","AUROC",110,0.893237326664598
"a","concurrent","AUROC",111,0.889921140221649
"a","concurrent","AUROC",112,0.857564238370323
"a","concurrent","AUROC",113,0.92481333018013
"a","concurrent","AUROC",114,0.852587126178569
"a","concurrent","AUROC",115,0.868222983329603
"a","concurrent","AUROC",116,0.894379295121679
"a","concurrent","AUROC",117,0.884161038694551
"a","concurrent","AUROC",118,0.930016057844642
"a","concurrent","AUROC",119,0.877474149482751
"a","concurrent","AUROC",120,0.874542069314081
"a","concurrent","AUROC",121,0.915529349444386
"a","concurrent","AUROC",122,0.871370056039877
"a","concurrent","AUROC",123,0.895180427814849
"a","concurrent","AUROC",124,0.925280716422307
"a","concurrent","AUROC",125,0.863567455948208
"a","concurrent","AUROC",126,0.923282726646595
"a","concurrent","AUROC",127,0.898542185454571
"a","concurrent","AUROC",128,0.881798347631278
"a","concurrent","AUROC",129,0.851468453048045
"a","concurrent","AUROC",130,0.919399107608997
"a","concurrent","AUROC",131,0.91902100596356
"a","concurrent","AUROC",132,0.864730560863318
"a","concurrent","AUROC",133,0.898184690355326
"a","concurrent","AUROC",134,0.894289777881296
"a","concurrent","AUROC",135,0.89361555662538
"a","concurrent","AUROC",136,0.882506553046291
"a","concurrent","AUROC",137,0.893994726205452
"a","concurrent","AUROC",138,0.861662715885504
"a","concurrent","AUROC",139,0.85239026223957
"a","concurrent","AUROC",140,0.90526114585672
"a","concurrent","AUROC",141,0.892998298433688
"a","concurrent","AUROC",142,0.898723574934806
"a","concurrent","AUROC",143,0.852449346751929
"a","concurrent","AUROC",144,0.917196741880017
"a","concurrent","AUROC",145,0.908827942576973
"a","concurrent","AUROC",146,0.84541015229043
"a","concurrent","AUROC",147,0.870153338351421
"a","concurrent","AUROC",148,0.91927553208842
"a","concurrent","AUROC",149,0.762138244290441
"a","concurrent","AUROC",150,0.880325569134518
"a","concurrent","AUROC",151,0.910145763269518
"a","concurrent","AUROC",152,0.886834701429071
"a","concurrent","AUROC",153,0.806862135856081
"a","concurrent","AUROC",154,0.888472439004757
"a","concurrent","AUROC",155,0.930458690300842
"a","concurrent","AUROC",156,0.851949613679973
"a","concurrent","AUROC",157,0.925279529236383
"a","concurrent","AUROC",158,0.894181290406391
"a","concurrent","AUROC",159,0.909163571560638
"a","concurrent","AUROC",160,0.919663491062451
"a","concurrent","AUROC",161,0.866657550763459
"a","concurrent","AUROC",162,0.897058549191036
"a","concurrent","AUROC",163,0.899909894015019
"a","concurrent","AUROC",164,0.893572402639279
"a","concurrent","AUROC",165,0.915081933913585
"a","concurrent","AUROC",166,0.773756983791244
"a","concurrent","AUROC",167,0.853494602923678
"a","concurrent","AUROC",168,0.923508110344118
"a","concurrent","AUROC",169,0.890119609681535
"a","concurrent","AUROC",170,0.758517316800295
"a","concurrent","AUROC",171,0.9058882730249
"a","concurrent","AUROC",172,0.874614875951716
"a","concurrent","AUROC",173,0.868018441549405
"a","concurrent","AUROC",174,0.904224537315817
"a","concurrent","AUROC",175,0.892599082943566
"a","concurrent","AUROC",176,0.92218953426866
"a","concurrent","AUROC",177,0.904146376418203
"a","concurrent","AUROC",178,0.782085640126663
"a","concurrent","AUROC",179,0.751451741224204
"a","concurrent","AUROC",180,0.85462704180124
"a","concurrent","AUROC",181,0.869359799899546
"a","concurrent","AUROC",182,0.917182086711522
"a","concurrent","AUROC",183,0.849630249841198
"a","concurrent","AUROC",184,0.841730369219939
"a","concurrent","AUROC",185,0.897604533554338
"a","concurrent","AUROC",186,0.936597593226025
"a","concurrent","AUROC",187,0.867888246788993
"a","concurrent","AUROC",188,0.833649406161387
"a","concurrent","AUROC",189,0.920471695763952
"a","concurrent","AUROC",190,0.89921225846459
"a","concurrent","AUROC",191,0.845525528369795
"a","concurrent","AUROC",192,0.899309562737334
"a","concurrent","AUROC",193,0.897407329103231
"a","concurrent","AUROC",194,0.892462061821164
"a","concurrent","AUROC",195,0.894008140068225
"a","concurrent","AUROC",196,0.876313567235944
"a","concurrent","AUROC",197,0.829100443744804
"a","concurrent","AUROC",198,0.902509339910349
"a","concurrent","AUROC",199,0.858127431735841
"a","concurrent","AUROC",200,0.895532201851146
"a","concurrent","AUROC",201,0.851201971533605
"a","concurrent","AUROC",202,0.892744886089614
"a","concurrent","AUROC",203,0.903007109364856
"a","concurrent","AUROC",204,0.919523574578754
"a","concurrent","AUROC",205,0.897223184136645
"a","concurrent","AUROC",206,0.895946590082337
"a","concurrent","AUROC",207,0.831545578260232
"a","concurrent","AUROC",208,0.846057003164438
"a","concurrent","AUROC",209,0.836312551290454
"a","concurrent","AUROC",210,0.912378428798936
"a","concurrent","AUROC",211,0.910737867933843
"a","concurrent","AUROC",212,0.83582456145582
"a","concurrent","AUROC",213,0.88086410056778
"a","concurrent","AUROC",214,0.883162381740508
"a","concurrent","AUROC",215,0.928200632596616
"a","concurrent","AUROC",216,0.927452723447327
"a","concurrent","AUROC",217,0.861593973192491
"a","concurrent","AUROC",218,0.877797030919937
"a","concurrent","AUROC",219,0.848207108077928
"a","concurrent","AUROC",220,0.882570782774727
"a","concurrent","AUROC",221,0.917220767634588
"a","concurrent","AUROC",222,0.85973254123244
"a","concurrent","AUROC",223,0.919667157303261
"a","concurrent","AUROC",224,0.899441353309455
"a","concurrent","AUROC",225,0.907055615123261
"a","concurrent","AUROC",226,0.84331684212145
"a","concurrent","AUROC",227,0.876892773722793
"a","concurrent","AUROC",228,0.849511881658468
"a","concurrent","AUROC",229,0.90055833054244
"a","concurrent","AUROC",230,0.914998069370746
"a","concurrent","AUROC",231,0.844412372952469
"a","concurrent","AUROC",232,0.874075293404322
"a","concurrent","AUROC",233,0.914616451954163
"a","concurrent","AUROC",234,0.893008979383238
"a","concurrent","AUROC",235,0.883623405720985
"a","concurrent","AUROC",236,0.893688005784384
"a","concurrent","AUROC",237,0.841191087404763
"a","concurrent","AUROC",238,0.888684954557504
"a","concurrent","AUROC",239,0.915116221348719
"a","concurrent","AUROC",240,0.772641705864951
"a","concurrent","AUROC",241,0.892422515296623
"a","concurrent","AUROC",242,0.914903247878332
"a","concurrent","AUROC",243,0.901224778419508
"a","concurrent","AUROC",244,0.8722346607116
"a","concurrent","AUROC",245,0.860994769662755
"a","concurrent","AUROC",246,0.829826440611269
"a","concurrent","AUROC",247,0.911506985296333
"a","concurrent","AUROC",248,0.915089532456313
"a","concurrent","AUROC",249,0.86153080362718
"a","concurrent","AUROC",250,0.897009611991762
"a","concurrent","AUROC",251,0.878764448258913
"a","concurrent","AUROC",252,0.902746330603914
"a","concurrent","AUROC",253,0.862461602120319
"a","concurrent","AUROC",254,0.92080397578072
"a","concurrent","AUROC",255,0.917615069741747
"a","concurrent","AUROC",256,0.903436585579489
"a","concurrent","AUROC",257,0.917731894192889
"a","concurrent","AUROC",258,0.879184363391958
"a","concurrent","AUROC",259,0.885210974097704
"a","concurrent","AUROC",260,0.862736114440032
"a","concurrent","AUROC",261,0.773824537133113
"a","concurrent","AUROC",262,0.885922273144467
"a","concurrent","AUROC",263,0.899327274116525
"a","concurrent","AUROC",264,0.859682614448575
"a","concurrent","AUROC",265,0.900417989175099
"a","concurrent","AUROC",266,0.889279098276167
"a","concurrent","AUROC",267,0.93122728152966
"a","concurrent","AUROC",268,0.909101404669782
"a","concurrent","AUROC",269,0.768029180923496
"a","concurrent","AUROC",270,0.8799518666726
"a","concurrent","AUROC",271,0.854162556531148
"a","concurrent","AUROC",272,0.918078745056851
"a","concurrent","AUROC",273,0.913480320221691
"a","concurrent","AUROC",274,0.899148773372835
"a","concurrent","AUROC",275,0.920781151720554
"a","concurrent","AUROC",276,0.837127216886693
"a","concurrent","AUROC",277,0.859060325005166
"a","concurrent","AUROC",278,0.868108443784079
"a","concurrent","AUROC",279,0.922167350868564
"a","concurrent","AUROC",280,0.843170299754296
"a","concurrent","AUROC",281,0.897560539217309
"a","concurrent","AUROC",282,0.920054373930179
"a","concurrent","AUROC",283,0.896678017334376
"a","concurrent","AUROC",284,0.782351820644571
"a","concurrent","AUROC",285,0.870514623091606
"a","concurrent","AUROC",286,0.925803260521353
"a","concurrent","AUROC",287,0.867824168782781
"a","concurrent","AUROC",288,0.869154541262028
"a","concurrent","AUROC",289,0.887275280449211
"a","concurrent","AUROC",290,0.922958711646724
"a","concurrent","AUROC",291,0.909619764218987
"a","concurrent","AUROC",292,0.883754684829808
"a","concurrent","AUROC",293,0.88949441225782
"a","concurrent","AUROC",294,0.908464230141891
"a","concurrent","AUROC",295,0.899095805485515
"a","concurrent","AUROC",296,0.905100766288445
"a","concurrent","AUROC",297,0.847425248418793
"a","concurrent","AUROC",298,0.808410687962569
"a","concurrent","AUROC",299,0.902318380239956
"a","concurrent","AUROC",300,0.914433513051813
"a","concurrent","AUROC",301,0.903209061536926
"a","concurrent","AUROC",302,0.89305972729704
"a","concurrent","AUROC",303,0.916969631448237
"a","concurrent","AUROC",304,0.911246472398571
"a","concurrent","AUROC",305,0.859779531619802
"a","concurrent","AUROC",306,0.864505390762213
"a","concurrent","AUROC",307,0.906641173824542
"a","concurrent","AUROC",308,0.897269755039083
"a","concurrent","AUROC",309,0.861870099974433
"a","concurrent","AUROC",310,0.829474625988845
"a","concurrent","AUROC",311,0.917319355565794
"a","concurrent","AUROC",312,0.922160813292107
"a","concurrent","AUROC",313,0.923145378998843
"a","concurrent","AUROC",314,0.900203380070563
"a","concurrent","AUROC",315,0.92931609712795
"a","concurrent","AUROC",316,0.895521514271007
"a","concurrent","AUROC",317,0.867130125529686
"a","concurrent","AUROC",318,0.884780085029955
"a","concurrent","AUROC",319,0.90609980213782
"a","concurrent","AUROC",320,0.894453083748558
"a","concurrent","AUROC",321,0.901149360211512
"a","concurrent","AUROC",322,0.836746219195065
"a","concurrent","AUROC",323,0.902171144969661
"a","concurrent","AUROC",324,0.924200292688633
"a","concurrent","AUROC",325,0.886720990140905
"a","concurrent","AUROC",326,0.899633376814953
"a","concurrent","AUROC",327,0.866472248581084
"a","concurrent","AUROC",328,0.853241220791394
"a","concurrent","AUROC",329,0.908424526858147
"a","concurrent","AUROC",330,0.905734752079527
"a","concurrent","AUROC",331,0.904459060975634
"a","concurrent","AUROC",332,0.869017983436261
"a","concurrent","AUROC",333,0.915816969561275
"a","concurrent","AUROC",334,0.881812238516531
"a","concurrent","AUROC",335,0.866929309377707
"a","concurrent","AUROC",336,0.83314925528868
"a","concurrent","AUROC",337,0.844297535018729
"a","concurrent","AUROC",338,0.863730349422509
"a","concurrent","AUROC",339,0.909879925382585
"a","concurrent","AUROC",340,0.890140268265402
"a","concurrent","AUROC",341,0.889238000683205
"a","concurrent","AUROC",342,0.829920176631596
"a","concurrent","AUROC",343,0.91589758741132
"a","concurrent","AUROC",344,0.869314966795923
"a","concurrent","AUROC",345,0.893851552093851
"a","concurrent","AUROC",346,0.859315337150428
"a","concurrent","AUROC",347,0.931518889758163
"a","concurrent","AUROC",348,0.757335193131451
"a","concurrent","AUROC",349,0.747494567729978
"a","concurrent","AUROC",350,0.887024408498023
"a","concurrent","AUROC",351,0.862083649506993
"a","concurrent","AUROC",352,0.889770836180763
"a","concurrent","AUROC",353,0.891528483542586
"a","concurrent","AUROC",354,0.903048893911949
"a","concurrent","AUROC",355,0.887216418312398
"a","concurrent","AUROC",356,0.933107376191593
"a","concurrent","AUROC",357,0.874397755848252
"a","concurrent","AUROC",358,0.863804970976318
"a","concurrent","AUROC",359,0.861268477719487
"a","concurrent","AUROC",360,0.92166701261988
"a","concurrent","AUROC",361,0.862995646344697
"a","concurrent","AUROC",362,0.910384434867853
"a","concurrent","AUROC",363,0.757716117134345
"a","concurrent","AUROC",364,0.893365664010615
"a","concurrent","AUROC",365,0.774972082375094
"a","concurrent","AUROC",366,0.900545487986667
"a","concurrent","AUROC",367,0.854842071812758
"a","concurrent","AUROC",368,0.845026871147782
"a","concurrent","AUROC",369,0.926777266325312
"a","concurrent","AUROC",370,0.867307977174271
"a","concurrent","AUROC",371,0.89832677897293
"a","concurrent","AUROC",372,0.900376614459211
"a","concurrent","AUROC",373,0.914613187805145
"a","concurrent","AUROC",374,0.872627807701443
"a","concurrent","AUROC",375,0.91872539250956
"a","concurrent","AUROC",376,0.894635904582153
"a","concurrent","AUROC",377,0.891989394980662
"a","concurrent","AUROC",378,0.910396131834355
"a","concurrent","AUROC",379,0.904097203163034
"a","concurrent","AUROC",380,0.926802636754787
"a","concurrent","AUROC",381,0.844532293135215
"a","concurrent","AUROC",382,0.929819943189293
"a","concurrent","AUROC",383,0.723563378570764
"a","concurrent","AUROC",384,0.933112676635892
"a","concurrent","AUROC",385,0.895160604996984
"a","concurrent","AUROC",386,0.840471148218568
"a","concurrent","AUROC",387,0.934029615273463
"a","concurrent","AUROC",388,0.874177009868101
"a","concurrent","AUROC",389,0.882591104201594
"a","concurrent","AUROC",390,0.885641459818968
"a","concurrent","AUROC",391,0.891452639911494
"a","concurrent","AUROC",392,0.907954206929225
"a","concurrent","AUROC",393,0.903217924578794
"a","concurrent","AUROC",394,0.923302673167327
"a","concurrent","AUROC",395,0.879421908269657
"a","concurrent","AUROC",396,0.905633798685115
"a","concurrent","AUROC",397,0.826895437673613
"a","concurrent","AUROC",398,0.890087308718151
"a","concurrent","AUROC",399,0.886333716274879
"a","concurrent","AUROC",400,0.913437882101969
"a","concurrent","AUROC",401,0.907774336539167
"a","concurrent","AUROC",402,0.920008562901479
"a","concurrent","AUROC",403,0.926553719277744
"a","concurrent","AUROC",404,0.88642580418897
"a","concurrent","AUROC",405,0.892960122704611
"a","concurrent","AUROC",406,0.921764253860447
"a","concurrent","AUROC",407,0.868658458951363
"a","concurrent","AUROC",408,0.912531481087177
"a","concurrent","AUROC",409,0.917472050045667
"a","concurrent","AUROC",410,0.888201419196688
"a","concurrent","AUROC",411,0.902131232663475
"a","concurrent","AUROC",412,0.905197565158699
"a","concurrent","AUROC",413,0.885579422611727
"a","concurrent","AUROC",414,0.91008178759301
"a","concurrent","AUROC",415,0.89232228241459
"a","concurrent","AUROC",416,0.925040589420808
"a","concurrent","AUROC",417,0.865567196507374
"a","concurrent","AUROC",418,0.916047497166808
"a","concurrent","AUROC",419,0.913567498531861
"a","concurrent","AUROC",420,0.901513878597757
"a","concurrent","AUROC",421,0.875794295117074
"a","concurrent","AUROC",422,0.916244900058658
"a","concurrent","AUROC",423,0.88566347418527
"a","concurrent","AUROC",424,0.885807368260731
"a","concurrent","AUROC",425,0.856177780036845
"a","concurrent","AUROC",426,0.89820050908857
"a","concurrent","AUROC",427,0.894604412396384
"a","concurrent","AUROC",428,0.890141784221686
"a","concurrent","AUROC",429,0.901245863337278
"a","concurrent","AUROC",430,0.924473387674212
"a","concurrent","AUROC",431,0.900893013311922
"a","concurrent","AUROC",432,0.918442325688335
"a","concurrent","AUROC",433,0.890227404680088
"a","concurrent","AUROC",434,0.891601539527308
"a","concurrent","AUROC",435,0.908790295208158
"a","concurrent","AUROC",436,0.896230293364581
"a","concurrent","AUROC",437,0.892149002908436
"a","concurrent","AUROC",438,0.857005161792862
"a","concurrent","AUROC",439,0.773520993204343
"a","concurrent","AUROC",440,0.864103038471159
"a","concurrent","AUROC",441,0.887127504503346
"a","concurrent","AUROC",442,0.917477957493851
"a","concurrent","AUROC",443,0.896207945913007
"a","concurrent","AUROC",444,0.901013516205979
"a","concurrent","AUROC",445,0.895034724027744
"a","concurrent","AUROC",446,0.775012744088798
"a","concurrent","AUROC",447,0.899510262279364
"a","concurrent","AUROC",448,0.774387140276502
"a","concurrent","AUROC",449,0.897655229590898
"a","concurrent","AUROC",450,0.903211283008516
"a","concurrent","AUROC",451,0.903512137362254
"a","concurrent","AUROC",452,0.889667086153694
"a","concurrent","AUROC",453,0.895207077701951
"a","concurrent","AUROC",454,0.780946150659464
"a","concurrent","AUROC",455,0.913801286325441
"a","concurrent","AUROC",456,0.896723757471466
"a","concurrent","AUROC",457,0.899853396903845
"a","concurrent","AUROC",458,0.892579679580184
"a","concurrent","AUROC",459,0.926949010581878
"a","concurrent","AUROC",460,0.867428367483186
"a","concurrent","AUROC",461,0.908479498101906
"a","concurrent","AUROC",462,0.855088868324294
"a","concurrent","AUROC",463,0.855808657603823
"a","concurrent","AUROC",464,0.900122651709745
"a","concurrent","AUROC",465,0.911876679904707
"a","concurrent","AUROC",466,0.890543406087412
"a","concurrent","AUROC",467,0.903435494670272
"a","concurrent","AUROC",468,0.873173755814372
"a","concurrent","AUROC",469,0.90080566791359
"a","concurrent","AUROC",470,0.857840435015793
"a","concurrent","AUROC",471,0.904944775951889
"a","concurrent","AUROC",472,0.766906923792875
"a","concurrent","AUROC",473,0.912243805340857
"a","concurrent","AUROC",474,0.786448256709333
"a","concurrent","AUROC",475,0.869094438201398
"a","concurrent","AUROC",476,0.915394289358803
"a","concurrent","AUROC",477,0.899732953514222
"a","concurrent","AUROC",478,0.891997600310138
"a","concurrent","AUROC",479,0.891510057620499
"a","concurrent","AUROC",480,0.898339888889765
"a","concurrent","AUROC",481,0.914847997428653
"a","concurrent","AUROC",482,0.901914636821226
"a","concurrent","AUROC",483,0.847385882539298
"a","concurrent","AUROC",484,0.88260966082942
"a","concurrent","AUROC",485,0.853784059770634
"a","concurrent","AUROC",486,0.853187318373082
"a","concurrent","AUROC",487,0.890268021025291
"a","concurrent","AUROC",488,0.893111334483715
"a","concurrent","AUROC",489,0.898835805929695
"a","concurrent","AUROC",490,0.932615415555407
"a","concurrent","AUROC",491,0.836084582123415
"a","concurrent","AUROC",492,0.880798158435262
"a","concurrent","AUROC",493,0.833965466603629
"a","concurrent","AUROC",494,0.917939718034964
"a","concurrent","AUROC",495,0.8953593984107
"a","concurrent","AUROC",496,0.914641254130653
"a","concurrent","AUROC",497,0.838803371352803
"a","concurrent","AUROC",498,0.89383969342091
"a","concurrent","AUROC",499,0.893372844678807
"a","concurrent","AUROC",500,0.894076509913795
"a","concurrent","AUROC",501,0.904924214262515
"a","concurrent","AUROC",502,0.889464227629026
"a","concurrent","AUROC",503,0.856540964372266
"a","concurrent","AUROC",504,0.841256203397535
"a","concurrent","AUROC",505,0.852678791184782
"a","concurrent","AUROC",506,0.898880723810707
"a","concurrent","AUROC",507,0.752687573927638
"a","concurrent","AUROC",508,0.804489525047739
"a","concurrent","AUROC",509,0.84298798463465
"a","concurrent","AUROC",510,0.903271462794214
"a","concurrent","AUROC",511,0.828608209278172
"a","concurrent","AUROC",512,0.882017708806804
"a","concurrent","AUROC",513,0.82803732265072
"a","concurrent","AUROC",514,0.756889814209798
"a","concurrent","AUROC",515,0.868112436028101
"a","concurrent","AUROC",516,0.842544055284731
"a","concurrent","AUROC",517,0.750419281270961
"a","concurrent","AUROC",518,0.897834454557771
"a","concurrent","AUROC",519,0.857069800168585
"a","concurrent","AUROC",520,0.887569544494427
"a","concurrent","AUROC",521,0.908807289677557
"a","concurrent","AUROC",522,0.843590468334485
"a","concurrent","AUROC",523,0.891522400773906
"a","concurrent","AUROC",524,0.902622572016824
"a","concurrent","AUROC",525,0.911063743230439
"a","concurrent","AUROC",526,0.923416029646595
"a","concurrent","AUROC",527,0.890874012523264
"a","concurrent","AUROC",528,0.887505924076762
"a","concurrent","AUROC",529,0.886276911766237
"a","concurrent","AUROC",530,0.899986251602412
"a","concurrent","AUROC",531,0.770819959261278
"a","concurrent","AUROC",532,0.891844838016378
"a","concurrent","AUROC",533,0.899379477993723
"a","concurrent","AUROC",534,0.883676988595606
"a","concurrent","AUROC",535,0.857719652869359
"a","concurrent","AUROC",536,0.872496115852833
"a","concurrent","AUROC",537,0.91652761917308
"a","concurrent","AUROC",538,0.859619377888436
"a","concurrent","AUROC",539,0.899775476590598
"a","concurrent","AUROC",540,0.859809079428459
"a","concurrent","AUROC",541,0.920572867796323
"a","concurrent","AUROC",542,0.92607255028199
"a","concurrent","AUROC",543,0.920473006240077
"a","concurrent","AUROC",544,0.918009469422291
"a","concurrent","AUROC",545,0.87084279355954
"a","concurrent","AUROC",546,0.911113823174439
"a","concurrent","AUROC",547,0.89980137458164
"a","concurrent","AUROC",548,0.926864846401081
"a","concurrent","AUROC",549,0.878669423447362
"a","concurrent","AUROC",550,0.888899579225929
"a","concurrent","AUROC",551,0.865796958961833
"a","concurrent","AUROC",552,0.919376157471461
"a","concurrent","AUROC",553,0.861777830215396
"a","concurrent","AUROC",554,0.880276576346051
"a","concurrent","AUROC",555,0.89651821204672
"a","concurrent","AUROC",556,0.91076319950438
"a","concurrent","AUROC",557,0.834633680836237
"a","concurrent","AUROC",558,0.897002326284717
"a","concurrent","AUROC",559,0.884601624124852
"a","concurrent","AUROC",560,0.849843141745444
"a","concurrent","AUROC",561,0.904256723973505
"a","concurrent","AUROC",562,0.894033894735455
"a","concurrent","AUROC",563,0.917020137589518
"a","concurrent","AUROC",564,0.888631293891381
"a","concurrent","AUROC",565,0.86759763667379
"a","concurrent","AUROC",566,0.839294407529564
"a","concurrent","AUROC",567,0.890675690997422
"a","concurrent","AUROC",568,0.915725265315548
"a","concurrent","AUROC",569,0.868803501441515
"a","concurrent","AUROC",570,0.915910956930287
"a","concurrent","AUROC",571,0.897978979150272
"a","concurrent","AUROC",572,0.904893054705174
"a","concurrent","AUROC",573,0.90636269542812
"a","concurrent","AUROC",574,0.923894132815498
"a","concurrent","AUROC",575,0.917912452911278
"a","concurrent","AUROC",576,0.904715668462968
"a","concurrent","AUROC",577,0.909225634536892
"a","concurrent","AUROC",578,0.902108693564147
"a","concurrent","AUROC",579,0.88910137056898
"a","concurrent","AUROC",580,0.90427177209564
"a","concurrent","AUROC",581,0.834448636142009
"a","concurrent","AUROC",582,0.775542555979967
"a","concurrent","AUROC",583,0.886255662991138
"a","concurrent","AUROC",584,0.885306923191686
"a","concurrent","AUROC",585,0.895066018975575
"a","concurrent","AUROC",586,0.884123618634829
"a","concurrent","AUROC",587,0.781319092148518
"a","concurrent","AUROC",588,0.910907731592885
"a","concurrent","AUROC",589,0.864716947304114
"a","concurrent","AUROC",590,0.862138434903807
"a","concurrent","AUROC",591,0.89503566788044
"a","concurrent","AUROC",592,0.915408248146576
"a","concurrent","AUROC",593,0.893722847931699
"a","concurrent","AUROC",594,0.891044477470091
"a","concurrent","AUROC",595,0.882215652721469
"a","concurrent","AUROC",596,0.902331199814289
"a","concurrent","AUROC",597,0.851541904865884
"a","concurrent","AUROC",598,0.919456451133158
"a","concurrent","AUROC",599,0.872680244084656
"a","concurrent","AUROC",600,0.843166700773518
"a","concurrent","AUROC",601,0.864718458027186
"a","concurrent","AUROC",602,0.903564760882287
"a","concurrent","AUROC",603,0.838513866455302
"a","concurrent","AUROC",604,0.861311477550569
"a","concurrent","AUROC",605,0.897934242695306
"a","concurrent","AUROC",606,0.891941708133533
"a","concurrent","AUROC",607,0.906488391458013
"a","concurrent","AUROC",608,0.889229127351504
"a","concurrent","AUROC",609,0.904003144252848
"a","concurrent","AUROC",610,0.898082529455884
"a","concurrent","AUROC",611,0.845544605560244
"a","concurrent","AUROC",612,0.910698821032943
"a","concurrent","AUROC",613,0.889219695820806
"a","concurrent","AUROC",614,0.895965267313584
"a","concurrent","AUROC",615,0.841120214791301
"a","concurrent","AUROC",616,0.916643614484596
"a","concurrent","AUROC",617,0.895067580969079
"a","concurrent","AUROC",618,0.855985187112619
"a","concurrent","AUROC",619,0.848390465502135
"a","concurrent","AUROC",620,0.910893997057333
"a","concurrent","AUROC",621,0.914826733756034
"a","concurrent","AUROC",622,0.734788985767013
"a","concurrent","AUROC",623,0.909002176848603
"a","concurrent","AUROC",624,0.844347549291649
"a","concurrent","AUROC",625,0.88866000773434
"a","concurrent","AUROC",626,0.892884483360533
"a","concurrent","AUROC",627,0.889698797857228
"a","concurrent","AUROC",628,0.885773655442335
"a","concurrent","AUROC",629,0.893893073741047
"a","concurrent","AUROC",630,0.901136570497757
"a","concurrent","AUROC",631,0.846088384582117
"a","concurrent","AUROC",632,0.915036136877158
"a","concurrent","AUROC",633,0.861789299517016
"a","concurrent","AUROC",634,0.75076952594204
"a","concurrent","AUROC",635,0.90216519557962
"a","concurrent","AUROC",636,0.885189323638234
"a","concurrent","AUROC",637,0.79353668174293
"a","concurrent","AUROC",638,0.898384988833354
"a","concurrent","AUROC",639,0.862289709049872
"a","concurrent","AUROC",640,0.915493009780599
"a","concurrent","AUROC",641,0.89191018243547
"a","concurrent","AUROC",642,0.897148266601307
"a","concurrent","AUROC",643,0.841423990398591
"a","concurrent","AUROC",644,0.902601226771027
"a","concurrent","AUROC",645,0.85415595482085
"a","concurrent","AUROC",646,0.838345019336853
"a","concurrent","AUROC",647,0.863396806814608
"a","concurrent","AUROC",648,0.901219353442728
"a","concurrent","AUROC",649,0.913224572697047
"a","concurrent","AUROC",650,0.900345714448033
"a","concurrent","AUROC",651,0.921984197953062
"a","concurrent","AUROC",652,0.903033385081309
"a","concurrent","AUROC",653,0.742619345654893
"a","concurrent","AUROC",654,0.921951425557987
"a","concurrent","AUROC",655,0.906049642317195
"a","concurrent","AUROC",656,0.872348443604481
"a","concurrent","AUROC",657,0.903260579654568
"a","concurrent","AUROC",658,0.844012571188349
"a","concurrent","AUROC",659,0.896086915515803
"a","concurrent","AUROC",660,0.894279179405491
"a","concurrent","AUROC",661,0.877850162881594
"a","concurrent","AUROC",662,0.892828791585804
"a","concurrent","AUROC",663,0.899962457656585
"a","concurrent","AUROC",664,0.886780114346908
"a","concurrent","AUROC",665,0.919243751481757
"a","concurrent","AUROC",666,0.712595675332407
"a","concurrent","AUROC",667,0.861629063441585
"a","concurrent","AUROC",668,0.892542419956534
"a","concurrent","AUROC",669,0.890107465574299
"a","concurrent","AUROC",670,0.840375339532735
"a","concurrent","AUROC",671,0.894181188202971
"a","concurrent","AUROC",672,0.854827394447845
"a","concurrent","AUROC",673,0.854200527434371
"a","concurrent","AUROC",674,0.883293440344274
"a","concurrent","AUROC",675,0.898865885591771
"a","concurrent","AUROC",676,0.846066278725403
"a","concurrent","AUROC",677,0.83303645435496
"a","concurrent","AUROC",678,0.884915225096414
"a","concurrent","AUROC",679,0.855999765634733
"a","concurrent","AUROC",680,0.884980120630346
"a","concurrent","AUROC",681,0.897153932503536
"a","concurrent","AUROC",682,0.839131690120745
"a","concurrent","AUROC",683,0.89330967018043
"a","concurrent","AUROC",684,0.923586308968784
"a","concurrent","AUROC",685,0.885252755418908
"a","concurrent","AUROC",686,0.89598663081022
"a","concurrent","AUROC",687,0.734968657220605
"a","concurrent","AUROC",688,0.91471119866666
"a","concurrent","AUROC",689,0.837840657101864
"a","concurrent","AUROC",690,0.933291272862775
"a","concurrent","AUROC",691,0.888207318175228
"a","concurrent","AUROC",692,0.895910871667275
"a","concurrent","AUROC",693,0.89453655214596
"a","concurrent","AUROC",694,0.901107369792728
"a","concurrent","AUROC",695,0.762628947871322
"a","concurrent","AUROC",696,0.932834763698951
"a","concurrent","AUROC",697,0.732736122794896
"a","concurrent","AUROC",698,0.883486207140158
"a","concurrent","AUROC",699,0.893792421215832
"a","concurrent","AUROC",700,0.919036586970153
"a","concurrent","AUROC",701,0.840061302325
"a","concurrent","AUROC",702,0.843031483592054
"a","concurrent","AUROC",703,0.921501174614898
"a","concurrent","AUROC",704,0.738228753137369
"a","concurrent","AUROC",705,0.852633187390976
"a","concurrent","AUROC",706,0.913400909081292
"a","concurrent","AUROC",707,0.899744705947504
"a","concurrent","AUROC",708,0.894468744227199
"a","concurrent","AUROC",709,0.892452675603275
"a","concurrent","AUROC",710,0.833607500404834
"a","concurrent","AUROC",711,0.925309693811246
"a","concurrent","AUROC",712,0.898169120960864
"a","concurrent","AUROC",713,0.77409368426218
"a","concurrent","AUROC",714,0.889963665240738
"a","concurrent","AUROC",715,0.902089089203484
"a","concurrent","AUROC",716,0.904038010925713
"a","concurrent","AUROC",717,0.919596775605426
"a","concurrent","AUROC",718,0.896750621625958
"a","concurrent","AUROC",719,0.869502850290155
"a","concurrent","AUROC",720,0.900205541149006
"a","concurrent","AUROC",721,0.9053817175252
"a","concurrent","AUROC",722,0.893006476313124
"a","concurrent","AUROC",723,0.893421562137862
"a","concurrent","AUROC",724,0.917208502432195
"a","concurrent","AUROC",725,0.758910647224524
"a","concurrent","AUROC",726,0.891554883408231
"a","concurrent","AUROC",727,0.853421345898418
"a","concurrent","AUROC",728,0.912296668434616
"a","concurrent","AUROC",729,0.768800410419165
"a","concurrent","AUROC",730,0.915468099858098
"a","concurrent","AUROC",731,0.892688514676621
"a","concurrent","AUROC",732,0.925003586596559
"a","concurrent","AUROC",733,0.850778780047855
"a","concurrent","AUROC",734,0.926582497107343
"a","concurrent","AUROC",735,0.883066091822289
"a","concurrent","AUROC",736,0.897733413474385
"a","concurrent","AUROC",737,0.84129179768489
"a","concurrent","AUROC",738,0.851120012784069
"a","concurrent","AUROC",739,0.925005665090216
"a","concurrent","AUROC",740,0.894087730462636
"a","concurrent","AUROC",741,0.92379833731941
"a","concurrent","AUROC",742,0.922657318133377
"a","concurrent","AUROC",743,0.91519776686951
"a","concurrent","AUROC",744,0.923733088958007
"a","concurrent","AUROC",745,0.743316051764289
"a","concurrent","AUROC",746,0.860772651813928
"a","concurrent","AUROC",747,0.910946286329511
"a","concurrent","AUROC",748,0.923073737675944
"a","concurrent","AUROC",749,0.769018941369703
"a","concurrent","AUROC",750,0.902194709560697
"a","concurrent","AUROC",751,0.855278851893156
"a","concurrent","AUROC",752,0.833128235358837
"a","concurrent","AUROC",753,0.92730244359187
"a","concurrent","AUROC",754,0.752958277154073
"a","concurrent","AUROC",755,0.896700589224136
"a","concurrent","AUROC",756,0.900331777178064
"a","concurrent","AUROC",757,0.903316827636676
"a","concurrent","AUROC",758,0.851103675225305
"a","concurrent","AUROC",759,0.922469050406436
"a","concurrent","AUROC",760,0.782319436632786
"a","concurrent","AUROC",761,0.884486933945626
"a","concurrent","AUROC",762,0.863832227993378
"a","concurrent","AUROC",763,0.886674806749815
"a","concurrent","AUROC",764,0.848444191855976
"a","concurrent","AUROC",765,0.897719754212383
"a","concurrent","AUROC",766,0.919297096903674
"a","concurrent","AUROC",767,0.894198372357874
"a","concurrent","AUROC",768,0.839532690059439
"a","concurrent","AUROC",769,0.889458785888069
"a","concurrent","AUROC",770,0.85280248790758
"a","concurrent","AUROC",771,0.92376400417323
"a","concurrent","AUROC",772,0.880584347231653
"a","concurrent","AUROC",773,0.844781059038999
"a","concurrent","AUROC",774,0.863739981184004
"a","concurrent","AUROC",775,0.911990021777836
"a","concurrent","AUROC",776,0.893792404002706
"a","concurrent","AUROC",777,0.846628724388262
"a","concurrent","AUROC",778,0.915139368332445
"a","concurrent","AUROC",779,0.87981424441674
"a","concurrent","AUROC",780,0.891869209639892
"a","concurrent","AUROC",781,0.850161890615489
"a","concurrent","AUROC",782,0.852051467464672
"a","concurrent","AUROC",783,0.929961836413278
"a","concurrent","AUROC",784,0.888842855414587
"a","concurrent","AUROC",785,0.84226327510057
"a","concurrent","AUROC",786,0.90753439559778
"a","concurrent","AUROC",787,0.90909785576753
"a","concurrent","AUROC",788,0.868536174329883
"a","concurrent","AUROC",789,0.893736969291927
"a","concurrent","AUROC",790,0.894731840988435
"a","concurrent","AUROC",791,0.912422872605953
"a","concurrent","AUROC",792,0.924031063890327
"a","concurrent","AUROC",793,0.91017925717409
"a","concurrent","AUROC",794,0.776840978367408
"a","concurrent","AUROC",795,0.850086544625161
"a","concurrent","AUROC",796,0.915598486125794
"a","concurrent","AUROC",797,0.8698166396176
"a","concurrent","AUROC",798,0.885924813741999
"a","concurrent","AUROC",799,0.868765139703354
"a","concurrent","AUROC",800,0.834670803936104
"a","concurrent","AUROC",801,0.898538147965398
"a","concurrent","AUROC",802,0.914059220039454
"a","concurrent","AUROC",803,0.896862551410265
"a","concurrent","AUROC",804,0.844372746271918
"a","concurrent","AUROC",805,0.777493082885444
"a","concurrent","AUROC",806,0.898009332800948
"a","concurrent","AUROC",807,0.924223976096323
"a","concurrent","AUROC",808,0.893612914379295
"a","concurrent","AUROC",809,0.845083871383443
"a","concurrent","AUROC",810,0.86411517103405
"a","concurrent","AUROC",811,0.872469107935231
"a","concurrent","AUROC",812,0.905289483696054
"a","concurrent","AUROC",813,0.849460087451773
"a","concurrent","AUROC",814,0.89010934982188
"a","concurrent","AUROC",815,0.902113016983487
"a","concurrent","AUROC",816,0.922264776681909
"a","concurrent","AUROC",817,0.85427311710071
"a","concurrent","AUROC",818,0.91336224378414
"a","concurrent","AUROC",819,0.934018175408907
"a","concurrent","AUROC",820,0.891150360626502
"a","concurrent","AUROC",821,0.851326024572762
"a","concurrent","AUROC",822,0.905565789820515
"a","concurrent","AUROC",823,0.923439742417427
"a","concurrent","AUROC",824,0.912101760748312
"a","concurrent","AUROC",825,0.903521518730656
"a","concurrent","AUROC",826,0.899277524985208
"a","concurrent","AUROC",827,0.912751465975723
"a","concurrent","AUROC",828,0.898967599794282
"a","concurrent","AUROC",829,0.856895441848235
"a","concurrent","AUROC",830,0.894499659615424
"a","concurrent","AUROC",831,0.888985874311504
"a","concurrent","AUROC",832,0.756449458104002
"a","concurrent","AUROC",833,0.900689952236125
"a","concurrent","AUROC",834,0.846669120715964
"a","concurrent","AUROC",835,0.846256159385131
"a","concurrent","AUROC",836,0.878862859843951
"a","concurrent","AUROC",837,0.856904918445727
"a","concurrent","AUROC",838,0.895700307251662
"a","concurrent","AUROC",839,0.904567920081207
"a","concurrent","AUROC",840,0.885394865865785
"a","concurrent","AUROC",841,0.891045078810028
"a","concurrent","AUROC",842,0.922624739613393
"a","concurrent","AUROC",843,0.7893294313171
"a","concurrent","AUROC",844,0.847632673634674
"a","concurrent","AUROC",845,0.878160887467948
"a","concurrent","AUROC",846,0.872498136384202
"a","concurrent","AUROC",847,0.774969975960596
"a","concurrent","AUROC",848,0.858487942796368
"a","concurrent","AUROC",849,0.853287276082242
"a","concurrent","AUROC",850,0.888865509136749
"a","concurrent","AUROC",851,0.835819411850337
"a","concurrent","AUROC",852,0.853874810457549
"a","concurrent","AUROC",853,0.902624774830762
"a","concurrent","AUROC",854,0.916436771698458
"a","concurrent","AUROC",855,0.848899007736631
"a","concurrent","AUROC",856,0.894659680949816
"a","concurrent","AUROC",857,0.899674450921114
"a","concurrent","AUROC",858,0.874845306134829
"a","concurrent","AUROC",859,0.920092068383695
"a","concurrent","AUROC",860,0.850452250659047
"a","concurrent","AUROC",861,0.919935522379326
"a","concurrent","AUROC",862,0.856686667833313
"a","concurrent","AUROC",863,0.895811498625807
"a","concurrent","AUROC",864,0.90948731039833
"a","concurrent","AUROC",865,0.91369708782502
"a","concurrent","AUROC",866,0.935385375143976
"a","concurrent","AUROC",867,0.858354487764045
"a","concurrent","AUROC",868,0.779656627261303
"a","concurrent","AUROC",869,0.909023252128353
"a","concurrent","AUROC",870,0.897745019048451
"a","concurrent","AUROC",871,0.855803843646164
"a","concurrent","AUROC",872,0.922629262617448
"a","concurrent","AUROC",873,0.859639489330819
"a","concurrent","AUROC",874,0.883244740061673
"a","concurrent","AUROC",875,0.890794772446117
"a","concurrent","AUROC",876,0.897272595233314
"a","concurrent","AUROC",877,0.894540931871632
"a","concurrent","AUROC",878,0.891834180800731
"a","concurrent","AUROC",879,0.868525686772582
"a","concurrent","AUROC",880,0.861765831186907
"a","concurrent","AUROC",881,0.912294968143599
"a","concurrent","AUROC",882,0.856870247653729
"a","concurrent","AUROC",883,0.772354148422727
"a","concurrent","AUROC",884,0.76115735618275
"a","concurrent","AUROC",885,0.833667027193162
"a","concurrent","AUROC",886,0.896242178006677
"a","concurrent","AUROC",887,0.907186071868557
"a","concurrent","AUROC",888,0.893254313931629
"a","concurrent","AUROC",889,0.888539615525047
"a","concurrent","AUROC",890,0.881814736176015
"a","concurrent","AUROC",891,0.893810054818891
"a","concurrent","AUROC",892,0.852505613309439
"a","concurrent","AUROC",893,0.922154846059026
"a","concurrent","AUROC",894,0.890316341185367
"a","concurrent","AUROC",895,0.914587427650906
"a","concurrent","AUROC",896,0.913356791049557
"a","concurrent","AUROC",897,0.897934404115476
"a","concurrent","AUROC",898,0.893036132920056
"a","concurrent","AUROC",899,0.932934684555174
"a","concurrent","AUROC",900,0.918541368748386
"a","concurrent","AUROC",901,0.869674737018003
"a","concurrent","AUROC",902,0.836012894428617
"a","concurrent","AUROC",903,0.881288710498333
"a","concurrent","AUROC",904,0.915330523812087
"a","concurrent","AUROC",905,0.915661754205029
"a","concurrent","AUROC",906,0.915485652455698
"a","concurrent","AUROC",907,0.865606006596439
"a","concurrent","AUROC",908,0.910195693477144
"a","concurrent","AUROC",909,0.912381969743447
"a","concurrent","AUROC",910,0.889171239569339
"a","concurrent","AUROC",911,0.852695407194866
"a","concurrent","AUROC",912,0.900507119436938
"a","concurrent","AUROC",913,0.899315088469685
"a","concurrent","AUROC",914,0.896926670711617
"a","concurrent","AUROC",915,0.896972499474481
"a","concurrent","AUROC",916,0.895167010248435
"a","concurrent","AUROC",917,0.917717761138177
"a","concurrent","AUROC",918,0.887167824837306
"a","concurrent","AUROC",919,0.889010736853646
"a","concurrent","AUROC",920,0.892857387771662
"a","concurrent","AUROC",921,0.830041954432133
"a","concurrent","AUROC",922,0.856745991322652
"a","concurrent","AUROC",923,0.896233545645926
"a","concurrent","AUROC",924,0.869755229428351
"a","concurrent","AUROC",925,0.838876527746148
"a","concurrent","AUROC",926,0.890636346665574
"a","concurrent","AUROC",927,0.784520373021914
"a","concurrent","AUROC",928,0.906427066570881
"a","concurrent","AUROC",929,0.897810041698599
"a","concurrent","AUROC",930,0.904271899854297
"a","concurrent","AUROC",931,0.840232947929159
"a","concurrent","AUROC",932,0.914407834906106
"a","concurrent","AUROC",933,0.888220472846506
"a","concurrent","AUROC",934,0.852516099607989
"a","concurrent","AUROC",935,0.911886721974979
"a","concurrent","AUROC",936,0.914882012178462
"a","concurrent","AUROC",937,0.897965158299987
"a","concurrent","AUROC",938,0.888085204889166
"a","concurrent","AUROC",939,0.739689124156677
"a","concurrent","AUROC",940,0.899644397851362
"a","concurrent","AUROC",941,0.873242545958436
"a","concurrent","AUROC",942,0.85564693116224
"a","concurrent","AUROC",943,0.898170944340648
"a","concurrent","AUROC",944,0.873742724493304
"a","concurrent","AUROC",945,0.859658375410276
"a","concurrent","AUROC",946,0.862869787307597
"a","concurrent","AUROC",947,0.887310785007883
"a","concurrent","AUROC",948,0.902319453046922
"a","concurrent","AUROC",949,0.901652969122716
"a","concurrent","AUROC",950,0.882610328663282
"a","concurrent","AUROC",951,0.921451635251501
"a","concurrent","AUROC",952,0.844202568244279
"a","concurrent","AUROC",953,0.864474913269116
"a","concurrent","AUROC",954,0.887478976131878
"a","concurrent","AUROC",955,0.830913732965924
"a","concurrent","AUROC",956,0.904536025169315
"a","concurrent","AUROC",957,0.887261206168306
"a","concurrent","AUROC",958,0.893019401711243
"a","concurrent","AUROC",959,0.801488349366465
"a","concurrent","AUROC",960,0.91747740710798
"a","concurrent","AUROC",961,0.899884878980168
"a","concurrent","AUROC",962,0.840085659591943
"a","concurrent","AUROC",963,0.905720675255604
"a","concurrent","AUROC",964,0.777736524952539
"a","concurrent","AUROC",965,0.859706955944411
"a","concurrent","AUROC",966,0.917147797339598
"a","concurrent","AUROC",967,0.910850410033924
"a","concurrent","AUROC",968,0.917510150725472
"a","concurrent","AUROC",969,0.88526896645251
"a","concurrent","AUROC",970,0.920209364900148
"a","concurrent","AUROC",971,0.887769190639035
"a","concurrent","AUROC",972,0.869010657567051
"a","concurrent","AUROC",973,0.90234359126199
"a","concurrent","AUROC",974,0.904038343527121
"a","concurrent","AUROC",975,0.911594912591532
"a","concurrent","AUROC",976,0.923225163290899
"a","concurrent","AUROC",977,0.883245031440231
"a","concurrent","AUROC",978,0.908093622187658
"a","concurrent","AUROC",979,0.921411561349958
"a","concurrent","AUROC",980,0.842079500129422
"a","concurrent","AUROC",981,0.715278323772747
"a","concurrent","AUROC",982,0.851240575333618
"a","concurrent","AUROC",983,0.854983377943924
"a","concurrent","AUROC",984,0.906238967780585
"a","concurrent","AUROC",985,0.849742122289119
"a","concurrent","AUROC",986,0.902082271873003
"a","concurrent","AUROC",987,0.885658738553069
"a","concurrent","AUROC",988,0.852402824564901
"a","concurrent","AUROC",989,0.923611297090896
"a","concurrent","AUROC",990,0.891224496455771
"a","concurrent","AUROC",991,0.874142329096664
"a","concurrent","AUROC",992,0.855953068949067
"a","concurrent","AUROC",993,0.902897411350093
"a","concurrent","AUROC",994,0.871906662493673
"a","concurrent","AUROC",995,0.891514650293381
"a","concurrent","AUROC",996,0.902848678329238
"a","concurrent","AUROC",997,0.900199490077308
"a","concurrent","AUROC",998,0.888729010892435
"a","concurrent","AUROC",999,0.863240042657214
"a","concurrent","AUROC",1000,0.919611128935952
"b","followup_frail","AUROC",1,0.641072883272975
"b","followup_frail","AUROC",2,0.814301168325541
"b","followup_frail","AUROC",3,0.732608917530395
"b","followup_frail","AUROC",4,0.81496982209438
"b","followup_frail","AUROC",5,0.793654089142824
"b","followup_frail","AUROC",6,0.767552085707336
"b","followup_frail","AUROC",7,0.812736826861492
"b","followup_frail","AUROC",8,0.708823341492263
"b","followup_frail","AUROC",9,0.776941083673279
"b","followup_frail","AUROC",10,0.765494755006472
"b","followup_frail","AUROC",11,0.76455968944607
"b","followup_frail","AUROC",12,0.784617539394216
"b","followup_frail","AUROC",13,0.771006606183293
"b","followup_frail","AUROC",14,0.822203842234618
"b","followup_frail","AUROC",15,0.778097050869612
"b","followup_frail","AUROC",16,0.766635168672962
"b","followup_frail","AUROC",17,0.77846686957064
"b","followup_frail","AUROC",18,0.813830454780604
"b","followup_frail","AUROC",19,0.757572213608209
"b","followup_frail","AUROC",20,0.71582002285588
"b","followup_frail","AUROC",21,0.80627034365869
"b","followup_frail","AUROC",22,0.750382004791834
"b","followup_frail","AUROC",23,0.793570144535007
"b","followup_frail","AUROC",24,0.757894548552708
"b","followup_frail","AUROC",25,0.795790261505938
"b","followup_frail","AUROC",26,0.776728861959425
"b","followup_frail","AUROC",27,0.814638942091387
"b","followup_frail","AUROC",28,0.770090991173072
"b","followup_frail","AUROC",29,0.782498337412495
"b","followup_frail","AUROC",30,0.802464482689328
"b","followup_frail","AUROC",31,0.809507893238042
"b","followup_frail","AUROC",32,0.794276037479942
"b","followup_frail","AUROC",33,0.804079415334891
"b","followup_frail","AUROC",34,0.804083606352723
"b","followup_frail","AUROC",35,0.812204320415401
"b","followup_frail","AUROC",36,0.777758416079046
"b","followup_frail","AUROC",37,0.734755863446177
"b","followup_frail","AUROC",38,0.795514288105632
"b","followup_frail","AUROC",39,0.738144404259547
"b","followup_frail","AUROC",40,0.754659317639158
"b","followup_frail","AUROC",41,0.724942854570028
"b","followup_frail","AUROC",42,0.753665131774419
"b","followup_frail","AUROC",43,0.655192803865601
"b","followup_frail","AUROC",44,0.767811500208151
"b","followup_frail","AUROC",45,0.802719359988273
"b","followup_frail","AUROC",46,0.723780041648805
"b","followup_frail","AUROC",47,0.774200168747829
"b","followup_frail","AUROC",48,0.783792879942691
"b","followup_frail","AUROC",49,0.771062612720081
"b","followup_frail","AUROC",50,0.814310878497063
"b","followup_frail","AUROC",51,0.657489042172512
"b","followup_frail","AUROC",52,0.76686318639732
"b","followup_frail","AUROC",53,0.795689099497101
"b","followup_frail","AUROC",54,0.770593021704887
"b","followup_frail","AUROC",55,0.686993603199306
"b","followup_frail","AUROC",56,0.80925617362687
"b","followup_frail","AUROC",57,0.809166290725368
"b","followup_frail","AUROC",58,0.724581246215588
"b","followup_frail","AUROC",59,0.747993079642383
"b","followup_frail","AUROC",60,0.79600383176636
"b","followup_frail","AUROC",61,0.772130038229687
"b","followup_frail","AUROC",62,0.766493469367472
"b","followup_frail","AUROC",63,0.813199869694278
"b","followup_frail","AUROC",64,0.803223281220652
"b","followup_frail","AUROC",65,0.792485010902226
"b","followup_frail","AUROC",66,0.763936339409893
"b","followup_frail","AUROC",67,0.731667187943338
"b","followup_frail","AUROC",68,0.79207569378415
"b","followup_frail","AUROC",69,0.731092663924874
"b","followup_frail","AUROC",70,0.769156235445519
"b","followup_frail","AUROC",71,0.753381343790196
"b","followup_frail","AUROC",72,0.776693606942904
"b","followup_frail","AUROC",73,0.81355734363597
"b","followup_frail","AUROC",74,0.796985094164959
"b","followup_frail","AUROC",75,0.812839227353139
"b","followup_frail","AUROC",76,0.766382232899843
"b","followup_frail","AUROC",77,0.73908220381677
"b","followup_frail","AUROC",78,0.766928922290774
"b","followup_frail","AUROC",79,0.763926028233636
"b","followup_frail","AUROC",80,0.786126120902297
"b","followup_frail","AUROC",81,0.785297479486434
"b","followup_frail","AUROC",82,0.75148266074174
"b","followup_frail","AUROC",83,0.795916747737717
"b","followup_frail","AUROC",84,0.754268457728028
"b","followup_frail","AUROC",85,0.81221317993951
"b","followup_frail","AUROC",86,0.752436338866341
"b","followup_frail","AUROC",87,0.791120797301444
"b","followup_frail","AUROC",88,0.749950413221488
"b","followup_frail","AUROC",89,0.794049579081908
"b","followup_frail","AUROC",90,0.776214590975319
"b","followup_frail","AUROC",91,0.783803393608973
"b","followup_frail","AUROC",92,0.764733470564897
"b","followup_frail","AUROC",93,0.663598091156826
"b","followup_frail","AUROC",94,0.747289116363779
"b","followup_frail","AUROC",95,0.794198867596567
"b","followup_frail","AUROC",96,0.793525247572426
"b","followup_frail","AUROC",97,0.79291576518818
"b","followup_frail","AUROC",98,0.761679603466375
"b","followup_frail","AUROC",99,0.767443526257467
"b","followup_frail","AUROC",100,0.786779844972246
"b","followup_frail","AUROC",101,0.764736144782396
"b","followup_frail","AUROC",102,0.768254321491746
"b","followup_frail","AUROC",103,0.75033433997311
"b","followup_frail","AUROC",104,0.665721867247896
"b","followup_frail","AUROC",105,0.811260799290576
"b","followup_frail","AUROC",106,0.7669138626931
"b","followup_frail","AUROC",107,0.795427996496613
"b","followup_frail","AUROC",108,0.76414709634013
"b","followup_frail","AUROC",109,0.804576617669777
"b","followup_frail","AUROC",110,0.776665666449804
"b","followup_frail","AUROC",111,0.769698172976482
"b","followup_frail","AUROC",112,0.743486649838847
"b","followup_frail","AUROC",113,0.815342575160234
"b","followup_frail","AUROC",114,0.743850482847251
"b","followup_frail","AUROC",115,0.752676448233162
"b","followup_frail","AUROC",116,0.793214423136251
"b","followup_frail","AUROC",117,0.789956572808874
"b","followup_frail","AUROC",118,0.820196246216411
"b","followup_frail","AUROC",119,0.760333225061655
"b","followup_frail","AUROC",120,0.758311595017795
"b","followup_frail","AUROC",121,0.795188610810166
"b","followup_frail","AUROC",122,0.774910925301069
"b","followup_frail","AUROC",123,0.777224207920546
"b","followup_frail","AUROC",124,0.815166374278465
"b","followup_frail","AUROC",125,0.748810282075359
"b","followup_frail","AUROC",126,0.814130093789359
"b","followup_frail","AUROC",127,0.779571597251338
"b","followup_frail","AUROC",128,0.766894010605541
"b","followup_frail","AUROC",129,0.733658724833518
"b","followup_frail","AUROC",130,0.795466035209555
"b","followup_frail","AUROC",131,0.811306557580302
"b","followup_frail","AUROC",132,0.747872510108628
"b","followup_frail","AUROC",133,0.794699338898479
"b","followup_frail","AUROC",134,0.771219036426892
"b","followup_frail","AUROC",135,0.776391369419727
"b","followup_frail","AUROC",136,0.765868770972716
"b","followup_frail","AUROC",137,0.772479182633086
"b","followup_frail","AUROC",138,0.752906814363886
"b","followup_frail","AUROC",139,0.741249636261993
"b","followup_frail","AUROC",140,0.800123570313814
"b","followup_frail","AUROC",141,0.779410535421859
"b","followup_frail","AUROC",142,0.780673400942343
"b","followup_frail","AUROC",143,0.766517606532741
"b","followup_frail","AUROC",144,0.808076722389814
"b","followup_frail","AUROC",145,0.790526731011279
"b","followup_frail","AUROC",146,0.737522602576356
"b","followup_frail","AUROC",147,0.754765726442853
"b","followup_frail","AUROC",148,0.807229189212127
"b","followup_frail","AUROC",149,0.660799309462123
"b","followup_frail","AUROC",150,0.765700518146716
"b","followup_frail","AUROC",151,0.80581881425476
"b","followup_frail","AUROC",152,0.764269733270198
"b","followup_frail","AUROC",153,0.692371481751868
"b","followup_frail","AUROC",154,0.79406768332201
"b","followup_frail","AUROC",155,0.816363074945674
"b","followup_frail","AUROC",156,0.734039288778875
"b","followup_frail","AUROC",157,0.814577142553293
"b","followup_frail","AUROC",158,0.795710386471899
"b","followup_frail","AUROC",159,0.787472999226085
"b","followup_frail","AUROC",160,0.795387064413688
"b","followup_frail","AUROC",161,0.77021256386338
"b","followup_frail","AUROC",162,0.779593478935962
"b","followup_frail","AUROC",163,0.779762550861769
"b","followup_frail","AUROC",164,0.774406947618104
"b","followup_frail","AUROC",165,0.807229082104451
"b","followup_frail","AUROC",166,0.668565719161681
"b","followup_frail","AUROC",167,0.734132333554418
"b","followup_frail","AUROC",168,0.802476932564867
"b","followup_frail","AUROC",169,0.771265751631783
"b","followup_frail","AUROC",170,0.656983426033386
"b","followup_frail","AUROC",171,0.802146893518876
"b","followup_frail","AUROC",172,0.758361224369216
"b","followup_frail","AUROC",173,0.773561595382861
"b","followup_frail","AUROC",174,0.781103675863762
"b","followup_frail","AUROC",175,0.774674370240194
"b","followup_frail","AUROC",176,0.810984498313065
"b","followup_frail","AUROC",177,0.784664067024428
"b","followup_frail","AUROC",178,0.675908878576885
"b","followup_frail","AUROC",179,0.652523958948347
"b","followup_frail","AUROC",180,0.766250659070402
"b","followup_frail","AUROC",181,0.744926051974536
"b","followup_frail","AUROC",182,0.794767021955591
"b","followup_frail","AUROC",183,0.74027878304886
"b","followup_frail","AUROC",184,0.761216464281454
"b","followup_frail","AUROC",185,0.777909833622847
"b","followup_frail","AUROC",186,0.822510165956506
"b","followup_frail","AUROC",187,0.749472234465885
"b","followup_frail","AUROC",188,0.71955339472893
"b","followup_frail","AUROC",189,0.812552601180998
"b","followup_frail","AUROC",190,0.796531677995112
"b","followup_frail","AUROC",191,0.727197399524885
"b","followup_frail","AUROC",192,0.780606864255245
"b","followup_frail","AUROC",193,0.777672538531746
"b","followup_frail","AUROC",194,0.771563501145722
"b","followup_frail","AUROC",195,0.793182551809983
"b","followup_frail","AUROC",196,0.756790079699183
"b","followup_frail","AUROC",197,0.717256878189367
"b","followup_frail","AUROC",198,0.796372905827567
"b","followup_frail","AUROC",199,0.74656044095835
"b","followup_frail","AUROC",200,0.79309750331215
"b","followup_frail","AUROC",201,0.733087063081348
"b","followup_frail","AUROC",202,0.775704839256918
"b","followup_frail","AUROC",203,0.781467007833054
"b","followup_frail","AUROC",204,0.813438793051321
"b","followup_frail","AUROC",205,0.795996227023247
"b","followup_frail","AUROC",206,0.793146428391234
"b","followup_frail","AUROC",207,0.720820111987404
"b","followup_frail","AUROC",208,0.728103791463999
"b","followup_frail","AUROC",209,0.761183238732365
"b","followup_frail","AUROC",210,0.802934229411029
"b","followup_frail","AUROC",211,0.804592931733492
"b","followup_frail","AUROC",212,0.728390591061925
"b","followup_frail","AUROC",213,0.762814279267097
"b","followup_frail","AUROC",214,0.763139829095325
"b","followup_frail","AUROC",215,0.819023590531653
"b","followup_frail","AUROC",216,0.816417025165359
"b","followup_frail","AUROC",217,0.750123524957117
"b","followup_frail","AUROC",218,0.760911456382673
"b","followup_frail","AUROC",219,0.765055100068854
"b","followup_frail","AUROC",220,0.768617621949667
"b","followup_frail","AUROC",221,0.804355608196176
"b","followup_frail","AUROC",222,0.769650366760375
"b","followup_frail","AUROC",223,0.797395167948259
"b","followup_frail","AUROC",224,0.779598961171074
"b","followup_frail","AUROC",225,0.80473215195676
"b","followup_frail","AUROC",226,0.727476010270417
"b","followup_frail","AUROC",227,0.756519247162389
"b","followup_frail","AUROC",228,0.76646278173611
"b","followup_frail","AUROC",229,0.795799228944181
"b","followup_frail","AUROC",230,0.808084520905383
"b","followup_frail","AUROC",231,0.730105770978642
"b","followup_frail","AUROC",232,0.757651652450107
"b","followup_frail","AUROC",233,0.793522728917073
"b","followup_frail","AUROC",234,0.792049441876832
"b","followup_frail","AUROC",235,0.789025224251973
"b","followup_frail","AUROC",236,0.771129114397485
"b","followup_frail","AUROC",237,0.72419932068081
"b","followup_frail","AUROC",238,0.791264681376066
"b","followup_frail","AUROC",239,0.807673739038603
"b","followup_frail","AUROC",240,0.666388528967234
"b","followup_frail","AUROC",241,0.77648120910317
"b","followup_frail","AUROC",242,0.793119816533112
"b","followup_frail","AUROC",243,0.780066095055743
"b","followup_frail","AUROC",244,0.774865933382235
"b","followup_frail","AUROC",245,0.73909703219126
"b","followup_frail","AUROC",246,0.717627599716564
"b","followup_frail","AUROC",247,0.80240768729022
"b","followup_frail","AUROC",248,0.795380400837169
"b","followup_frail","AUROC",249,0.749288814936074
"b","followup_frail","AUROC",250,0.79515286856204
"b","followup_frail","AUROC",251,0.761026441453783
"b","followup_frail","AUROC",252,0.780617481237508
"b","followup_frail","AUROC",253,0.749518119010907
"b","followup_frail","AUROC",254,0.810556882999409
"b","followup_frail","AUROC",255,0.809518872323532
"b","followup_frail","AUROC",256,0.784728317613877
"b","followup_frail","AUROC",257,0.809602513688158
"b","followup_frail","AUROC",258,0.76026517866281
"b","followup_frail","AUROC",259,0.768289652128265
"b","followup_frail","AUROC",260,0.772705091694388
"b","followup_frail","AUROC",261,0.669529857471926
"b","followup_frail","AUROC",262,0.769118283526286
"b","followup_frail","AUROC",263,0.780107846404639
"b","followup_frail","AUROC",264,0.771196634004449
"b","followup_frail","AUROC",265,0.780271229708658
"b","followup_frail","AUROC",266,0.773191719805328
"b","followup_frail","AUROC",267,0.819360158998139
"b","followup_frail","AUROC",268,0.787602577231988
"b","followup_frail","AUROC",269,0.664171605433747
"b","followup_frail","AUROC",270,0.762688602399367
"b","followup_frail","AUROC",271,0.736608774483313
"b","followup_frail","AUROC",272,0.794440933143167
"b","followup_frail","AUROC",273,0.794905609780515
"b","followup_frail","AUROC",274,0.774889242503618
"b","followup_frail","AUROC",275,0.813808377846092
"b","followup_frail","AUROC",276,0.727200194726221
"b","followup_frail","AUROC",277,0.744824614023216
"b","followup_frail","AUROC",278,0.752927809764377
"b","followup_frail","AUROC",279,0.810491263904559
"b","followup_frail","AUROC",280,0.761831128678638
"b","followup_frail","AUROC",281,0.794193119713386
"b","followup_frail","AUROC",282,0.812343148426147
"b","followup_frail","AUROC",283,0.778067537368899
"b","followup_frail","AUROC",284,0.67704102294239
"b","followup_frail","AUROC",285,0.774137043240801
"b","followup_frail","AUROC",286,0.813544403964767
"b","followup_frail","AUROC",287,0.75004181236228
"b","followup_frail","AUROC",288,0.754711721813561
"b","followup_frail","AUROC",289,0.770579240686899
"b","followup_frail","AUROC",290,0.812374005289675
"b","followup_frail","AUROC",291,0.790578658493149
"b","followup_frail","AUROC",292,0.766979942026552
"b","followup_frail","AUROC",293,0.77149341273688
"b","followup_frail","AUROC",294,0.804320015221176
"b","followup_frail","AUROC",295,0.794836395742665
"b","followup_frail","AUROC",296,0.783483240602289
"b","followup_frail","AUROC",297,0.732717536011445
"b","followup_frail","AUROC",298,0.693787327652364
"b","followup_frail","AUROC",299,0.78215168103499
"b","followup_frail","AUROC",300,0.792598718456741
"b","followup_frail","AUROC",301,0.781555073540857
"b","followup_frail","AUROC",302,0.775093192801536
"b","followup_frail","AUROC",303,0.809021509941622
"b","followup_frail","AUROC",304,0.803702912880492
"b","followup_frail","AUROC",305,0.768199426524519
"b","followup_frail","AUROC",306,0.772568232490612
"b","followup_frail","AUROC",307,0.80235661006255
"b","followup_frail","AUROC",308,0.779630254775372
"b","followup_frail","AUROC",309,0.770908469355321
"b","followup_frail","AUROC",310,0.716399632101379
"b","followup_frail","AUROC",311,0.807482101524753
"b","followup_frail","AUROC",312,0.802140807499011
"b","followup_frail","AUROC",313,0.814829131266457
"b","followup_frail","AUROC",314,0.779456283140367
"b","followup_frail","AUROC",315,0.816736952872954
"b","followup_frail","AUROC",316,0.793755693499478
"b","followup_frail","AUROC",317,0.752524886384436
"b","followup_frail","AUROC",318,0.762673627434714
"b","followup_frail","AUROC",319,0.785186654253601
"b","followup_frail","AUROC",320,0.775216575925541
"b","followup_frail","AUROC",321,0.783535984283449
"b","followup_frail","AUROC",322,0.724759644426863
"b","followup_frail","AUROC",323,0.79646366757862
"b","followup_frail","AUROC",324,0.814860778945252
"b","followup_frail","AUROC",325,0.764182512575617
"b","followup_frail","AUROC",326,0.795616814712611
"b","followup_frail","AUROC",327,0.773523629688576
"b","followup_frail","AUROC",328,0.740011430927028
"b","followup_frail","AUROC",329,0.804901658507281
"b","followup_frail","AUROC",330,0.784471562765438
"b","followup_frail","AUROC",331,0.797160554502254
"b","followup_frail","AUROC",332,0.750148997699802
"b","followup_frail","AUROC",333,0.807420164217377
"b","followup_frail","AUROC",334,0.760895753458787
"b","followup_frail","AUROC",335,0.752833859726811
"b","followup_frail","AUROC",336,0.723660762772066
"b","followup_frail","AUROC",337,0.727787700701097
"b","followup_frail","AUROC",338,0.749329470473291
"b","followup_frail","AUROC",339,0.805253149246749
"b","followup_frail","AUROC",340,0.793570974098842
"b","followup_frail","AUROC",341,0.765567164114431
"b","followup_frail","AUROC",342,0.715996790361624
"b","followup_frail","AUROC",343,0.793200428655701
"b","followup_frail","AUROC",344,0.753043326794896
"b","followup_frail","AUROC",345,0.772944950773013
"b","followup_frail","AUROC",346,0.770506564343366
"b","followup_frail","AUROC",347,0.818337438922843
"b","followup_frail","AUROC",348,0.653888887266355
"b","followup_frail","AUROC",349,0.650527868501527
"b","followup_frail","AUROC",350,0.774254048994142
"b","followup_frail","AUROC",351,0.74615865791566
"b","followup_frail","AUROC",352,0.791075139798162
"b","followup_frail","AUROC",353,0.767108005828884
"b","followup_frail","AUROC",354,0.782604885927202
"b","followup_frail","AUROC",355,0.764421665953236
"b","followup_frail","AUROC",356,0.82080421500945
"b","followup_frail","AUROC",357,0.777205819209872
"b","followup_frail","AUROC",358,0.746635487216899
"b","followup_frail","AUROC",359,0.740705323712322
"b","followup_frail","AUROC",360,0.815053372057562
"b","followup_frail","AUROC",361,0.741390893459662
"b","followup_frail","AUROC",362,0.804496098292782
"b","followup_frail","AUROC",363,0.66014289094434
"b","followup_frail","AUROC",364,0.778362795811342
"b","followup_frail","AUROC",365,0.668792666163873
"b","followup_frail","AUROC",366,0.796897550423822
"b","followup_frail","AUROC",367,0.745132341078303
"b","followup_frail","AUROC",368,0.732065141936017
"b","followup_frail","AUROC",369,0.812973412970123
"b","followup_frail","AUROC",370,0.75175680978057
"b","followup_frail","AUROC",371,0.778991367599703
"b","followup_frail","AUROC",372,0.79541091301408
"b","followup_frail","AUROC",373,0.805576727281002
"b","followup_frail","AUROC",374,0.759346777014895
"b","followup_frail","AUROC",375,0.80968020437026
"b","followup_frail","AUROC",376,0.778243962038437
"b","followup_frail","AUROC",377,0.774020597290449
"b","followup_frail","AUROC",378,0.804497505410867
"b","followup_frail","AUROC",379,0.7971016124884
"b","followup_frail","AUROC",380,0.815636247958086
"b","followup_frail","AUROC",381,0.729230350457874
"b","followup_frail","AUROC",382,0.819686292072763
"b","followup_frail","AUROC",383,0.637536203693541
"b","followup_frail","AUROC",384,0.82030816199076
"b","followup_frail","AUROC",385,0.778643372233234
"b","followup_frail","AUROC",386,0.723790159713219
"b","followup_frail","AUROC",387,0.820576311865512
"b","followup_frail","AUROC",388,0.759249598170213
"b","followup_frail","AUROC",389,0.76286177830841
"b","followup_frail","AUROC",390,0.763376470512357
"b","followup_frail","AUROC",391,0.792238844770568
"b","followup_frail","AUROC",392,0.785841107995357
"b","followup_frail","AUROC",393,0.802609342332637
"b","followup_frail","AUROC",394,0.801892851798233
"b","followup_frail","AUROC",395,0.760930737711885
"b","followup_frail","AUROC",396,0.797014226171428
"b","followup_frail","AUROC",397,0.716309345613759
"b","followup_frail","AUROC",398,0.7738328752276
"b","followup_frail","AUROC",399,0.772668807205899
"b","followup_frail","AUROC",400,0.805574224492439
"b","followup_frail","AUROC",401,0.80224393780784
"b","followup_frail","AUROC",402,0.81072990086014
"b","followup_frail","AUROC",403,0.814106124992139
"b","followup_frail","AUROC",404,0.765230165915532
"b","followup_frail","AUROC",405,0.768375135497961
"b","followup_frail","AUROC",406,0.801311216281968
"b","followup_frail","AUROC",407,0.753554197229917
"b","followup_frail","AUROC",408,0.793626001607351
"b","followup_frail","AUROC",409,0.811871338220354
"b","followup_frail","AUROC",410,0.769485948505316
"b","followup_frail","AUROC",411,0.796709310981351
"b","followup_frail","AUROC",412,0.802592498992435
"b","followup_frail","AUROC",413,0.767569516003272
"b","followup_frail","AUROC",414,0.788037805975717
"b","followup_frail","AUROC",415,0.778842666965761
"b","followup_frail","AUROC",416,0.815152716417434
"b","followup_frail","AUROC",417,0.772469591030964
"b","followup_frail","AUROC",418,0.810265590617928
"b","followup_frail","AUROC",419,0.808556626112757
"b","followup_frail","AUROC",420,0.802497438223341
"b","followup_frail","AUROC",421,0.757643928584848
"b","followup_frail","AUROC",422,0.795883942734948
"b","followup_frail","AUROC",423,0.76761090453103
"b","followup_frail","AUROC",424,0.764180830641209
"b","followup_frail","AUROC",425,0.745089285986744
"b","followup_frail","AUROC",426,0.777684675945879
"b","followup_frail","AUROC",427,0.780133340167244
"b","followup_frail","AUROC",428,0.789743721065751
"b","followup_frail","AUROC",429,0.782148210224699
"b","followup_frail","AUROC",430,0.814411705532728
"b","followup_frail","AUROC",431,0.794736768814659
"b","followup_frail","AUROC",432,0.811112057682576
"b","followup_frail","AUROC",433,0.792426168402084
"b","followup_frail","AUROC",434,0.793787921429627
"b","followup_frail","AUROC",435,0.798231431000308
"b","followup_frail","AUROC",436,0.780851935942935
"b","followup_frail","AUROC",437,0.77088602686863
"b","followup_frail","AUROC",438,0.76784836888257
"b","followup_frail","AUROC",439,0.669397960969525
"b","followup_frail","AUROC",440,0.743219328946083
"b","followup_frail","AUROC",441,0.771242352924652
"b","followup_frail","AUROC",442,0.796995860749992
"b","followup_frail","AUROC",443,0.794703678562872
"b","followup_frail","AUROC",444,0.780633325623092
"b","followup_frail","AUROC",445,0.772995858290607
"b","followup_frail","AUROC",446,0.667435098003862
"b","followup_frail","AUROC",447,0.795329398855381
"b","followup_frail","AUROC",448,0.667631234647676
"b","followup_frail","AUROC",449,0.7952091330731
"b","followup_frail","AUROC",450,0.781821273745299
"b","followup_frail","AUROC",451,0.800275998587689
"b","followup_frail","AUROC",452,0.765727098020624
"b","followup_frail","AUROC",453,0.793442742156195
"b","followup_frail","AUROC",454,0.674543381665941
"b","followup_frail","AUROC",455,0.793575618984294
"b","followup_frail","AUROC",456,0.779799997612872
"b","followup_frail","AUROC",457,0.779984454610395
"b","followup_frail","AUROC",458,0.772500218561039
"b","followup_frail","AUROC",459,0.813600834216409
"b","followup_frail","AUROC",460,0.750681960528074
"b","followup_frail","AUROC",461,0.7868682174531
"b","followup_frail","AUROC",462,0.765803941997652
"b","followup_frail","AUROC",463,0.769043535196592
"b","followup_frail","AUROC",464,0.782419536573762
"b","followup_frail","AUROC",465,0.791869426921002
"b","followup_frail","AUROC",466,0.771449749879497
"b","followup_frail","AUROC",467,0.781175987622402
"b","followup_frail","AUROC",468,0.754597282294538
"b","followup_frail","AUROC",469,0.782930140581518
"b","followup_frail","AUROC",470,0.736771584147472
"b","followup_frail","AUROC",471,0.803345961514397
"b","followup_frail","AUROC",472,0.66640042324916
"b","followup_frail","AUROC",473,0.804664622037631
"b","followup_frail","AUROC",474,0.679411199854167
"b","followup_frail","AUROC",475,0.771797900502951
"b","followup_frail","AUROC",476,0.794527368308688
"b","followup_frail","AUROC",477,0.780233187924163
"b","followup_frail","AUROC",478,0.774655190589079
"b","followup_frail","AUROC",479,0.77552008023525
"b","followup_frail","AUROC",480,0.799852781076635
"b","followup_frail","AUROC",481,0.792860336370013
"b","followup_frail","AUROC",482,0.779602723516179
"b","followup_frail","AUROC",483,0.739535838871213
"b","followup_frail","AUROC",484,0.764447576328462
"b","followup_frail","AUROC",485,0.741922404173631
"b","followup_frail","AUROC",486,0.745615499263427
"b","followup_frail","AUROC",487,0.79308067002871
"b","followup_frail","AUROC",488,0.768134598642402
"b","followup_frail","AUROC",489,0.795195745252153
"b","followup_frail","AUROC",490,0.820973893837053
"b","followup_frail","AUROC",491,0.723787450601974
"b","followup_frail","AUROC",492,0.761129495112623
"b","followup_frail","AUROC",493,0.721556833511315
"b","followup_frail","AUROC",494,0.810155913522229
"b","followup_frail","AUROC",495,0.796389590892089
"b","followup_frail","AUROC",496,0.805700510498438
"b","followup_frail","AUROC",497,0.724221693358879
"b","followup_frail","AUROC",498,0.772838590701607
"b","followup_frail","AUROC",499,0.772651548402654
"b","followup_frail","AUROC",500,0.773691050327331
"b","followup_frail","AUROC",501,0.78257489872907
"b","followup_frail","AUROC",502,0.774330072039543
"b","followup_frail","AUROC",503,0.770556321120783
"b","followup_frail","AUROC",504,0.72744928424508
"b","followup_frail","AUROC",505,0.735833194627667
"b","followup_frail","AUROC",506,0.794812394159656
"b","followup_frail","AUROC",507,0.65676445004565
"b","followup_frail","AUROC",508,0.688860831411188
"b","followup_frail","AUROC",509,0.760162184997583
"b","followup_frail","AUROC",510,0.779984714618509
"b","followup_frail","AUROC",511,0.716219250076756
"b","followup_frail","AUROC",512,0.764157974079135
"b","followup_frail","AUROC",513,0.71748234794119
"b","followup_frail","AUROC",514,0.655758544806116
"b","followup_frail","AUROC",515,0.751803819924884
"b","followup_frail","AUROC",516,0.762544222755919
"b","followup_frail","AUROC",517,0.651207190592565
"b","followup_frail","AUROC",518,0.777162949352951
"b","followup_frail","AUROC",519,0.767680457048917
"b","followup_frail","AUROC",520,0.770171765130488
"b","followup_frail","AUROC",521,0.803664199723723
"b","followup_frail","AUROC",522,0.72822988249566
"b","followup_frail","AUROC",523,0.774241249128603
"b","followup_frail","AUROC",524,0.797026808529429
"b","followup_frail","AUROC",525,0.791067315614466
"b","followup_frail","AUROC",526,0.813654936215605
"b","followup_frail","AUROC",527,0.767013881156923
"b","followup_frail","AUROC",528,0.79054418014993
"b","followup_frail","AUROC",529,0.769949720152623
"b","followup_frail","AUROC",530,0.793652873186171
"b","followup_frail","AUROC",531,0.664110396080073
"b","followup_frail","AUROC",532,0.774305918133309
"b","followup_frail","AUROC",533,0.781026169687557
"b","followup_frail","AUROC",534,0.764611485287148
"b","followup_frail","AUROC",535,0.737559193985702
"b","followup_frail","AUROC",536,0.756741277743632
"b","followup_frail","AUROC",537,0.809022697694357
"b","followup_frail","AUROC",538,0.746222053922621
"b","followup_frail","AUROC",539,0.77951101213937
"b","followup_frail","AUROC",540,0.739512693540288
"b","followup_frail","AUROC",541,0.810759865525528
"b","followup_frail","AUROC",542,0.804018231888227
"b","followup_frail","AUROC",543,0.812434034576447
"b","followup_frail","AUROC",544,0.812384895897112
"b","followup_frail","AUROC",545,0.752924349420264
"b","followup_frail","AUROC",546,0.787781360319979
"b","followup_frail","AUROC",547,0.778584538052146
"b","followup_frail","AUROC",548,0.815425838186031
"b","followup_frail","AUROC",549,0.764202122241194
"b","followup_frail","AUROC",550,0.792164884461504
"b","followup_frail","AUROC",551,0.755870147758197
"b","followup_frail","AUROC",552,0.795756741821343
"b","followup_frail","AUROC",553,0.749064352638433
"b","followup_frail","AUROC",554,0.760175851925903
"b","followup_frail","AUROC",555,0.775813998395076
"b","followup_frail","AUROC",556,0.787526776302778
"b","followup_frail","AUROC",557,0.721236279131175
"b","followup_frail","AUROC",558,0.777975462420791
"b","followup_frail","AUROC",559,0.787914113069934
"b","followup_frail","AUROC",560,0.739439414586004
"b","followup_frail","AUROC",561,0.782803228891279
"b","followup_frail","AUROC",562,0.774617052781617
"b","followup_frail","AUROC",563,0.811891824311989
"b","followup_frail","AUROC",564,0.76825311165682
"b","followup_frail","AUROC",565,0.75407309076278
"b","followup_frail","AUROC",566,0.725470774202964
"b","followup_frail","AUROC",567,0.770830044236999
"b","followup_frail","AUROC",568,0.80817805441873
"b","followup_frail","AUROC",569,0.772308967402574
"b","followup_frail","AUROC",570,0.809980463048901
"b","followup_frail","AUROC",571,0.781376716034474
"b","followup_frail","AUROC",572,0.801686838682039
"b","followup_frail","AUROC",573,0.802457626818093
"b","followup_frail","AUROC",574,0.814645541860364
"b","followup_frail","AUROC",575,0.811629275497627
"b","followup_frail","AUROC",576,0.785608961870212
"b","followup_frail","AUROC",577,0.791368949225669
"b","followup_frail","AUROC",578,0.781092216772474
"b","followup_frail","AUROC",579,0.792625371682623
"b","followup_frail","AUROC",580,0.783201634965404
"b","followup_frail","AUROC",581,0.719846833136084
"b","followup_frail","AUROC",582,0.670261258701766
"b","followup_frail","AUROC",583,0.792891343403952
"b","followup_frail","AUROC",584,0.769815777453711
"b","followup_frail","AUROC",585,0.77787959466145
"b","followup_frail","AUROC",586,0.768528851884255
"b","followup_frail","AUROC",587,0.673561541975041
"b","followup_frail","AUROC",588,0.793569491620682
"b","followup_frail","AUROC",589,0.774249058667669
"b","followup_frail","AUROC",590,0.77104786643007
"b","followup_frail","AUROC",591,0.777864769972941
"b","followup_frail","AUROC",592,0.794412391336537
"b","followup_frail","AUROC",593,0.774531097982749
"b","followup_frail","AUROC",594,0.774171620541019
"b","followup_frail","AUROC",595,0.762687940244617
"b","followup_frail","AUROC",596,0.779323838455828
"b","followup_frail","AUROC",597,0.734526739171941
"b","followup_frail","AUROC",598,0.810811367297214
"b","followup_frail","AUROC",599,0.753552345915254
"b","followup_frail","AUROC",600,0.763509523879187
"b","followup_frail","AUROC",601,0.748020313430053
"b","followup_frail","AUROC",602,0.784938232434294
"b","followup_frail","AUROC",603,0.723069295594993
"b","followup_frail","AUROC",604,0.746218233445411
"b","followup_frail","AUROC",605,0.794706761118459
"b","followup_frail","AUROC",606,0.791940714965786
"b","followup_frail","AUROC",607,0.796516685915819
"b","followup_frail","AUROC",608,0.793977472226003
"b","followup_frail","AUROC",609,0.78264903835955
"b","followup_frail","AUROC",610,0.792027118244232
"b","followup_frail","AUROC",611,0.735105943106714
"b","followup_frail","AUROC",612,0.805792993173297
"b","followup_frail","AUROC",613,0.765398976687926
"b","followup_frail","AUROC",614,0.77724772528189
"b","followup_frail","AUROC",615,0.734279886260633
"b","followup_frail","AUROC",616,0.795218419743046
"b","followup_frail","AUROC",617,0.773902873140064
"b","followup_frail","AUROC",618,0.745178428420502
"b","followup_frail","AUROC",619,0.728571544999919
"b","followup_frail","AUROC",620,0.791360389685438
"b","followup_frail","AUROC",621,0.792923150566259
"b","followup_frail","AUROC",622,0.640742571596309
"b","followup_frail","AUROC",623,0.80553539011192
"b","followup_frail","AUROC",624,0.730689086134865
"b","followup_frail","AUROC",625,0.771890753109913
"b","followup_frail","AUROC",626,0.775259016723879
"b","followup_frail","AUROC",627,0.766050757554558
"b","followup_frail","AUROC",628,0.769216327655401
"b","followup_frail","AUROC",629,0.772495339766125
"b","followup_frail","AUROC",630,0.797402691793598
"b","followup_frail","AUROC",631,0.727466265091217
"b","followup_frail","AUROC",632,0.809444781665878
"b","followup_frail","AUROC",633,0.741209487961476
"b","followup_frail","AUROC",634,0.659776761925551
"b","followup_frail","AUROC",635,0.795675827391096
"b","followup_frail","AUROC",636,0.762670750223568
"b","followup_frail","AUROC",637,0.683864354119126
"b","followup_frail","AUROC",638,0.778987551685336
"b","followup_frail","AUROC",639,0.769271984691471
"b","followup_frail","AUROC",640,0.804503847173995
"b","followup_frail","AUROC",641,0.792434106995499
"b","followup_frail","AUROC",642,0.794969553604019
"b","followup_frail","AUROC",643,0.725621204347984
"b","followup_frail","AUROC",644,0.782459648557655
"b","followup_frail","AUROC",645,0.766528426077191
"b","followup_frail","AUROC",646,0.757817158341049
"b","followup_frail","AUROC",647,0.750638175090346
"b","followup_frail","AUROC",648,0.783946247991851
"b","followup_frail","AUROC",649,0.795046427567559
"b","followup_frail","AUROC",650,0.780945184885263
"b","followup_frail","AUROC",651,0.811654069903275
"b","followup_frail","AUROC",652,0.78346019409848
"b","followup_frail","AUROC",653,0.650664248374113
"b","followup_frail","AUROC",654,0.811447146721124
"b","followup_frail","AUROC",655,0.802065293942478
"b","followup_frail","AUROC",656,0.756517408145263
"b","followup_frail","AUROC",657,0.796890716586314
"b","followup_frail","AUROC",658,0.730197881995036
"b","followup_frail","AUROC",659,0.775225093377963
"b","followup_frail","AUROC",660,0.773930119306324
"b","followup_frail","AUROC",661,0.760858118847268
"b","followup_frail","AUROC",662,0.772930269095081
"b","followup_frail","AUROC",663,0.781658220144046
"b","followup_frail","AUROC",664,0.790409297308828
"b","followup_frail","AUROC",665,0.811006793181041
"b","followup_frail","AUROC",666,0.6269291191658
"b","followup_frail","AUROC",667,0.747408944165248
"b","followup_frail","AUROC",668,0.773410607920793
"b","followup_frail","AUROC",669,0.773144782228001
"b","followup_frail","AUROC",670,0.727849696064418
"b","followup_frail","AUROC",671,0.780365333090635
"b","followup_frail","AUROC",672,0.76577834518736
"b","followup_frail","AUROC",673,0.739247024030847
"b","followup_frail","AUROC",674,0.789342069305506
"b","followup_frail","AUROC",675,0.795967400945724
"b","followup_frail","AUROC",676,0.740140233211591
"b","followup_frail","AUROC",677,0.722723248776044
"b","followup_frail","AUROC",678,0.770839145298765
"b","followup_frail","AUROC",679,0.741610832474941
"b","followup_frail","AUROC",680,0.765218786517106
"b","followup_frail","AUROC",681,0.795579465293431
"b","followup_frail","AUROC",682,0.726032634611138
"b","followup_frail","AUROC",683,0.79300339647207
"b","followup_frail","AUROC",684,0.802340267731478
"b","followup_frail","AUROC",685,0.768392885933587
"b","followup_frail","AUROC",686,0.779966549748137
"b","followup_frail","AUROC",687,0.644369494107002
"b","followup_frail","AUROC",688,0.806937952627321
"b","followup_frail","AUROC",689,0.725299142867964
"b","followup_frail","AUROC",690,0.821035004027631
"b","followup_frail","AUROC",691,0.775488859015442
"b","followup_frail","AUROC",692,0.794559296450137
"b","followup_frail","AUROC",693,0.796942829698922
"b","followup_frail","AUROC",694,0.79585063642427
"b","followup_frail","AUROC",695,0.657176668704386
"b","followup_frail","AUROC",696,0.821005444699249
"b","followup_frail","AUROC",697,0.639368643460694
"b","followup_frail","AUROC",698,0.764006457340473
"b","followup_frail","AUROC",699,0.773579277304799
"b","followup_frail","AUROC",700,0.81039910564123
"b","followup_frail","AUROC",701,0.723587536291183
"b","followup_frail","AUROC",702,0.726591005300786
"b","followup_frail","AUROC",703,0.815296679379812
"b","followup_frail","AUROC",704,0.648057554635944
"b","followup_frail","AUROC",705,0.733051135071111
"b","followup_frail","AUROC",706,0.804055157546992
"b","followup_frail","AUROC",707,0.795896480979567
"b","followup_frail","AUROC",708,0.775936389114633
"b","followup_frail","AUROC",709,0.79403419563731
"b","followup_frail","AUROC",710,0.721227369421305
"b","followup_frail","AUROC",711,0.80360630862299
"b","followup_frail","AUROC",712,0.778831958988481
"b","followup_frail","AUROC",713,0.667752003736911
"b","followup_frail","AUROC",714,0.766366653665905
"b","followup_frail","AUROC",715,0.785181876595304
"b","followup_frail","AUROC",716,0.79720347763174
"b","followup_frail","AUROC",717,0.811808445521202
"b","followup_frail","AUROC",718,0.782367261988413
"b","followup_frail","AUROC",719,0.755284295402574
"b","followup_frail","AUROC",720,0.782793399091674
"b","followup_frail","AUROC",721,0.781624944909343
"b","followup_frail","AUROC",722,0.775186641941989
"b","followup_frail","AUROC",723,0.768050196998104
"b","followup_frail","AUROC",724,0.807590826523654
"b","followup_frail","AUROC",725,0.659052711033295
"b","followup_frail","AUROC",726,0.772849700190236
"b","followup_frail","AUROC",727,0.765169577360572
"b","followup_frail","AUROC",728,0.794516575892342
"b","followup_frail","AUROC",729,0.663399991426813
"b","followup_frail","AUROC",730,0.808317567670681
"b","followup_frail","AUROC",731,0.767587066603643
"b","followup_frail","AUROC",732,0.813673272436858
"b","followup_frail","AUROC",733,0.767678785140312
"b","followup_frail","AUROC",734,0.813790335568381
"b","followup_frail","AUROC",735,0.764090776843125
"b","followup_frail","AUROC",736,0.779680911635079
"b","followup_frail","AUROC",737,0.728273933080383
"b","followup_frail","AUROC",738,0.767003358617902
"b","followup_frail","AUROC",739,0.814777002574027
"b","followup_frail","AUROC",740,0.768149014624816
"b","followup_frail","AUROC",741,0.81225471966955
"b","followup_frail","AUROC",742,0.81337028605046
"b","followup_frail","AUROC",743,0.804781661609964
"b","followup_frail","AUROC",744,0.813203695394503
"b","followup_frail","AUROC",745,0.650667150624049
"b","followup_frail","AUROC",746,0.748405714338512
"b","followup_frail","AUROC",747,0.787970910302553
"b","followup_frail","AUROC",748,0.814038390525519
"b","followup_frail","AUROC",749,0.668902700913775
"b","followup_frail","AUROC",750,0.781650438497903
"b","followup_frail","AUROC",751,0.769350864936443
"b","followup_frail","AUROC",752,0.722586803398663
"b","followup_frail","AUROC",753,0.816000730753083
"b","followup_frail","AUROC",754,0.652815038540228
"b","followup_frail","AUROC",755,0.794643704261467
"b","followup_frail","AUROC",756,0.781768700631542
"b","followup_frail","AUROC",757,0.782327724160692
"b","followup_frail","AUROC",758,0.739874135503798
"b","followup_frail","AUROC",759,0.813041075377987
"b","followup_frail","AUROC",760,0.676275612013866
"b","followup_frail","AUROC",761,0.790061280780076
"b","followup_frail","AUROC",762,0.771648884625895
"b","followup_frail","AUROC",763,0.763192415351438
"b","followup_frail","AUROC",764,0.742260879440866
"b","followup_frail","AUROC",765,0.79532128552487
"b","followup_frail","AUROC",766,0.798028352505414
"b","followup_frail","AUROC",767,0.790793244343372
"b","followup_frail","AUROC",768,0.724216519936979
"b","followup_frail","AUROC",769,0.772851647879121
"b","followup_frail","AUROC",770,0.744978778440169
"b","followup_frail","AUROC",771,0.812029497949468
"b","followup_frail","AUROC",772,0.761299795280827
"b","followup_frail","AUROC",773,0.728484724889585
"b","followup_frail","AUROC",774,0.753776120589306
"b","followup_frail","AUROC",775,0.806510288011836
"b","followup_frail","AUROC",776,0.794064761842919
"b","followup_frail","AUROC",777,0.728883098346493
"b","followup_frail","AUROC",778,0.793254775739231
"b","followup_frail","AUROC",779,0.761191714234457
"b","followup_frail","AUROC",780,0.791601748531883
"b","followup_frail","AUROC",781,0.731834244324479
"b","followup_frail","AUROC",782,0.735024801104586
"b","followup_frail","AUROC",783,0.815977332815048
"b","followup_frail","AUROC",784,0.79224814325983
"b","followup_frail","AUROC",785,0.761753695682095
"b","followup_frail","AUROC",786,0.786360479746583
"b","followup_frail","AUROC",787,0.803974623407177
"b","followup_frail","AUROC",788,0.751347053353383
"b","followup_frail","AUROC",789,0.768235929919908
"b","followup_frail","AUROC",790,0.773508972369401
"b","followup_frail","AUROC",791,0.788534250500113
"b","followup_frail","AUROC",792,0.81233388560769
"b","followup_frail","AUROC",793,0.803654993606405
"b","followup_frail","AUROC",794,0.673262854370097
"b","followup_frail","AUROC",795,0.734900942697662
"b","followup_frail","AUROC",796,0.79376859974186
"b","followup_frail","AUROC",797,0.755994271938142
"b","followup_frail","AUROC",798,0.770019200078361
"b","followup_frail","AUROC",799,0.750885118991539
"b","followup_frail","AUROC",800,0.720951452728084
"b","followup_frail","AUROC",801,0.794728863327392
"b","followup_frail","AUROC",802,0.804455090813732
"b","followup_frail","AUROC",803,0.795213093827431
"b","followup_frail","AUROC",804,0.728474199671829
"b","followup_frail","AUROC",805,0.673579291687012
"b","followup_frail","AUROC",806,0.793665150159117
"b","followup_frail","AUROC",807,0.814873796651196
"b","followup_frail","AUROC",808,0.776971786406041
"b","followup_frail","AUROC",809,0.728887543827385
"b","followup_frail","AUROC",810,0.742317536238248
"b","followup_frail","AUROC",811,0.776268154924239
"b","followup_frail","AUROC",812,0.804222999715916
"b","followup_frail","AUROC",813,0.76480799105002
"b","followup_frail","AUROC",814,0.792062315425846
"b","followup_frail","AUROC",815,0.78163791540296
"b","followup_frail","AUROC",816,0.814350325188036
"b","followup_frail","AUROC",817,0.767868241566546
"b","followup_frail","AUROC",818,0.79428195373289
"b","followup_frail","AUROC",819,0.82163612413202
"b","followup_frail","AUROC",820,0.792879936452625
"b","followup_frail","AUROC",821,0.735257751123692
"b","followup_frail","AUROC",822,0.800365140465825
"b","followup_frail","AUROC",823,0.802745222183217
"b","followup_frail","AUROC",824,0.80489025669311
"b","followup_frail","AUROC",825,0.785219716302529
"b","followup_frail","AUROC",826,0.779239554309544
"b","followup_frail","AUROC",827,0.792437292386605
"b","followup_frail","AUROC",828,0.778150898534649
"b","followup_frail","AUROC",829,0.768395513270332
"b","followup_frail","AUROC",830,0.794047148991268
"b","followup_frail","AUROC",831,0.791917532757085
"b","followup_frail","AUROC",832,0.656701146512244
"b","followup_frail","AUROC",833,0.783072182857315
"b","followup_frail","AUROC",834,0.734080907549047
"b","followup_frail","AUROC",835,0.730067721518599
"b","followup_frail","AUROC",836,0.760396382272485
"b","followup_frail","AUROC",837,0.739266708795952
"b","followup_frail","AUROC",838,0.778189504177213
"b","followup_frail","AUROC",839,0.80374832511867
"b","followup_frail","AUROC",840,0.76283458346729
"b","followup_frail","AUROC",841,0.77435461847956
"b","followup_frail","AUROC",842,0.814065241089208
"b","followup_frail","AUROC",843,0.681106608721693
"b","followup_frail","AUROC",844,0.766931313332619
"b","followup_frail","AUROC",845,0.76391376354365
"b","followup_frail","AUROC",846,0.757602091944693
"b","followup_frail","AUROC",847,0.670919819901482
"b","followup_frail","AUROC",848,0.736504116245746
"b","followup_frail","AUROC",849,0.767344783519633
"b","followup_frail","AUROC",850,0.765401224766877
"b","followup_frail","AUROC",851,0.724546478571834
"b","followup_frail","AUROC",852,0.735944029414659
"b","followup_frail","AUROC",853,0.801088560449113
"b","followup_frail","AUROC",854,0.80706995231779
"b","followup_frail","AUROC",855,0.732135832050648
"b","followup_frail","AUROC",856,0.773952237997977
"b","followup_frail","AUROC",857,0.780884702128524
"b","followup_frail","AUROC",858,0.753887074439034
"b","followup_frail","AUROC",859,0.809191431280914
"b","followup_frail","AUROC",860,0.734782298833732
"b","followup_frail","AUROC",861,0.810515119775024
"b","followup_frail","AUROC",862,0.743271959880006
"b","followup_frail","AUROC",863,0.792136544609756
"b","followup_frail","AUROC",864,0.788043878784845
"b","followup_frail","AUROC",865,0.806574111969087
"b","followup_frail","AUROC",866,0.822882640437934
"b","followup_frail","AUROC",867,0.76725917838804
"b","followup_frail","AUROC",868,0.672403515618592
"b","followup_frail","AUROC",869,0.78687720315988
"b","followup_frail","AUROC",870,0.794796455175435
"b","followup_frail","AUROC",871,0.744720399351357
"b","followup_frail","AUROC",872,0.813733573013337
"b","followup_frail","AUROC",873,0.770277161015049
"b","followup_frail","AUROC",874,0.766683974598373
"b","followup_frail","AUROC",875,0.794971086782421
"b","followup_frail","AUROC",876,0.778571256809727
"b","followup_frail","AUROC",877,0.769553036439948
"b","followup_frail","AUROC",878,0.79325629015722
"b","followup_frail","AUROC",879,0.745745110106044
"b","followup_frail","AUROC",880,0.740237222271634
"b","followup_frail","AUROC",881,0.803367510978452
"b","followup_frail","AUROC",882,0.737487067859143
"b","followup_frail","AUROC",883,0.667578797575097
"b","followup_frail","AUROC",884,0.657281809128583
"b","followup_frail","AUROC",885,0.719317866773359
"b","followup_frail","AUROC",886,0.77397255898659
"b","followup_frail","AUROC",887,0.805086288935639
"b","followup_frail","AUROC",888,0.776896137208315
"b","followup_frail","AUROC",889,0.771516000008394
"b","followup_frail","AUROC",890,0.761200223681903
"b","followup_frail","AUROC",891,0.776138064710067
"b","followup_frail","AUROC",892,0.764189348185627
"b","followup_frail","AUROC",893,0.812361724356515
"b","followup_frail","AUROC",894,0.772519033715905
"b","followup_frail","AUROC",895,0.793609536628844
"b","followup_frail","AUROC",896,0.803897485361199
"b","followup_frail","AUROC",897,0.795394496537729
"b","followup_frail","AUROC",898,0.793546723162417
"b","followup_frail","AUROC",899,0.819964731187407
"b","followup_frail","AUROC",900,0.812993718782101
"b","followup_frail","AUROC",901,0.75458984335759
"b","followup_frail","AUROC",902,0.721571074114793
"b","followup_frail","AUROC",903,0.762605535646834
"b","followup_frail","AUROC",904,0.807801843999633
"b","followup_frail","AUROC",905,0.793594131780175
"b","followup_frail","AUROC",906,0.811661633180635
"b","followup_frail","AUROC",907,0.774686890798454
"b","followup_frail","AUROC",908,0.804060535504706
"b","followup_frail","AUROC",909,0.80513345922751
"b","followup_frail","AUROC",910,0.790899126545964
"b","followup_frail","AUROC",911,0.734729928860093
"b","followup_frail","AUROC",912,0.781713898590137
"b","followup_frail","AUROC",913,0.794362414888801
"b","followup_frail","AUROC",914,0.777612085569453
"b","followup_frail","AUROC",915,0.794445911112103
"b","followup_frail","AUROC",916,0.777717080937306
"b","followup_frail","AUROC",917,0.795130742684757
"b","followup_frail","AUROC",918,0.76900850377311
"b","followup_frail","AUROC",919,0.789793927545938
"b","followup_frail","AUROC",920,0.776849758463604
"b","followup_frail","AUROC",921,0.71886267898574
"b","followup_frail","AUROC",922,0.738397358400499
"b","followup_frail","AUROC",923,0.776631662893596
"b","followup_frail","AUROC",924,0.773479811337152
"b","followup_frail","AUROC",925,0.72554036776742
"b","followup_frail","AUROC",926,0.767306298882357
"b","followup_frail","AUROC",927,0.675867072466857
"b","followup_frail","AUROC",928,0.797538039865345
"b","followup_frail","AUROC",929,0.779526603549793
"b","followup_frail","AUROC",930,0.797121404289375
"b","followup_frail","AUROC",931,0.725486713954923
"b","followup_frail","AUROC",932,0.793548760920617
"b","followup_frail","AUROC",933,0.767850199640434
"b","followup_frail","AUROC",934,0.74276126191805
"b","followup_frail","AUROC",935,0.791446372370501
"b","followup_frail","AUROC",936,0.80800803158126
"b","followup_frail","AUROC",937,0.800838391127521
"b","followup_frail","AUROC",938,0.76836231431521
"b","followup_frail","AUROC",939,0.641994516514863
"b","followup_frail","AUROC",940,0.796932869710383
"b","followup_frail","AUROC",941,0.776600035774215
"b","followup_frail","AUROC",942,0.736184692278261
"b","followup_frail","AUROC",943,0.775222024526031
"b","followup_frail","AUROC",944,0.757741523582579
"b","followup_frail","AUROC",945,0.745498982975702
"b","followup_frail","AUROC",946,0.770354030641445
"b","followup_frail","AUROC",947,0.771425450149357
"b","followup_frail","AUROC",948,0.781977139083428
"b","followup_frail","AUROC",949,0.795554418114654
"b","followup_frail","AUROC",950,0.761334334854469
"b","followup_frail","AUROC",951,0.806867925367324
"b","followup_frail","AUROC",952,0.727751169737514
"b","followup_frail","AUROC",953,0.748095422751073
"b","followup_frail","AUROC",954,0.771840514380445
"b","followup_frail","AUROC",955,0.718124379722131
"b","followup_frail","AUROC",956,0.799192431100789
"b","followup_frail","AUROC",957,0.771365077112244
"b","followup_frail","AUROC",958,0.792857587317589
"b","followup_frail","AUROC",959,0.690591250053012
"b","followup_frail","AUROC",960,0.795559271238006
"b","followup_frail","AUROC",961,0.800392444206206
"b","followup_frail","AUROC",962,0.724323062813256
"b","followup_frail","AUROC",963,0.784332945717771
"b","followup_frail","AUROC",964,0.67288573216299
"b","followup_frail","AUROC",965,0.748936636889818
"b","followup_frail","AUROC",966,0.808378175573055
"b","followup_frail","AUROC",967,0.787069947574142
"b","followup_frail","AUROC",968,0.810492142545191
"b","followup_frail","AUROC",969,0.769742006308494
"b","followup_frail","AUROC",970,0.810227679936953
"b","followup_frail","AUROC",971,0.769339884061074
"b","followup_frail","AUROC",972,0.773801098026427
"b","followup_frail","AUROC",973,0.794828797114369
"b","followup_frail","AUROC",974,0.78390783361294
"b","followup_frail","AUROC",975,0.787720536879694
"b","followup_frail","AUROC",976,0.810831731871897
"b","followup_frail","AUROC",977,0.768231810343968
"b","followup_frail","AUROC",978,0.80350361966065
"b","followup_frail","AUROC",979,0.812606378868483
"b","followup_frail","AUROC",980,0.725145998248362
"b","followup_frail","AUROC",981,0.627316627427573
"b","followup_frail","AUROC",982,0.736739798383744
"b","followup_frail","AUROC",983,0.73532852102009
"b","followup_frail","AUROC",984,0.797794315403118
"b","followup_frail","AUROC",985,0.733497940625861
"b","followup_frail","AUROC",986,0.780198999166294
"b","followup_frail","AUROC",987,0.76912571839862
"b","followup_frail","AUROC",988,0.739622440438138
"b","followup_frail","AUROC",989,0.813283091113658
"b","followup_frail","AUROC",990,0.77167304059715
"b","followup_frail","AUROC",991,0.755194193613182
"b","followup_frail","AUROC",992,0.736723637290397
"b","followup_frail","AUROC",993,0.782730500673976
"b","followup_frail","AUROC",994,0.753748091737623
"b","followup_frail","AUROC",995,0.795269678282509
"b","followup_frail","AUROC",996,0.783908721186409
"b","followup_frail","AUROC",997,0.796358309437465
"b","followup_frail","AUROC",998,0.773896146532857
"b","followup_frail","AUROC",999,0.749071266714492
"b","followup_frail","AUROC",1000,0.810767542060724
"c","incident_adl","AUROC",1,0.556795607287715
"c","incident_adl","AUROC",2,0.694236140048973
"c","incident_adl","AUROC",3,0.629141458570921
"c","incident_adl","AUROC",4,0.69078371017462
"c","incident_adl","AUROC",5,0.672656881005171
"c","incident_adl","AUROC",6,0.652958772467928
"c","incident_adl","AUROC",7,0.687809244059513
"c","incident_adl","AUROC",8,0.615748909981216
"c","incident_adl","AUROC",9,0.664360590323575
"c","incident_adl","AUROC",10,0.655713397953755
"c","incident_adl","AUROC",11,0.648820889676603
"c","incident_adl","AUROC",12,0.683023519290749
"c","incident_adl","AUROC",13,0.66909537974629
"c","incident_adl","AUROC",14,0.702693268423467
"c","incident_adl","AUROC",15,0.662459571515026
"c","incident_adl","AUROC",16,0.65358385873249
"c","incident_adl","AUROC",17,0.663925891285893
"c","incident_adl","AUROC",18,0.689920316367988
"c","incident_adl","AUROC",19,0.648087449181615
"c","incident_adl","AUROC",20,0.620823607289191
"c","incident_adl","AUROC",21,0.688819826878853
"c","incident_adl","AUROC",22,0.654046236748668
"c","incident_adl","AUROC",23,0.666014611200834
"c","incident_adl","AUROC",24,0.648051688479823
"c","incident_adl","AUROC",25,0.683381782200334
"c","incident_adl","AUROC",26,0.667539073858278
"c","incident_adl","AUROC",27,0.697371281239934
"c","incident_adl","AUROC",28,0.648591227787003
"c","incident_adl","AUROC",29,0.674498231307865
"c","incident_adl","AUROC",30,0.67905906565379
"c","incident_adl","AUROC",31,0.684495502163024
"c","incident_adl","AUROC",32,0.684859251190547
"c","incident_adl","AUROC",33,0.679934254043375
"c","incident_adl","AUROC",34,0.684293473373329
"c","incident_adl","AUROC",35,0.692707835119511
"c","incident_adl","AUROC",36,0.665147889432814
"c","incident_adl","AUROC",37,0.629445579349562
"c","incident_adl","AUROC",38,0.682299499875873
"c","incident_adl","AUROC",39,0.639992897605185
"c","incident_adl","AUROC",40,0.644157432838602
"c","incident_adl","AUROC",41,0.609765124291932
"c","incident_adl","AUROC",42,0.650804402583491
"c","incident_adl","AUROC",43,0.554405293110291
"c","incident_adl","AUROC",44,0.658150604299217
"c","incident_adl","AUROC",45,0.677592123229314
"c","incident_adl","AUROC",46,0.616988565275996
"c","incident_adl","AUROC",47,0.670415774816895
"c","incident_adl","AUROC",48,0.676337426046977
"c","incident_adl","AUROC",49,0.665219845587419
"c","incident_adl","AUROC",50,0.692350176961914
"c","incident_adl","AUROC",51,0.544483788303144
"c","incident_adl","AUROC",52,0.655296174199676
"c","incident_adl","AUROC",53,0.666417073723517
"c","incident_adl","AUROC",54,0.660022040797434
"c","incident_adl","AUROC",55,0.577923070323045
"c","incident_adl","AUROC",56,0.681114818447357
"c","incident_adl","AUROC",57,0.681516424895944
"c","incident_adl","AUROC",58,0.620432951936001
"c","incident_adl","AUROC",59,0.642953065556784
"c","incident_adl","AUROC",60,0.679304473792606
"c","incident_adl","AUROC",61,0.66848462520445
"c","incident_adl","AUROC",62,0.648469956552518
"c","incident_adl","AUROC",63,0.692318972231564
"c","incident_adl","AUROC",64,0.685778553400957
"c","incident_adl","AUROC",65,0.665703092017977
"c","incident_adl","AUROC",66,0.65134947392474
"c","incident_adl","AUROC",67,0.620095822297588
"c","incident_adl","AUROC",68,0.671795460544149
"c","incident_adl","AUROC",69,0.633841035325619
"c","incident_adl","AUROC",70,0.652697475501669
"c","incident_adl","AUROC",71,0.644707168771891
"c","incident_adl","AUROC",72,0.662845843346376
"c","incident_adl","AUROC",73,0.696333273892257
"c","incident_adl","AUROC",74,0.671780676134517
"c","incident_adl","AUROC",75,0.696311550990708
"c","incident_adl","AUROC",76,0.660851276647228
"c","incident_adl","AUROC",77,0.634337931461118
"c","incident_adl","AUROC",78,0.664467058860904
"c","incident_adl","AUROC",79,0.65207745307801
"c","incident_adl","AUROC",80,0.675301372450125
"c","incident_adl","AUROC",81,0.675992456111858
"c","incident_adl","AUROC",82,0.647940033626508
"c","incident_adl","AUROC",83,0.672275802171598
"c","incident_adl","AUROC",84,0.648422914020101
"c","incident_adl","AUROC",85,0.693322949617539
"c","incident_adl","AUROC",86,0.651919486894201
"c","incident_adl","AUROC",87,0.671797912473497
"c","incident_adl","AUROC",88,0.640511145003895
"c","incident_adl","AUROC",89,0.670709791568928
"c","incident_adl","AUROC",90,0.669296327125195
"c","incident_adl","AUROC",91,0.675074389889057
"c","incident_adl","AUROC",92,0.658607574406286
"c","incident_adl","AUROC",93,0.578369999131715
"c","incident_adl","AUROC",94,0.642237286475649
"c","incident_adl","AUROC",95,0.667685895099265
"c","incident_adl","AUROC",96,0.673000087293743
"c","incident_adl","AUROC",97,0.678256971501301
"c","incident_adl","AUROC",98,0.661463935056836
"c","incident_adl","AUROC",99,0.658729834630805
"c","incident_adl","AUROC",100,0.676180754597097
"c","incident_adl","AUROC",101,0.657174419786515
"c","incident_adl","AUROC",102,0.645670976732755
"c","incident_adl","AUROC",103,0.646687901143113
"c","incident_adl","AUROC",104,0.572563694829383
"c","incident_adl","AUROC",105,0.690578944390524
"c","incident_adl","AUROC",106,0.63632293311101
"c","incident_adl","AUROC",107,0.661641994843396
"c","incident_adl","AUROC",108,0.650643037268351
"c","incident_adl","AUROC",109,0.685020871361273
"c","incident_adl","AUROC",110,0.669317551091363
"c","incident_adl","AUROC",111,0.661493256749245
"c","incident_adl","AUROC",112,0.643262933530484
"c","incident_adl","AUROC",113,0.694865763271523
"c","incident_adl","AUROC",114,0.645142926829539
"c","incident_adl","AUROC",115,0.646119227229045
"c","incident_adl","AUROC",116,0.668925276013409
"c","incident_adl","AUROC",117,0.663872514811605
"c","incident_adl","AUROC",118,0.698690688518874
"c","incident_adl","AUROC",119,0.648764893935458
"c","incident_adl","AUROC",120,0.654002900662376
"c","incident_adl","AUROC",121,0.68975222155824
"c","incident_adl","AUROC",122,0.657428990321348
"c","incident_adl","AUROC",123,0.66619800203382
"c","incident_adl","AUROC",124,0.695637573890553
"c","incident_adl","AUROC",125,0.650607751191932
"c","incident_adl","AUROC",126,0.694464382802352
"c","incident_adl","AUROC",127,0.668427798570819
"c","incident_adl","AUROC",128,0.651627646302056
"c","incident_adl","AUROC",129,0.633895255758313
"c","incident_adl","AUROC",130,0.684507076400863
"c","incident_adl","AUROC",131,0.693334425619625
"c","incident_adl","AUROC",132,0.643451692216456
"c","incident_adl","AUROC",133,0.664546520659604
"c","incident_adl","AUROC",134,0.66332466851109
"c","incident_adl","AUROC",135,0.662081707303097
"c","incident_adl","AUROC",136,0.652925379471501
"c","incident_adl","AUROC",137,0.661586277577729
"c","incident_adl","AUROC",138,0.639801303066636
"c","incident_adl","AUROC",139,0.637284304428092
"c","incident_adl","AUROC",140,0.682088643479254
"c","incident_adl","AUROC",141,0.664699703754894
"c","incident_adl","AUROC",142,0.673882771068843
"c","incident_adl","AUROC",143,0.646622837856308
"c","incident_adl","AUROC",144,0.689147825752878
"c","incident_adl","AUROC",145,0.679173586203009
"c","incident_adl","AUROC",146,0.631976003889076
"c","incident_adl","AUROC",147,0.651962886576576
"c","incident_adl","AUROC",148,0.687491865282627
"c","incident_adl","AUROC",149,0.557075454821881
"c","incident_adl","AUROC",150,0.655470516439429
"c","incident_adl","AUROC",151,0.681911694110666
"c","incident_adl","AUROC",152,0.660858377595888
"c","incident_adl","AUROC",153,0.587185107448944
"c","incident_adl","AUROC",154,0.667838472363528
"c","incident_adl","AUROC",155,0.698338483151518
"c","incident_adl","AUROC",156,0.620312038417948
"c","incident_adl","AUROC",157,0.695571924687124
"c","incident_adl","AUROC",158,0.670291222742602
"c","incident_adl","AUROC",159,0.674965862105429
"c","incident_adl","AUROC",160,0.682119430750984
"c","incident_adl","AUROC",161,0.652963839297042
"c","incident_adl","AUROC",162,0.664049072370263
"c","incident_adl","AUROC",163,0.670781820933416
"c","incident_adl","AUROC",164,0.667444291075596
"c","incident_adl","AUROC",165,0.689706350617288
"c","incident_adl","AUROC",166,0.593356665605658
"c","incident_adl","AUROC",167,0.622357265495282
"c","incident_adl","AUROC",168,0.691983999727368
"c","incident_adl","AUROC",169,0.669437513894171
"c","incident_adl","AUROC",170,0.552590906734781
"c","incident_adl","AUROC",171,0.675586642721295
"c","incident_adl","AUROC",172,0.644157432838602
"c","incident_adl","AUROC",173,0.639155175155034
"c","incident_adl","AUROC",174,0.671875559228573
"c","incident_adl","AUROC",175,0.660113345664323
"c","incident_adl","AUROC",176,0.693957637502608
"c","incident_adl","AUROC",177,0.671353935550358
"c","incident_adl","AUROC",178,0.587584347260194
"c","incident_adl","AUROC",179,0.559163757913107
"c","incident_adl","AUROC",180,0.649100415958552
"c","incident_adl","AUROC",181,0.636037953143801
"c","incident_adl","AUROC",182,0.682099825148013
"c","incident_adl","AUROC",183,0.630777339033827
"c","incident_adl","AUROC",184,0.639208954014115
"c","incident_adl","AUROC",185,0.667235897814151
"c","incident_adl","AUROC",186,0.703132332000445
"c","incident_adl","AUROC",187,0.648179091282177
"c","incident_adl","AUROC",188,0.624124586409832
"c","incident_adl","AUROC",189,0.690327249938427
"c","incident_adl","AUROC",190,0.674283941867735
"c","incident_adl","AUROC",191,0.631036251830742
"c","incident_adl","AUROC",192,0.672639433799361
"c","incident_adl","AUROC",193,0.666953632189545
"c","incident_adl","AUROC",194,0.664074104227746
"c","incident_adl","AUROC",195,0.665188674254473
"c","incident_adl","AUROC",196,0.6475575990662
"c","incident_adl","AUROC",197,0.610713265280128
"c","incident_adl","AUROC",198,0.673684534056977
"c","incident_adl","AUROC",199,0.633872146515585
"c","incident_adl","AUROC",200,0.67110246891511
"c","incident_adl","AUROC",201,0.62638049123649
"c","incident_adl","AUROC",202,0.667182981446097
"c","incident_adl","AUROC",203,0.673079855931044
"c","incident_adl","AUROC",204,0.698085594788509
"c","incident_adl","AUROC",205,0.675304601495098
"c","incident_adl","AUROC",206,0.67251688213904
"c","incident_adl","AUROC",207,0.606991196487676
"c","incident_adl","AUROC",208,0.628651022215552
"c","incident_adl","AUROC",209,0.632414039586359
"c","incident_adl","AUROC",210,0.680663470969075
"c","incident_adl","AUROC",211,0.690409919228179
"c","incident_adl","AUROC",212,0.607328374303069
"c","incident_adl","AUROC",213,0.649980474046668
"c","incident_adl","AUROC",214,0.657180551798131
"c","incident_adl","AUROC",215,0.699962917140109
"c","incident_adl","AUROC",216,0.694330560630149
"c","incident_adl","AUROC",217,0.641261496849518
"c","incident_adl","AUROC",218,0.655621030522495
"c","incident_adl","AUROC",219,0.630803874082025
"c","incident_adl","AUROC",220,0.655315850326398
"c","incident_adl","AUROC",221,0.684114736492715
"c","incident_adl","AUROC",222,0.638382316918348
"c","incident_adl","AUROC",223,0.688117956564309
"c","incident_adl","AUROC",224,0.669779389226651
"c","incident_adl","AUROC",225,0.684154066426844
"c","incident_adl","AUROC",226,0.6315134423492
"c","incident_adl","AUROC",227,0.653683742322675
"c","incident_adl","AUROC",228,0.622080957060946
"c","incident_adl","AUROC",229,0.682329825089101
"c","incident_adl","AUROC",230,0.681498547124889
"c","incident_adl","AUROC",231,0.610179032678105
"c","incident_adl","AUROC",232,0.653234760312092
"c","incident_adl","AUROC",233,0.677982398158305
"c","incident_adl","AUROC",234,0.673164889786218
"c","incident_adl","AUROC",235,0.666009627180086
"c","incident_adl","AUROC",236,0.658458191845929
"c","incident_adl","AUROC",237,0.624867619868002
"c","incident_adl","AUROC",238,0.663638509684744
"c","incident_adl","AUROC",239,0.68971805756007
"c","incident_adl","AUROC",240,0.580891932295821
"c","incident_adl","AUROC",241,0.665824883341846
"c","incident_adl","AUROC",242,0.684614793966384
"c","incident_adl","AUROC",243,0.666947217284239
"c","incident_adl","AUROC",244,0.654035856107371
"c","incident_adl","AUROC",245,0.631694423579123
"c","incident_adl","AUROC",246,0.624929720177765
"c","incident_adl","AUROC",247,0.681527607610278
"c","incident_adl","AUROC",248,0.69031176849903
"c","incident_adl","AUROC",249,0.631994407737381
"c","incident_adl","AUROC",250,0.664585176287678
"c","incident_adl","AUROC",251,0.653234760312092
"c","incident_adl","AUROC",252,0.671637116112146
"c","incident_adl","AUROC",253,0.640186195524921
"c","incident_adl","AUROC",254,0.694050889180871
"c","incident_adl","AUROC",255,0.692485143723977
"c","incident_adl","AUROC",256,0.670138933839093
"c","incident_adl","AUROC",257,0.69395150193621
"c","incident_adl","AUROC",258,0.657177237181802
"c","incident_adl","AUROC",259,0.659552360827737
"c","incident_adl","AUROC",260,0.63915334153749
"c","incident_adl","AUROC",261,0.567437732811649
"c","incident_adl","AUROC",262,0.653220390371646
"c","incident_adl","AUROC",263,0.666082551592469
"c","incident_adl","AUROC",264,0.637264885095025
"c","incident_adl","AUROC",265,0.665882677556359
"c","incident_adl","AUROC",266,0.668631514148135
"c","incident_adl","AUROC",267,0.701424145360217
"c","incident_adl","AUROC",268,0.675902741409461
"c","incident_adl","AUROC",269,0.571108600051275
"c","incident_adl","AUROC",270,0.655358658070071
"c","incident_adl","AUROC",271,0.633050336979177
"c","incident_adl","AUROC",272,0.68245494315981
"c","incident_adl","AUROC",273,0.685146255812163
"c","incident_adl","AUROC",274,0.66368240817887
"c","incident_adl","AUROC",275,0.697650871988474
"c","incident_adl","AUROC",276,0.61752397541919
"c","incident_adl","AUROC",277,0.644357829873354
"c","incident_adl","AUROC",278,0.650079220626534
"c","incident_adl","AUROC",279,0.692172098315232
"c","incident_adl","AUROC",280,0.638510010898773
"c","incident_adl","AUROC",281,0.673720423988741
"c","incident_adl","AUROC",282,0.695577269686299
"c","incident_adl","AUROC",283,0.669707200895041
"c","incident_adl","AUROC",284,0.558620609248692
"c","incident_adl","AUROC",285,0.646314962082311
"c","incident_adl","AUROC",286,0.693308177927637
"c","incident_adl","AUROC",287,0.646453063209862
"c","incident_adl","AUROC",288,0.654284216817051
"c","incident_adl","AUROC",289,0.658477445474379
"c","incident_adl","AUROC",290,0.699459542498264
"c","incident_adl","AUROC",291,0.681699304066354
"c","incident_adl","AUROC",292,0.654447938303561
"c","incident_adl","AUROC",293,0.671777040064827
"c","incident_adl","AUROC",294,0.682416155901997
"c","incident_adl","AUROC",295,0.676334487291082
"c","incident_adl","AUROC",296,0.67695456782396
"c","incident_adl","AUROC",297,0.61752397541919
"c","incident_adl","AUROC",298,0.582405878325835
"c","incident_adl","AUROC",299,0.667954407649349
"c","incident_adl","AUROC",300,0.678758750160301
"c","incident_adl","AUROC",301,0.669616827337705
"c","incident_adl","AUROC",302,0.668523275915722
"c","incident_adl","AUROC",303,0.682049832182788
"c","incident_adl","AUROC",304,0.679449245010687
"c","incident_adl","AUROC",305,0.658486620938518
"c","incident_adl","AUROC",306,0.654619234284482
"c","incident_adl","AUROC",307,0.688300530757329
"c","incident_adl","AUROC",308,0.668882498632658
"c","incident_adl","AUROC",309,0.656779868719749
"c","incident_adl","AUROC",310,0.615823273216385
"c","incident_adl","AUROC",311,0.688581740641419
"c","incident_adl","AUROC",312,0.691239133439081
"c","incident_adl","AUROC",313,0.696784598994031
"c","incident_adl","AUROC",314,0.665766627464241
"c","incident_adl","AUROC",315,0.696721381292033
"c","incident_adl","AUROC",316,0.665922607570485
"c","incident_adl","AUROC",317,0.645136579691887
"c","incident_adl","AUROC",318,0.657785738158181
"c","incident_adl","AUROC",319,0.68333420923424
"c","incident_adl","AUROC",320,0.667566785692746
"c","incident_adl","AUROC",321,0.676141120248645
"c","incident_adl","AUROC",322,0.616182306703393
"c","incident_adl","AUROC",323,0.674937653449145
"c","incident_adl","AUROC",324,0.69689680574142
"c","incident_adl","AUROC",325,0.655635727037235
"c","incident_adl","AUROC",326,0.67097402651805
"c","incident_adl","AUROC",327,0.641918408923312
"c","incident_adl","AUROC",328,0.643678602072434
"c","incident_adl","AUROC",329,0.680555191208761
"c","incident_adl","AUROC",330,0.680059336838919
"c","incident_adl","AUROC",331,0.6696093357609
"c","incident_adl","AUROC",332,0.644223382174419
"c","incident_adl","AUROC",333,0.686063235802158
"c","incident_adl","AUROC",334,0.66053663062871
"c","incident_adl","AUROC",335,0.643943975199818
"c","incident_adl","AUROC",336,0.611278604306522
"c","incident_adl","AUROC",337,0.62790601937177
"c","incident_adl","AUROC",338,0.645228420263741
"c","incident_adl","AUROC",339,0.682245774053694
"c","incident_adl","AUROC",340,0.65987562213077
"c","incident_adl","AUROC",341,0.660749918852546
"c","incident_adl","AUROC",342,0.616660654788201
"c","incident_adl","AUROC",343,0.680462318050438
"c","incident_adl","AUROC",344,0.647569990635271
"c","incident_adl","AUROC",345,0.663345399873146
"c","incident_adl","AUROC",346,0.648881443025298
"c","incident_adl","AUROC",347,0.699705028515561
"c","incident_adl","AUROC",348,0.549475624169689
"c","incident_adl","AUROC",349,0.578384677172955
"c","incident_adl","AUROC",350,0.662424239115427
"c","incident_adl","AUROC",351,0.64721636015333
"c","incident_adl","AUROC",352,0.666525844669669
"c","incident_adl","AUROC",353,0.657060546071324
"c","incident_adl","AUROC",354,0.670120602844165
"c","incident_adl","AUROC",355,0.660240250362529
"c","incident_adl","AUROC",356,0.698092706605347
"c","incident_adl","AUROC",357,0.65463894567308
"c","incident_adl","AUROC",358,0.654489263665043
"c","incident_adl","AUROC",359,0.634460466950429
"c","incident_adl","AUROC",360,0.690506371137303
"c","incident_adl","AUROC",361,0.636032170196162
"c","incident_adl","AUROC",362,0.686218625785171
"c","incident_adl","AUROC",363,0.570834221381627
"c","incident_adl","AUROC",364,0.672797856456107
"c","incident_adl","AUROC",365,0.594286713224272
"c","incident_adl","AUROC",366,0.671823220845862
"c","incident_adl","AUROC",367,0.634455848256959
"c","incident_adl","AUROC",368,0.622066978267891
"c","incident_adl","AUROC",369,0.69625056739348
"c","incident_adl","AUROC",370,0.650388803799339
"c","incident_adl","AUROC",371,0.670331420294048
"c","incident_adl","AUROC",372,0.670864629897032
"c","incident_adl","AUROC",373,0.689722852643115
"c","incident_adl","AUROC",374,0.644264052420747
"c","incident_adl","AUROC",375,0.687817126306722
"c","incident_adl","AUROC",376,0.660472104313341
"c","incident_adl","AUROC",377,0.664692314971702
"c","incident_adl","AUROC",378,0.689219314204889
"c","incident_adl","AUROC",379,0.682027271630366
"c","incident_adl","AUROC",380,0.697425757884363
"c","incident_adl","AUROC",381,0.624112427194959
"c","incident_adl","AUROC",382,0.699463829398679
"c","incident_adl","AUROC",383,0.542230114296775
"c","incident_adl","AUROC",384,0.706442023915042
"c","incident_adl","AUROC",385,0.670572899304815
"c","incident_adl","AUROC",386,0.629404569942067
"c","incident_adl","AUROC",387,0.697896124611272
"c","incident_adl","AUROC",388,0.653291672979709
"c","incident_adl","AUROC",389,0.654855926846758
"c","incident_adl","AUROC",390,0.65172337407764
"c","incident_adl","AUROC",391,0.6658399537335
"c","incident_adl","AUROC",392,0.68005557556817
"c","incident_adl","AUROC",393,0.680475469647521
"c","incident_adl","AUROC",394,0.69177118541446
"c","incident_adl","AUROC",395,0.645346006395221
"c","incident_adl","AUROC",396,0.67634013430045
"c","incident_adl","AUROC",397,0.621087609064158
"c","incident_adl","AUROC",398,0.67162481603539
"c","incident_adl","AUROC",399,0.660078260097855
"c","incident_adl","AUROC",400,0.680228500939681
"c","incident_adl","AUROC",401,0.685884871631639
"c","incident_adl","AUROC",402,0.694897930641542
"c","incident_adl","AUROC",403,0.696345403977548
"c","incident_adl","AUROC",404,0.658373164397711
"c","incident_adl","AUROC",405,0.660243423725033
"c","incident_adl","AUROC",406,0.691226521226784
"c","incident_adl","AUROC",407,0.639444057280389
"c","incident_adl","AUROC",408,0.690322147412296
"c","incident_adl","AUROC",409,0.688762638807176
"c","incident_adl","AUROC",410,0.661526473436293
"c","incident_adl","AUROC",411,0.679544571367904
"c","incident_adl","AUROC",412,0.683572504853271
"c","incident_adl","AUROC",413,0.660022040797434
"c","incident_adl","AUROC",414,0.679354658512237
"c","incident_adl","AUROC",415,0.67217721833865
"c","incident_adl","AUROC",416,0.692053917874717
"c","incident_adl","AUROC",417,0.64385045990598
"c","incident_adl","AUROC",418,0.691072864516994
"c","incident_adl","AUROC",419,0.681402209509789
"c","incident_adl","AUROC",420,0.6782774562193
"c","incident_adl","AUROC",421,0.645645188067222
"c","incident_adl","AUROC",422,0.693018828711307
"c","incident_adl","AUROC",423,0.658429770773996
"c","incident_adl","AUROC",424,0.657177237181802
"c","incident_adl","AUROC",425,0.635554904560194
"c","incident_adl","AUROC",426,0.672960660929062
"c","incident_adl","AUROC",427,0.672866880286428
"c","incident_adl","AUROC",428,0.675525511152218
"c","incident_adl","AUROC",429,0.672837399002416
"c","incident_adl","AUROC",430,0.694728400912578
"c","incident_adl","AUROC",431,0.677015474268404
"c","incident_adl","AUROC",432,0.683297164452144
"c","incident_adl","AUROC",433,0.662484949416047
"c","incident_adl","AUROC",434,0.659850198318284
"c","incident_adl","AUROC",435,0.673533573846171
"c","incident_adl","AUROC",436,0.673001778254106
"c","incident_adl","AUROC",437,0.660033924049594
"c","incident_adl","AUROC",438,0.645754689520064
"c","incident_adl","AUROC",439,0.572540950919462
"c","incident_adl","AUROC",440,0.637333723281126
"c","incident_adl","AUROC",441,0.664156252171864
"c","incident_adl","AUROC",442,0.685343614659974
"c","incident_adl","AUROC",443,0.671699889141148
"c","incident_adl","AUROC",444,0.665208922067358
"c","incident_adl","AUROC",445,0.66020852331613
"c","incident_adl","AUROC",446,0.567020469958616
"c","incident_adl","AUROC",447,0.673807517651697
"c","incident_adl","AUROC",448,0.586475221077477
"c","incident_adl","AUROC",449,0.673116072781024
"c","incident_adl","AUROC",450,0.67032387906539
"c","incident_adl","AUROC",451,0.678031713426022
"c","incident_adl","AUROC",452,0.658032446644185
"c","incident_adl","AUROC",453,0.664577912341254
"c","incident_adl","AUROC",454,0.561664124104289
"c","incident_adl","AUROC",455,0.682646183426996
"c","incident_adl","AUROC",456,0.668511349103663
"c","incident_adl","AUROC",457,0.669014105025101
"c","incident_adl","AUROC",458,0.670679024228911
"c","incident_adl","AUROC",459,0.696316066096844
"c","incident_adl","AUROC",460,0.638036715507592
"c","incident_adl","AUROC",461,0.67972331056355
"c","incident_adl","AUROC",462,0.648252105918552
"c","incident_adl","AUROC",463,0.64346113296219
"c","incident_adl","AUROC",464,0.676518200918059
"c","incident_adl","AUROC",465,0.68263239603354
"c","incident_adl","AUROC",466,0.662989491825752
"c","incident_adl","AUROC",467,0.667002543167443
"c","incident_adl","AUROC",468,0.647940033626508
"c","incident_adl","AUROC",469,0.672509922847755
"c","incident_adl","AUROC",470,0.628598105785408
"c","incident_adl","AUROC",471,0.685387303974315
"c","incident_adl","AUROC",472,0.5593795451822
"c","incident_adl","AUROC",473,0.680195636871392
"c","incident_adl","AUROC",474,0.570852804390198
"c","incident_adl","AUROC",475,0.656797677917754
"c","incident_adl","AUROC",476,0.684611904292593
"c","incident_adl","AUROC",477,0.673804286883549
"c","incident_adl","AUROC",478,0.673816792471084
"c","incident_adl","AUROC",479,0.669108708735361
"c","incident_adl","AUROC",480,0.681793017194854
"c","incident_adl","AUROC",481,0.68245494315981
"c","incident_adl","AUROC",482,0.666981421303811
"c","incident_adl","AUROC",483,0.624875788451386
"c","incident_adl","AUROC",484,0.661083514613979
"c","incident_adl","AUROC",485,0.647070906375203
"c","incident_adl","AUROC",486,0.624646930408755
"c","incident_adl","AUROC",487,0.661792862141732
"c","incident_adl","AUROC",488,0.656619205613347
"c","incident_adl","AUROC",489,0.676761311485245
"c","incident_adl","AUROC",490,0.697172263318201
"c","incident_adl","AUROC",491,0.60137673077064
"c","incident_adl","AUROC",492,0.653946270089765
"c","incident_adl","AUROC",493,0.610522022057989
"c","incident_adl","AUROC",494,0.689190104742019
"c","incident_adl","AUROC",495,0.668638899963889
"c","incident_adl","AUROC",496,0.684604440086918
"c","incident_adl","AUROC",497,0.611882027348132
"c","incident_adl","AUROC",498,0.66409028942876
"c","incident_adl","AUROC",499,0.675158950648517
"c","incident_adl","AUROC",500,0.662989491825752
"c","incident_adl","AUROC",501,0.671571307122924
"c","incident_adl","AUROC",502,0.664360590323575
"c","incident_adl","AUROC",503,0.629167298714903
"c","incident_adl","AUROC",504,0.612973519500587
"c","incident_adl","AUROC",505,0.624432471010148
"c","incident_adl","AUROC",506,0.667656291037184
"c","incident_adl","AUROC",507,0.54974911695705
"c","incident_adl","AUROC",508,0.582797163738668
"c","incident_adl","AUROC",509,0.638651450853783
"c","incident_adl","AUROC",510,0.667908533463712
"c","incident_adl","AUROC",511,0.621810899973492
"c","incident_adl","AUROC",512,0.654710554349951
"c","incident_adl","AUROC",513,0.616346049175373
"c","incident_adl","AUROC",514,0.56552121041047
"c","incident_adl","AUROC",515,0.641807666508728
"c","incident_adl","AUROC",516,0.643545381238064
"c","incident_adl","AUROC",517,0.537096024481714
"c","incident_adl","AUROC",518,0.670435652704207
"c","incident_adl","AUROC",519,0.644514732711305
"c","incident_adl","AUROC",520,0.655296174199676
"c","incident_adl","AUROC",521,0.686435946395739
"c","incident_adl","AUROC",522,0.620954478211751
"c","incident_adl","AUROC",523,0.670167963893055
"c","incident_adl","AUROC",524,0.668928553009623
"c","incident_adl","AUROC",525,0.674525476745679
"c","incident_adl","AUROC",526,0.691002075539848
"c","incident_adl","AUROC",527,0.654247694951298
"c","incident_adl","AUROC",528,0.662146586043598
"c","incident_adl","AUROC",529,0.654834070515715
"c","incident_adl","AUROC",530,0.668096059921627
"c","incident_adl","AUROC",531,0.555002624407711
"c","incident_adl","AUROC",532,0.663068560399701
"c","incident_adl","AUROC",533,0.67760174250739
"c","incident_adl","AUROC",534,0.654055658916996
"c","incident_adl","AUROC",535,0.624972197775594
"c","incident_adl","AUROC",536,0.6556181037868
"c","incident_adl","AUROC",537,0.680977592616427
"c","incident_adl","AUROC",538,0.649794818791559
"c","incident_adl","AUROC",539,0.671870728351582
"c","incident_adl","AUROC",540,0.628146765855193
"c","incident_adl","AUROC",541,0.692359379668825
"c","incident_adl","AUROC",542,0.693401061031717
"c","incident_adl","AUROC",543,0.694897831444882
"c","incident_adl","AUROC",544,0.688892165566447
"c","incident_adl","AUROC",545,0.641213884258952
"c","incident_adl","AUROC",546,0.682311219069268
"c","incident_adl","AUROC",547,0.672477929398861
"c","incident_adl","AUROC",548,0.694529987227175
"c","incident_adl","AUROC",549,0.651546050321346
"c","incident_adl","AUROC",550,0.666009627180086
"c","incident_adl","AUROC",551,0.637422734307658
"c","incident_adl","AUROC",552,0.683366450545653
"c","incident_adl","AUROC",553,0.64329306768965
"c","incident_adl","AUROC",554,0.654071692834645
"c","incident_adl","AUROC",555,0.667372948876561
"c","incident_adl","AUROC",556,0.682366555606382
"c","incident_adl","AUROC",557,0.627396797454493
"c","incident_adl","AUROC",558,0.664202576948969
"c","incident_adl","AUROC",559,0.666950757655456
"c","incident_adl","AUROC",560,0.642381261912687
"c","incident_adl","AUROC",561,0.669072816048387
"c","incident_adl","AUROC",562,0.672291195388978
"c","incident_adl","AUROC",563,0.695856685442096
"c","incident_adl","AUROC",564,0.663289985242373
"c","incident_adl","AUROC",565,0.645194232858897
"c","incident_adl","AUROC",566,0.627224818486544
"c","incident_adl","AUROC",567,0.667319869011041
"c","incident_adl","AUROC",568,0.694475503026881
"c","incident_adl","AUROC",569,0.654035856107371
"c","incident_adl","AUROC",570,0.688979278944422
"c","incident_adl","AUROC",571,0.667041072963315
"c","incident_adl","AUROC",572,0.680863237893152
"c","incident_adl","AUROC",573,0.6868381866315
"c","incident_adl","AUROC",574,0.692263735091637
"c","incident_adl","AUROC",575,0.688696122047318
"c","incident_adl","AUROC",576,0.674927109303873
"c","incident_adl","AUROC",577,0.680477437541942
"c","incident_adl","AUROC",578,0.676291417832116
"c","incident_adl","AUROC",579,0.663492678687971
"c","incident_adl","AUROC",580,0.675720660286989
"c","incident_adl","AUROC",581,0.62490649954647
"c","incident_adl","AUROC",582,0.556216966412706
"c","incident_adl","AUROC",583,0.663488059382235
"c","incident_adl","AUROC",584,0.661141655427003
"c","incident_adl","AUROC",585,0.673131128989025
"c","incident_adl","AUROC",586,0.652685556987633
"c","incident_adl","AUROC",587,0.579152427766201
"c","incident_adl","AUROC",588,0.680293724820945
"c","incident_adl","AUROC",589,0.648646729979586
"c","incident_adl","AUROC",590,0.654029544231594
"c","incident_adl","AUROC",591,0.662477555071708
"c","incident_adl","AUROC",592,0.68181734052483
"c","incident_adl","AUROC",593,0.66174887894774
"c","incident_adl","AUROC",594,0.664348812857042
"c","incident_adl","AUROC",595,0.655054507257655
"c","incident_adl","AUROC",596,0.670511486942528
"c","incident_adl","AUROC",597,0.617005949380788
"c","incident_adl","AUROC",598,0.69639556527242
"c","incident_adl","AUROC",599,0.656554918899532
"c","incident_adl","AUROC",600,0.631824537466674
"c","incident_adl","AUROC",601,0.652910098540186
"c","incident_adl","AUROC",602,0.677218544795503
"c","incident_adl","AUROC",603,0.620336726273306
"c","incident_adl","AUROC",604,0.647203383783018
"c","incident_adl","AUROC",605,0.67177671043162
"c","incident_adl","AUROC",606,0.658923892430152
"c","incident_adl","AUROC",607,0.680938750007096
"c","incident_adl","AUROC",608,0.662111491757165
"c","incident_adl","AUROC",609,0.667987342241391
"c","incident_adl","AUROC",610,0.672962504846942
"c","incident_adl","AUROC",611,0.61796796346315
"c","incident_adl","AUROC",612,0.68433472976807
"c","incident_adl","AUROC",613,0.660853088314511
"c","incident_adl","AUROC",614,0.659421325145122
"c","incident_adl","AUROC",615,0.633059682694637
"c","incident_adl","AUROC",616,0.6832458887001
"c","incident_adl","AUROC",617,0.672500357553196
"c","incident_adl","AUROC",618,0.636435301464525
"c","incident_adl","AUROC",619,0.629058145930817
"c","incident_adl","AUROC",620,0.681430374383483
"c","incident_adl","AUROC",621,0.681842446980433
"c","incident_adl","AUROC",622,0.534155859740958
"c","incident_adl","AUROC",623,0.68793514594026
"c","incident_adl","AUROC",624,0.621510096034542
"c","incident_adl","AUROC",625,0.665479129475956
"c","incident_adl","AUROC",626,0.66422973792113
"c","incident_adl","AUROC",627,0.653425649646533
"c","incident_adl","AUROC",628,0.660015430267204
"c","incident_adl","AUROC",629,0.669413958961105
"c","incident_adl","AUROC",630,0.671798272928624
"c","incident_adl","AUROC",631,0.628389369405099
"c","incident_adl","AUROC",632,0.68323402104009
"c","incident_adl","AUROC",633,0.63999310917644
"c","incident_adl","AUROC",634,0.522710962480864
"c","incident_adl","AUROC",635,0.676273660342917
"c","incident_adl","AUROC",636,0.65858391203785
"c","incident_adl","AUROC",637,0.587195686011698
"c","incident_adl","AUROC",638,0.663017498891276
"c","incident_adl","AUROC",639,0.64726444545894
"c","incident_adl","AUROC",640,0.680663470969075
"c","incident_adl","AUROC",641,0.659524493787803
"c","incident_adl","AUROC",642,0.668936348242425
"c","incident_adl","AUROC",643,0.634921289425904
"c","incident_adl","AUROC",644,0.676622990759452
"c","incident_adl","AUROC",645,0.648485507039767
"c","incident_adl","AUROC",646,0.639512684395523
"c","incident_adl","AUROC",647,0.641380959799066
"c","incident_adl","AUROC",648,0.672426215788113
"c","incident_adl","AUROC",649,0.688764327721656
"c","incident_adl","AUROC",650,0.673131128989025
"c","incident_adl","AUROC",651,0.687805471038798
"c","incident_adl","AUROC",652,0.680202635865675
"c","incident_adl","AUROC",653,0.542230114296775
"c","incident_adl","AUROC",654,0.693425015667717
"c","incident_adl","AUROC",655,0.681853279740676
"c","incident_adl","AUROC",656,0.655934403034661
"c","incident_adl","AUROC",657,0.673188504169756
"c","incident_adl","AUROC",658,0.617005949380788
"c","incident_adl","AUROC",659,0.672000238412016
"c","incident_adl","AUROC",660,0.667385650576062
"c","incident_adl","AUROC",661,0.658476839075542
"c","incident_adl","AUROC",662,0.66900338047527
"c","incident_adl","AUROC",663,0.676080658436741
"c","incident_adl","AUROC",664,0.666074142302486
"c","incident_adl","AUROC",665,0.68642256230988
"c","incident_adl","AUROC",666,0.534142918632522
"c","incident_adl","AUROC",667,0.642147803112526
"c","incident_adl","AUROC",668,0.665787545011384
"c","incident_adl","AUROC",669,0.668925939797771
"c","incident_adl","AUROC",670,0.611065485241878
"c","incident_adl","AUROC",671,0.672419903912336
"c","incident_adl","AUROC",672,0.639522592982636
"c","incident_adl","AUROC",673,0.61796796346315
"c","incident_adl","AUROC",674,0.671081677355278
"c","incident_adl","AUROC",675,0.67366947723599
"c","incident_adl","AUROC",676,0.636166887571114
"c","incident_adl","AUROC",677,0.617200573587272
"c","incident_adl","AUROC",678,0.658193815669703
"c","incident_adl","AUROC",679,0.64721636015333
"c","incident_adl","AUROC",680,0.655794044720987
"c","incident_adl","AUROC",681,0.673539848292483
"c","incident_adl","AUROC",682,0.61054892686926
"c","incident_adl","AUROC",683,0.656730347885661
"c","incident_adl","AUROC",684,0.690276593553795
"c","incident_adl","AUROC",685,0.664897194475361
"c","incident_adl","AUROC",686,0.667610269753352
"c","incident_adl","AUROC",687,0.547524435053363
"c","incident_adl","AUROC",688,0.686623247790734
"c","incident_adl","AUROC",689,0.61716510014017
"c","incident_adl","AUROC",690,0.704580283934143
"c","incident_adl","AUROC",691,0.660472104313341
"c","incident_adl","AUROC",692,0.676288082450139
"c","incident_adl","AUROC",693,0.683866045503202
"c","incident_adl","AUROC",694,0.668885498259213
"c","incident_adl","AUROC",695,0.555002624407711
"c","incident_adl","AUROC",696,0.699495831892409
"c","incident_adl","AUROC",697,0.546976838507992
"c","incident_adl","AUROC",698,0.651167532042308
"c","incident_adl","AUROC",699,0.666026731846224
"c","incident_adl","AUROC",700,0.684692973626613
"c","incident_adl","AUROC",701,0.611730988526237
"c","incident_adl","AUROC",702,0.615872780890075
"c","incident_adl","AUROC",703,0.689941614540999
"c","incident_adl","AUROC",704,0.540830833475708
"c","incident_adl","AUROC",705,0.627703792539494
"c","incident_adl","AUROC",706,0.680692562016649
"c","incident_adl","AUROC",707,0.674326170939844
"c","incident_adl","AUROC",708,0.664363658106773
"c","incident_adl","AUROC",709,0.66659404389616
"c","incident_adl","AUROC",710,0.614802571076399
"c","incident_adl","AUROC",711,0.691239133439081
"c","incident_adl","AUROC",712,0.672172169053736
"c","incident_adl","AUROC",713,0.550619354253313
"c","incident_adl","AUROC",714,0.658613322092049
"c","incident_adl","AUROC",715,0.672474353367639
"c","incident_adl","AUROC",716,0.675790844452662
"c","incident_adl","AUROC",717,0.69058371920738
"c","incident_adl","AUROC",718,0.674317111053731
"c","incident_adl","AUROC",719,0.651116082445691
"c","incident_adl","AUROC",720,0.676024156538245
"c","incident_adl","AUROC",721,0.66985378548216
"c","incident_adl","AUROC",722,0.66822904057494
"c","incident_adl","AUROC",723,0.661880889536172
"c","incident_adl","AUROC",724,0.686771776819214
"c","incident_adl","AUROC",725,0.567419925564346
"c","incident_adl","AUROC",726,0.667552222538022
"c","incident_adl","AUROC",727,0.64827012473711
"c","incident_adl","AUROC",728,0.686281477674401
"c","incident_adl","AUROC",729,0.582922513257167
"c","incident_adl","AUROC",730,0.682160898932917
"c","incident_adl","AUROC",731,0.657809998328763
"c","incident_adl","AUROC",732,0.700208775673029
"c","incident_adl","AUROC",733,0.636378364779842
"c","incident_adl","AUROC",734,0.691588587958019
"c","incident_adl","AUROC",735,0.662190079097385
"c","incident_adl","AUROC",736,0.662875781204898
"c","incident_adl","AUROC",737,0.618513867035079
"c","incident_adl","AUROC",738,0.651694958104901
"c","incident_adl","AUROC",739,0.693924401686323
"c","incident_adl","AUROC",740,0.660757993822115
"c","incident_adl","AUROC",741,0.697507427359967
"c","incident_adl","AUROC",742,0.688943436333929
"c","incident_adl","AUROC",743,0.685309785670955
"c","incident_adl","AUROC",744,0.69219554746267
"c","incident_adl","AUROC",745,0.539857497002945
"c","incident_adl","AUROC",746,0.635844298270798
"c","incident_adl","AUROC",747,0.677625476594457
"c","incident_adl","AUROC",748,0.69585767277462
"c","incident_adl","AUROC",749,0.550255969553427
"c","incident_adl","AUROC",750,0.673912959356891
"c","incident_adl","AUROC",751,0.63751389556477
"c","incident_adl","AUROC",752,0.617387111447755
"c","incident_adl","AUROC",753,0.69487411333441
"c","incident_adl","AUROC",754,0.550205151743007
"c","incident_adl","AUROC",755,0.668078442421131
"c","incident_adl","AUROC",756,0.674460712671963
"c","incident_adl","AUROC",757,0.678547531537683
"c","incident_adl","AUROC",758,0.637300986160811
"c","incident_adl","AUROC",759,0.694700332459404
"c","incident_adl","AUROC",760,0.587602648173759
"c","incident_adl","AUROC",761,0.663492678687971
"c","incident_adl","AUROC",762,0.64916191135096
"c","incident_adl","AUROC",763,0.658649602747435
"c","incident_adl","AUROC",764,0.625587376955824
"c","incident_adl","AUROC",765,0.672787046794922
"c","incident_adl","AUROC",766,0.691562236329573
"c","incident_adl","AUROC",767,0.66371431103675
"c","incident_adl","AUROC",768,0.617995125922395
"c","incident_adl","AUROC",769,0.658533441333224
"c","incident_adl","AUROC",770,0.633787094871042
"c","incident_adl","AUROC",771,0.694556699526758
"c","incident_adl","AUROC",772,0.653549427694617
"c","incident_adl","AUROC",773,0.631506531021534
"c","incident_adl","AUROC",774,0.646606898069356
"c","incident_adl","AUROC",775,0.686530348097915
"c","incident_adl","AUROC",776,0.666393188207942
"c","incident_adl","AUROC",777,0.623505597599068
"c","incident_adl","AUROC",778,0.682099472529255
"c","incident_adl","AUROC",779,0.647228460193411
"c","incident_adl","AUROC",780,0.664547623733555
"c","incident_adl","AUROC",781,0.62790771194181
"c","incident_adl","AUROC",782,0.628894777126454
"c","incident_adl","AUROC",783,0.696164961343079
"c","incident_adl","AUROC",784,0.664609732030849
"c","incident_adl","AUROC",785,0.643487798594806
"c","incident_adl","AUROC",786,0.677625476594457
"c","incident_adl","AUROC",787,0.686777907893182
"c","incident_adl","AUROC",788,0.653679264064442
"c","incident_adl","AUROC",789,0.663781926896937
"c","incident_adl","AUROC",790,0.670691241862285
"c","incident_adl","AUROC",791,0.678614796231054
"c","incident_adl","AUROC",792,0.692359379668825
"c","incident_adl","AUROC",793,0.685180167945656
"c","incident_adl","AUROC",794,0.55852688678983
"c","incident_adl","AUROC",795,0.617561106174457
"c","incident_adl","AUROC",796,0.684480422710112
"c","incident_adl","AUROC",797,0.644782100258066
"c","incident_adl","AUROC",798,0.65845628834887
"c","incident_adl","AUROC",799,0.654536373531175
"c","incident_adl","AUROC",800,0.615744995912997
"c","incident_adl","AUROC",801,0.671223883293784
"c","incident_adl","AUROC",802,0.686169877884617
"c","incident_adl","AUROC",803,0.673736848553826
"c","incident_adl","AUROC",804,0.615458716339415
"c","incident_adl","AUROC",805,0.576979777249166
"c","incident_adl","AUROC",806,0.67337784356703
"c","incident_adl","AUROC",807,0.691410748385168
"c","incident_adl","AUROC",808,0.668219837225344
"c","incident_adl","AUROC",809,0.618208563348037
"c","incident_adl","AUROC",810,0.634461242711698
"c","incident_adl","AUROC",811,0.657383462523442
"c","incident_adl","AUROC",812,0.685446402878235
"c","incident_adl","AUROC",813,0.637455396112739
"c","incident_adl","AUROC",814,0.65592263983395
"c","incident_adl","AUROC",815,0.671806548455072
"c","incident_adl","AUROC",816,0.693164173891228
"c","incident_adl","AUROC",817,0.645420365572751
"c","incident_adl","AUROC",818,0.686249283581752
"c","incident_adl","AUROC",819,0.700691109156319
"c","incident_adl","AUROC",820,0.669817713425814
"c","incident_adl","AUROC",821,0.61634409640497
"c","incident_adl","AUROC",822,0.678245837857309
"c","incident_adl","AUROC",823,0.691241401738392
"c","incident_adl","AUROC",824,0.690711316381817
"c","incident_adl","AUROC",825,0.676311493485403
"c","incident_adl","AUROC",826,0.671626825962313
"c","incident_adl","AUROC",827,0.680278251742397
"c","incident_adl","AUROC",828,0.670205654282489
"c","incident_adl","AUROC",829,0.647245368784106
"c","incident_adl","AUROC",830,0.675596083629932
"c","incident_adl","AUROC",831,0.665520951128424
"c","incident_adl","AUROC",832,0.56366343514156
"c","incident_adl","AUROC",833,0.670520133042637
"c","incident_adl","AUROC",834,0.618984918476534
"c","incident_adl","AUROC",835,0.626335179726026
"c","incident_adl","AUROC",836,0.65486116102056
"c","incident_adl","AUROC",837,0.622115428085306
"c","incident_adl","AUROC",838,0.669726413784053
"c","incident_adl","AUROC",839,0.683305401674697
"c","incident_adl","AUROC",840,0.657169236290765
"c","incident_adl","AUROC",841,0.664208898152504
"c","incident_adl","AUROC",842,0.69788436736208
"c","incident_adl","AUROC",843,0.582404890993311
"c","incident_adl","AUROC",844,0.628110609628095
"c","incident_adl","AUROC",845,0.648857033099347
"c","incident_adl","AUROC",846,0.650801371566188
"c","incident_adl","AUROC",847,0.583710124603348
"c","incident_adl","AUROC",848,0.627468467071553
"c","incident_adl","AUROC",849,0.645359397789411
"c","incident_adl","AUROC",850,0.659165532912022
"c","incident_adl","AUROC",851,0.60702131012965
"c","incident_adl","AUROC",852,0.635592781848814
"c","incident_adl","AUROC",853,0.680182750171795
"c","incident_adl","AUROC",854,0.691436242422242
"c","incident_adl","AUROC",855,0.629628071821225
"c","incident_adl","AUROC",856,0.67200396105869
"c","incident_adl","AUROC",857,0.672974027157814
"c","incident_adl","AUROC",858,0.652902587760631
"c","incident_adl","AUROC",859,0.685380427358451
"c","incident_adl","AUROC",860,0.62219254635175
"c","incident_adl","AUROC",861,0.694475503026881
"c","incident_adl","AUROC",862,0.630837037389636
"c","incident_adl","AUROC",863,0.677231004483416
"c","incident_adl","AUROC",864,0.678264670563887
"c","incident_adl","AUROC",865,0.691523440431141
"c","incident_adl","AUROC",866,0.702288978225301
"c","incident_adl","AUROC",867,0.64916191135096
"c","incident_adl","AUROC",868,0.569563292535401
"c","incident_adl","AUROC",869,0.683023519290749
"c","incident_adl","AUROC",870,0.665943878095292
"c","incident_adl","AUROC",871,0.629778666396772
"c","incident_adl","AUROC",872,0.691660509622245
"c","incident_adl","AUROC",873,0.642651942932183
"c","incident_adl","AUROC",874,0.652908826908904
"c","incident_adl","AUROC",875,0.661239097717802
"c","incident_adl","AUROC",876,0.664375435573306
"c","incident_adl","AUROC",877,0.659501231516651
"c","incident_adl","AUROC",878,0.66032205074582
"c","incident_adl","AUROC",879,0.63734532443828
"c","incident_adl","AUROC",880,0.63913265584896
"c","incident_adl","AUROC",881,0.682053361471689
"c","incident_adl","AUROC",882,0.623017188993481
"c","incident_adl","AUROC",883,0.547009566602721
"c","incident_adl","AUROC",884,0.586475221077477
"c","incident_adl","AUROC",885,0.62363626838109
"c","incident_adl","AUROC",886,0.668502150356746
"c","incident_adl","AUROC",887,0.683001686035603
"c","incident_adl","AUROC",888,0.662097481570146
"c","incident_adl","AUROC",889,0.665827928711897
"c","incident_adl","AUROC",890,0.648092909612688
"c","incident_adl","AUROC",891,0.667202399032096
"c","incident_adl","AUROC",892,0.646477041611066
"c","incident_adl","AUROC",893,0.685116588845683
"c","incident_adl","AUROC",894,0.656743440171459
"c","incident_adl","AUROC",895,0.676626518239482
"c","incident_adl","AUROC",896,0.680963005044244
"c","incident_adl","AUROC",897,0.670288500812905
"c","incident_adl","AUROC",898,0.672649617058746
"c","incident_adl","AUROC",899,0.701157753116162
"c","incident_adl","AUROC",900,0.696609210525205
"c","incident_adl","AUROC",901,0.642299876305278
"c","incident_adl","AUROC",902,0.624199494777766
"c","incident_adl","AUROC",903,0.6511441395255
"c","incident_adl","AUROC",904,0.692667761019396
"c","incident_adl","AUROC",905,0.686500312994066
"c","incident_adl","AUROC",906,0.686787502047415
"c","incident_adl","AUROC",907,0.646660787056861
"c","incident_adl","AUROC",908,0.686612934946711
"c","incident_adl","AUROC",909,0.680870498327882
"c","incident_adl","AUROC",910,0.670432310014453
"c","incident_adl","AUROC",911,0.61891145225614
"c","incident_adl","AUROC",912,0.678324717428367
"c","incident_adl","AUROC",913,0.679301229700028
"c","incident_adl","AUROC",914,0.66822904057494
"c","incident_adl","AUROC",915,0.675782275816831
"c","incident_adl","AUROC",916,0.671484174097507
"c","incident_adl","AUROC",917,0.683551807688749
"c","incident_adl","AUROC",918,0.657639944406677
"c","incident_adl","AUROC",919,0.666041854957222
"c","incident_adl","AUROC",920,0.667530802892775
"c","incident_adl","AUROC",921,0.6272219622746
"c","incident_adl","AUROC",922,0.623553403740931
"c","incident_adl","AUROC",923,0.673707279410781
"c","incident_adl","AUROC",924,0.659140161145186
"c","incident_adl","AUROC",925,0.606994828460889
"c","incident_adl","AUROC",926,0.656611306953157
"c","incident_adl","AUROC",927,0.563157053919273
"c","incident_adl","AUROC",928,0.681606853151549
"c","incident_adl","AUROC",929,0.670610664773848
"c","incident_adl","AUROC",930,0.671616523943557
"c","incident_adl","AUROC",931,0.619312436908602
"c","incident_adl","AUROC",932,0.683252412147132
"c","incident_adl","AUROC",933,0.665720690927387
"c","incident_adl","AUROC",934,0.636263551550268
"c","incident_adl","AUROC",935,0.683809400002176
"c","incident_adl","AUROC",936,0.685139471320471
"c","incident_adl","AUROC",937,0.680172742090202
"c","incident_adl","AUROC",938,0.663704908684777
"c","incident_adl","AUROC",939,0.555001249194553
"c","incident_adl","AUROC",940,0.673777928639188
"c","incident_adl","AUROC",941,0.655232667527623
"c","incident_adl","AUROC",942,0.629187933723288
"c","incident_adl","AUROC",943,0.665327471479044
"c","incident_adl","AUROC",944,0.649824232500892
"c","incident_adl","AUROC",945,0.636209071952084
"c","incident_adl","AUROC",946,0.656809102765529
"c","incident_adl","AUROC",947,0.660887263869862
"c","incident_adl","AUROC",948,0.676286622217001
"c","incident_adl","AUROC",949,0.670286984552243
"c","incident_adl","AUROC",950,0.654535949277358
"c","incident_adl","AUROC",951,0.687477760532288
"c","incident_adl","AUROC",952,0.622743905661261
"c","incident_adl","AUROC",953,0.641834253963117
"c","incident_adl","AUROC",954,0.665880151550027
"c","incident_adl","AUROC",955,0.618938180911387
"c","incident_adl","AUROC",956,0.680391447399578
"c","incident_adl","AUROC",957,0.656344457762195
"c","incident_adl","AUROC",958,0.664338604498782
"c","incident_adl","AUROC",959,0.586008980314675
"c","incident_adl","AUROC",960,0.686477778936244
"c","incident_adl","AUROC",961,0.685387303974315
"c","incident_adl","AUROC",962,0.623505597599068
"c","incident_adl","AUROC",963,0.674498231307865
"c","incident_adl","AUROC",964,0.577901102174393
"c","incident_adl","AUROC",965,0.643345184742152
"c","incident_adl","AUROC",966,0.682067357335084
"c","incident_adl","AUROC",967,0.675339691471773
"c","incident_adl","AUROC",968,0.682894136096631
"c","incident_adl","AUROC",969,0.656712797601348
"c","incident_adl","AUROC",970,0.692259720090957
"c","incident_adl","AUROC",971,0.667321561581081
"c","incident_adl","AUROC",972,0.652581124081905
"c","incident_adl","AUROC",973,0.676578669628138
"c","incident_adl","AUROC",974,0.675948271056407
"c","incident_adl","AUROC",975,0.678780350674334
"c","incident_adl","AUROC",976,0.693439261465559
"c","incident_adl","AUROC",977,0.66083497050798
"c","incident_adl","AUROC",978,0.685366812759575
"c","incident_adl","AUROC",979,0.693399558100292
"c","incident_adl","AUROC",980,0.628790095589656
"c","incident_adl","AUROC",981,0.552030763189276
"c","incident_adl","AUROC",982,0.617965036727455
"c","incident_adl","AUROC",983,0.626256856461088
"c","incident_adl","AUROC",984,0.68381667064763
"c","incident_adl","AUROC",985,0.616471817118753
"c","incident_adl","AUROC",986,0.66804996732417
"c","incident_adl","AUROC",987,0.66962245811274
"c","incident_adl","AUROC",988,0.637291261993829
"c","incident_adl","AUROC",989,0.697616084558558
"c","incident_adl","AUROC",990,0.663879528824033
"c","incident_adl","AUROC",991,0.656084974733828
"c","incident_adl","AUROC",992,0.638159585133055
"c","incident_adl","AUROC",993,0.678115907605106
"c","incident_adl","AUROC",994,0.658821042399881
"c","incident_adl","AUROC",995,0.66163984386897
"c","incident_adl","AUROC",996,0.674138688360504
"c","incident_adl","AUROC",997,0.678000403717946
"c","incident_adl","AUROC",998,0.665870878299629
"c","incident_adl","AUROC",999,0.652640267061637
"c","incident_adl","AUROC",1000,0.689003010186867
"d","concurrent","MAE",1,0.194258232549593
"d","concurrent","MAE",2,0.103944553933322
"d","concurrent","MAE",3,0.151231419727861
"d","concurrent","MAE",4,0.113854811032161
"d","concurrent","MAE",5,0.0945957082588683
"d","concurrent","MAE",6,0.126444143160074
"d","concurrent","MAE",7,0.110200217477195
"d","concurrent","MAE",8,0.17210078581437
"d","concurrent","MAE",9,0.119918905232531
"d","concurrent","MAE",10,0.133657219144231
"d","concurrent","MAE",11,0.120988473948275
"d","concurrent","MAE",12,0.108508364137988
"d","concurrent","MAE",13,0.119938801777907
"d","concurrent","MAE",14,0.126224740597049
"d","concurrent","MAE",15,0.1148327119898
"d","concurrent","MAE",16,0.124446850727543
"d","concurrent","MAE",17,0.12098109857846
"d","concurrent","MAE",18,0.0914226260969197
"d","concurrent","MAE",19,0.132863498651743
"d","concurrent","MAE",20,0.163207995548974
"d","concurrent","MAE",21,0.103421071948845
"d","concurrent","MAE",22,0.128550655240397
"d","concurrent","MAE",23,0.0990152411903326
"d","concurrent","MAE",24,0.13529349012855
"d","concurrent","MAE",25,0.120294355897858
"d","concurrent","MAE",26,0.113738753361993
"d","concurrent","MAE",27,0.131836690633793
"d","concurrent","MAE",28,0.11054777809277
"d","concurrent","MAE",29,0.111788223258731
"d","concurrent","MAE",30,0.106965795032244
"d","concurrent","MAE",31,0.0915452389838501
"d","concurrent","MAE",32,0.123802954827092
"d","concurrent","MAE",33,0.0901737780305502
"d","concurrent","MAE",34,0.0865029095607839
"d","concurrent","MAE",35,0.0956330015944575
"d","concurrent","MAE",36,0.112669828201663
"d","concurrent","MAE",37,0.149384993955302
"d","concurrent","MAE",38,0.0901672594121621
"d","concurrent","MAE",39,0.142853751309879
"d","concurrent","MAE",40,0.130847317774809
"d","concurrent","MAE",41,0.159728333611302
"d","concurrent","MAE",42,0.132939767765785
"d","concurrent","MAE",43,0.190812051239988
"d","concurrent","MAE",44,0.123955368580077
"d","concurrent","MAE",45,0.106287719640566
"d","concurrent","MAE",46,0.156635820089032
"d","concurrent","MAE",47,0.12271016978307
"d","concurrent","MAE",48,0.111621059047743
"d","concurrent","MAE",49,0.123644980407953
"d","concurrent","MAE",50,0.10667401534052
"d","concurrent","MAE",51,0.189872261063933
"d","concurrent","MAE",52,0.120889665201156
"d","concurrent","MAE",53,0.0945715814643509
"d","concurrent","MAE",54,0.121476155153659
"d","concurrent","MAE",55,0.176480395286765
"d","concurrent","MAE",56,0.103889730132499
"d","concurrent","MAE",57,0.101719937906203
"d","concurrent","MAE",58,0.156872560406845
"d","concurrent","MAE",59,0.137942073941635
"d","concurrent","MAE",60,0.0889017448549703
"d","concurrent","MAE",61,0.115816306924885
"d","concurrent","MAE",62,0.111867767203368
"d","concurrent","MAE",63,0.088285492336735
"d","concurrent","MAE",64,0.0886262081916266
"d","concurrent","MAE",65,0.0922728802719844
"d","concurrent","MAE",66,0.131851637314341
"d","concurrent","MAE",67,0.153989096123438
"d","concurrent","MAE",68,0.0969995546440579
"d","concurrent","MAE",69,0.152829764948752
"d","concurrent","MAE",70,0.124262581636179
"d","concurrent","MAE",71,0.134935238848267
"d","concurrent","MAE",72,0.114404219874257
"d","concurrent","MAE",73,0.102907735122752
"d","concurrent","MAE",74,0.0944850098874121
"d","concurrent","MAE",75,0.113914604649054
"d","concurrent","MAE",76,0.128076265044221
"d","concurrent","MAE",77,0.145355736750898
"d","concurrent","MAE",78,0.121224917354948
"d","concurrent","MAE",79,0.1336471467605
"d","concurrent","MAE",80,0.123211335156681
"d","concurrent","MAE",81,0.116189713168611
"d","concurrent","MAE",82,0.129961659196536
"d","concurrent","MAE",83,0.0924013184091931
"d","concurrent","MAE",84,0.132051710982972
"d","concurrent","MAE",85,0.102605099963773
"d","concurrent","MAE",86,0.12949810603062
"d","concurrent","MAE",87,0.101253922258466
"d","concurrent","MAE",88,0.136840939086169
"d","concurrent","MAE",89,0.0874883609873122
"d","concurrent","MAE",90,0.111982262670074
"d","concurrent","MAE",91,0.116114241396661
"d","concurrent","MAE",92,0.128322780107076
"d","concurrent","MAE",93,0.183036787028487
"d","concurrent","MAE",94,0.140047600938236
"d","concurrent","MAE",95,0.0895977333696554
"d","concurrent","MAE",96,0.101764561369929
"d","concurrent","MAE",97,0.117299508976526
"d","concurrent","MAE",98,0.130558168740329
"d","concurrent","MAE",99,0.119080419375934
"d","concurrent","MAE",100,0.113476819783034
"d","concurrent","MAE",101,0.131104000443131
"d","concurrent","MAE",102,0.109169214793476
"d","concurrent","MAE",103,0.133369260903512
"d","concurrent","MAE",104,0.182951655554563
"d","concurrent","MAE",105,0.0900077047121507
"d","concurrent","MAE",106,0.11431117594619
"d","concurrent","MAE",107,0.097284686031017
"d","concurrent","MAE",108,0.130013519378556
"d","concurrent","MAE",109,0.0909180510355433
"d","concurrent","MAE",110,0.11524347536161
"d","concurrent","MAE",111,0.121261024528426
"d","concurrent","MAE",112,0.13484369868486
"d","concurrent","MAE",113,0.106246155506694
"d","concurrent","MAE",114,0.143274878011905
"d","concurrent","MAE",115,0.13421337373901
"d","concurrent","MAE",116,0.0902336369922522
"d","concurrent","MAE",117,0.0966376300701145
"d","concurrent","MAE",118,0.111194828856031
"d","concurrent","MAE",119,0.133499707479432
"d","concurrent","MAE",120,0.128859110637258
"d","concurrent","MAE",121,0.118909517191246
"d","concurrent","MAE",122,0.106919270996681
"d","concurrent","MAE",123,0.116298832470007
"d","concurrent","MAE",124,0.132709431011515
"d","concurrent","MAE",125,0.136092003960599
"d","concurrent","MAE",126,0.107226195404208
"d","concurrent","MAE",127,0.113785052461083
"d","concurrent","MAE",128,0.121125010747715
"d","concurrent","MAE",129,0.149377556170522
"d","concurrent","MAE",130,0.127818323500038
"d","concurrent","MAE",131,0.0977629895099111
"d","concurrent","MAE",132,0.136470435561918
"d","concurrent","MAE",133,0.0935537158995215
"d","concurrent","MAE",134,0.121929548118534
"d","concurrent","MAE",135,0.115143115477864
"d","concurrent","MAE",136,0.122660789728222
"d","concurrent","MAE",137,0.124867278786218
"d","concurrent","MAE",138,0.134448705108617
"d","concurrent","MAE",139,0.138014457341834
"d","concurrent","MAE",140,0.0873498097105887
"d","concurrent","MAE",141,0.113244771091098
"d","concurrent","MAE",142,0.10837863795113
"d","concurrent","MAE",143,0.116550907071536
"d","concurrent","MAE",144,0.0911432564695361
"d","concurrent","MAE",145,0.1247642658324
"d","concurrent","MAE",146,0.143566831170373
"d","concurrent","MAE",147,0.135931835732176
"d","concurrent","MAE",148,0.109865255823153
"d","concurrent","MAE",149,0.188075272952964
"d","concurrent","MAE",150,0.119258537186381
"d","concurrent","MAE",151,0.0878174210973444
"d","concurrent","MAE",152,0.129372408575674
"d","concurrent","MAE",153,0.168814563554026
"d","concurrent","MAE",154,0.100156083665319
"d","concurrent","MAE",155,0.148754673896546
"d","concurrent","MAE",156,0.151919998352728
"d","concurrent","MAE",157,0.105995599105498
"d","concurrent","MAE",158,0.100327640541825
"d","concurrent","MAE",159,0.126668299912453
"d","concurrent","MAE",160,0.129004309585477
"d","concurrent","MAE",161,0.105300766326491
"d","concurrent","MAE",162,0.118866837962088
"d","concurrent","MAE",163,0.117389094877039
"d","concurrent","MAE",164,0.121393751121879
"d","concurrent","MAE",165,0.0891911587416415
"d","concurrent","MAE",166,0.180778332951986
"d","concurrent","MAE",167,0.150310961288685
"d","concurrent","MAE",168,0.141265674006173
"d","concurrent","MAE",169,0.117349519131241
"d","concurrent","MAE",170,0.188969365555545
"d","concurrent","MAE",171,0.0896170448074828
"d","concurrent","MAE",172,0.129719071176404
"d","concurrent","MAE",173,0.106913826421252
"d","concurrent","MAE",174,0.118817084708809
"d","concurrent","MAE",175,0.114725631865693
"d","concurrent","MAE",176,0.104961124421593
"d","concurrent","MAE",177,0.121410971361276
"d","concurrent","MAE",178,0.177706036423016
"d","concurrent","MAE",179,0.191809980877378
"d","concurrent","MAE",180,0.11107951175685
"d","concurrent","MAE",181,0.142717425541854
"d","concurrent","MAE",182,0.124414155432728
"d","concurrent","MAE",183,0.141762506700237
"d","concurrent","MAE",184,0.120221124611491
"d","concurrent","MAE",185,0.118078256068108
"d","concurrent","MAE",186,0.183667684363811
"d","concurrent","MAE",187,0.129849127381131
"d","concurrent","MAE",188,0.15982821168048
"d","concurrent","MAE",189,0.0949044232472165
"d","concurrent","MAE",190,0.0867233383215164
"d","concurrent","MAE",191,0.152719605142731
"d","concurrent","MAE",192,0.111184546269324
"d","concurrent","MAE",193,0.119265350667912
"d","concurrent","MAE",194,0.118357384538336
"d","concurrent","MAE",195,0.0909971120724085
"d","concurrent","MAE",196,0.133587044123294
"d","concurrent","MAE",197,0.165551621873095
"d","concurrent","MAE",198,0.0950223172199741
"d","concurrent","MAE",199,0.136775671357394
"d","concurrent","MAE",200,0.0948972271605198
"d","concurrent","MAE",201,0.149092511770997
"d","concurrent","MAE",202,0.119452523272485
"d","concurrent","MAE",203,0.117630292495457
"d","concurrent","MAE",204,0.101507308419202
"d","concurrent","MAE",205,0.0845504447700615
"d","concurrent","MAE",206,0.089712029230707
"d","concurrent","MAE",207,0.163599977236256
"d","concurrent","MAE",208,0.152481887403038
"d","concurrent","MAE",209,0.122101348314524
"d","concurrent","MAE",210,0.0965186971710932
"d","concurrent","MAE",211,0.0872116577089736
"d","concurrent","MAE",212,0.154828478410384
"d","concurrent","MAE",213,0.127726795565442
"d","concurrent","MAE",214,0.129933402851485
"d","concurrent","MAE",215,0.123949028312749
"d","concurrent","MAE",216,0.119453012016197
"d","concurrent","MAE",217,0.138316777536884
"d","concurrent","MAE",218,0.127399383927966
"d","concurrent","MAE",219,0.116782717406279
"d","concurrent","MAE",220,0.12428059127781
"d","concurrent","MAE",221,0.109708448497111
"d","concurrent","MAE",222,0.110799722803708
"d","concurrent","MAE",223,0.132395517154348
"d","concurrent","MAE",224,0.119738519991521
"d","concurrent","MAE",225,0.0871387436455257
"d","concurrent","MAE",226,0.151196052748902
"d","concurrent","MAE",227,0.128247657378534
"d","concurrent","MAE",228,0.118821210306611
"d","concurrent","MAE",229,0.0872631717650429
"d","concurrent","MAE",230,0.0921744070466722
"d","concurrent","MAE",231,0.155223569358853
"d","concurrent","MAE",232,0.128696113999117
"d","concurrent","MAE",233,0.118371265195443
"d","concurrent","MAE",234,0.0928165461590342
"d","concurrent","MAE",235,0.0996922675093648
"d","concurrent","MAE",236,0.12743135231371
"d","concurrent","MAE",237,0.154818503953814
"d","concurrent","MAE",238,0.0939746007317906
"d","concurrent","MAE",239,0.0868279711595299
"d","concurrent","MAE",240,0.183270503798333
"d","concurrent","MAE",241,0.114258327913697
"d","concurrent","MAE",242,0.115513414198291
"d","concurrent","MAE",243,0.120890038896849
"d","concurrent","MAE",244,0.109236354458523
"d","concurrent","MAE",245,0.1425891641801
"d","concurrent","MAE",246,0.160359319264497
"d","concurrent","MAE",247,0.102612426343368
"d","concurrent","MAE",248,0.117317728801391
"d","concurrent","MAE",249,0.135378455235799
"d","concurrent","MAE",250,0.0984248848954819
"d","concurrent","MAE",251,0.129318453242787
"d","concurrent","MAE",252,0.123710979943877
"d","concurrent","MAE",253,0.137363253350064
"d","concurrent","MAE",254,0.100533099405965
"d","concurrent","MAE",255,0.0922232013017688
"d","concurrent","MAE",256,0.119818493772855
"d","concurrent","MAE",257,0.0943880460275426
"d","concurrent","MAE",258,0.131766027017716
"d","concurrent","MAE",259,0.117491050887948
"d","concurrent","MAE",260,0.108370910096981
"d","concurrent","MAE",261,0.183095912966518
"d","concurrent","MAE",262,0.126564092091346
"d","concurrent","MAE",263,0.121409195233581
"d","concurrent","MAE",264,0.111519540961716
"d","concurrent","MAE",265,0.116096650900598
"d","concurrent","MAE",266,0.118847371423317
"d","concurrent","MAE",267,0.142905136232327
"d","concurrent","MAE",268,0.121769252477494
"d","concurrent","MAE",269,0.184512883441779
"d","concurrent","MAE",270,0.127334962147033
"d","concurrent","MAE",271,0.14311701655607
"d","concurrent","MAE",272,0.124407215116879
"d","concurrent","MAE",273,0.114656686989763
"d","concurrent","MAE",274,0.127672355465559
"d","concurrent","MAE",275,0.0966233886767052
"d","concurrent","MAE",276,0.151994824481114
"d","concurrent","MAE",277,0.138097872862243
"d","concurrent","MAE",278,0.128002890596995
"d","concurrent","MAE",279,0.113773846168808
"d","concurrent","MAE",280,0.121927652677073
"d","concurrent","MAE",281,0.0909012791966349
"d","concurrent","MAE",282,0.0930966514643837
"d","concurrent","MAE",283,0.114498884814052
"d","concurrent","MAE",284,0.180346827385383
"d","concurrent","MAE",285,0.104300156771461
"d","concurrent","MAE",286,0.0992955671624279
"d","concurrent","MAE",287,0.138672513199533
"d","concurrent","MAE",288,0.131587228284135
"d","concurrent","MAE",289,0.120381626603134
"d","concurrent","MAE",290,0.106789287551248
"d","concurrent","MAE",291,0.110631633871149
"d","concurrent","MAE",292,0.120824055530725
"d","concurrent","MAE",293,0.120687201450485
"d","concurrent","MAE",294,0.0852411375010258
"d","concurrent","MAE",295,0.0975242740620407
"d","concurrent","MAE",296,0.116256290244585
"d","concurrent","MAE",297,0.149227607780092
"d","concurrent","MAE",298,0.169901807308656
"d","concurrent","MAE",299,0.117660878876908
"d","concurrent","MAE",300,0.129426096136315
"d","concurrent","MAE",301,0.115613837293788
"d","concurrent","MAE",302,0.119347890941796
"d","concurrent","MAE",303,0.097804541992915
"d","concurrent","MAE",304,0.0949769998724633
"d","concurrent","MAE",305,0.110495620751728
"d","concurrent","MAE",306,0.105545415276068
"d","concurrent","MAE",307,0.0855232362197647
"d","concurrent","MAE",308,0.117198568101769
"d","concurrent","MAE",309,0.106640405737633
"d","concurrent","MAE",310,0.166416205794793
"d","concurrent","MAE",311,0.0924419303829791
"d","concurrent","MAE",312,0.137977366605375
"d","concurrent","MAE",313,0.101386619153857
"d","concurrent","MAE",314,0.114151228503939
"d","concurrent","MAE",315,0.124552745534306
"d","concurrent","MAE",316,0.0917382885214775
"d","concurrent","MAE",317,0.136439121893378
"d","concurrent","MAE",318,0.133052879769885
"d","concurrent","MAE",319,0.111129114911527
"d","concurrent","MAE",320,0.122667613645929
"d","concurrent","MAE",321,0.108132647851492
"d","concurrent","MAE",322,0.158263650734101
"d","concurrent","MAE",323,0.0900732234698449
"d","concurrent","MAE",324,0.101971461914935
"d","concurrent","MAE",325,0.134370627101429
"d","concurrent","MAE",326,0.0933193375964599
"d","concurrent","MAE",327,0.114624890323517
"d","concurrent","MAE",328,0.139385918223236
"d","concurrent","MAE",329,0.0926028187285088
"d","concurrent","MAE",330,0.116083769631568
"d","concurrent","MAE",331,0.0976135461919266
"d","concurrent","MAE",332,0.136256798180859
"d","concurrent","MAE",333,0.0905195969668675
"d","concurrent","MAE",334,0.135824119535279
"d","concurrent","MAE",335,0.13617428499566
"d","concurrent","MAE",336,0.157749220412473
"d","concurrent","MAE",337,0.154588712219429
"d","concurrent","MAE",338,0.129737933062242
"d","concurrent","MAE",339,0.0879922703461842
"d","concurrent","MAE",340,0.0980381161787852
"d","concurrent","MAE",341,0.128418284880949
"d","concurrent","MAE",342,0.163685158421202
"d","concurrent","MAE",343,0.118083319568165
"d","concurrent","MAE",344,0.130574172712668
"d","concurrent","MAE",345,0.123808938362427
"d","concurrent","MAE",346,0.111231296099394
"d","concurrent","MAE",347,0.145335464330299
"d","concurrent","MAE",348,0.189925614072271
"d","concurrent","MAE",349,0.190561357851006
"d","concurrent","MAE",350,0.114244755079772
"d","concurrent","MAE",351,0.140148659420548
"d","concurrent","MAE",352,0.09318487830325
"d","concurrent","MAE",353,0.138364936785011
"d","concurrent","MAE",354,0.115382741125725
"d","concurrent","MAE",355,0.137454880593237
"d","concurrent","MAE",356,0.129038702512654
"d","concurrent","MAE",357,0.103710699312796
"d","concurrent","MAE",358,0.132016821706572
"d","concurrent","MAE",359,0.1449307618106
"d","concurrent","MAE",360,0.0972910446723901
"d","concurrent","MAE",361,0.143932086614835
"d","concurrent","MAE",362,0.084338875990305
"d","concurrent","MAE",363,0.186720774181935
"d","concurrent","MAE",364,0.107468584425585
"d","concurrent","MAE",365,0.180866479290769
"d","concurrent","MAE",366,0.0907794322671431
"d","concurrent","MAE",367,0.135827682782054
"d","concurrent","MAE",368,0.149479572440071
"d","concurrent","MAE",369,0.120994257133718
"d","concurrent","MAE",370,0.136320373966252
"d","concurrent","MAE",371,0.118132543517142
"d","concurrent","MAE",372,0.0923896172147829
"d","concurrent","MAE",373,0.0853106077583575
"d","concurrent","MAE",374,0.130870487409705
"d","concurrent","MAE",375,0.0941030361331854
"d","concurrent","MAE",376,0.11825929792846
"d","concurrent","MAE",377,0.119865796577191
"d","concurrent","MAE",378,0.086090656361289
"d","concurrent","MAE",379,0.0927470742909915
"d","concurrent","MAE",380,0.104857000076257
"d","concurrent","MAE",381,0.154858858189242
"d","concurrent","MAE",382,0.126182278103713
"d","concurrent","MAE",383,0.199386775355955
"d","concurrent","MAE",384,0.136803202603883
"d","concurrent","MAE",385,0.110763736450007
"d","concurrent","MAE",386,0.155211096060531
"d","concurrent","MAE",387,0.135171940272258
"d","concurrent","MAE",388,0.130005060320296
"d","concurrent","MAE",389,0.129608801753917
"d","concurrent","MAE",390,0.130147751175363
"d","concurrent","MAE",391,0.0911674645278084
"d","concurrent","MAE",392,0.113613776784574
"d","concurrent","MAE",393,0.0850750115021192
"d","concurrent","MAE",394,0.147157094921146
"d","concurrent","MAE",395,0.136603154874745
"d","concurrent","MAE",396,0.0956876569984668
"d","concurrent","MAE",397,0.165127180374269
"d","concurrent","MAE",398,0.117447293511496
"d","concurrent","MAE",399,0.117235538612363
"d","concurrent","MAE",400,0.102304689313832
"d","concurrent","MAE",401,0.0862915069178792
"d","concurrent","MAE",402,0.102775598191559
"d","concurrent","MAE",403,0.116168688101937
"d","concurrent","MAE",404,0.129949374388407
"d","concurrent","MAE",405,0.12910337482052
"d","concurrent","MAE",406,0.134918700291255
"d","concurrent","MAE",407,0.134455835301084
"d","concurrent","MAE",408,0.114735922812514
"d","concurrent","MAE",409,0.0913046732405921
"d","concurrent","MAE",410,0.119361394713069
"d","concurrent","MAE",411,0.0849032441068098
"d","concurrent","MAE",412,0.0925296474155953
"d","concurrent","MAE",413,0.118261025996697
"d","concurrent","MAE",414,0.118860374115511
"d","concurrent","MAE",415,0.106619378717088
"d","concurrent","MAE",416,0.102897883530298
"d","concurrent","MAE",417,0.115156284660794
"d","concurrent","MAE",418,0.0946167183570709
"d","concurrent","MAE",419,0.089312897432376
"d","concurrent","MAE",420,0.0859339366225275
"d","concurrent","MAE",421,0.132988735156182
"d","concurrent","MAE",422,0.124829243220733
"d","concurrent","MAE",423,0.121264111090957
"d","concurrent","MAE",424,0.131209003516399
"d","concurrent","MAE",425,0.134388048858471
"d","concurrent","MAE",426,0.114771579784326
"d","concurrent","MAE",427,0.107856264026256
"d","concurrent","MAE",428,0.0883499313835319
"d","concurrent","MAE",429,0.114542217852568
"d","concurrent","MAE",430,0.0989193501318538
"d","concurrent","MAE",431,0.0869032768566018
"d","concurrent","MAE",432,0.0947983992189581
"d","concurrent","MAE",433,0.0935276757039899
"d","concurrent","MAE",434,0.0983421784751256
"d","concurrent","MAE",435,0.0948944657363706
"d","concurrent","MAE",436,0.106410682675226
"d","concurrent","MAE",437,0.122698285820487
"d","concurrent","MAE",438,0.114082838708735
"d","concurrent","MAE",439,0.181402420467819
"d","concurrent","MAE",440,0.142552731532775
"d","concurrent","MAE",441,0.120512000904938
"d","concurrent","MAE",442,0.132603975459856
"d","concurrent","MAE",443,0.0929008655431979
"d","concurrent","MAE",444,0.117765331455697
"d","concurrent","MAE",445,0.123506876445692
"d","concurrent","MAE",446,0.182975753030297
"d","concurrent","MAE",447,0.0889018021089827
"d","concurrent","MAE",448,0.183679491406839
"d","concurrent","MAE",449,0.088530435340253
"d","concurrent","MAE",450,0.11315873384981
"d","concurrent","MAE",451,0.0852122358548196
"d","concurrent","MAE",452,0.129258682811905
"d","concurrent","MAE",453,0.0945563368535969
"d","concurrent","MAE",454,0.180741529288129
"d","concurrent","MAE",455,0.128461840965613
"d","concurrent","MAE",456,0.118883372944738
"d","concurrent","MAE",457,0.112584287112572
"d","concurrent","MAE",458,0.12216668759157
"d","concurrent","MAE",459,0.118925573839746
"d","concurrent","MAE",460,0.139123936653702
"d","concurrent","MAE",461,0.117843755521873
"d","concurrent","MAE",462,0.109191663167977
"d","concurrent","MAE",463,0.115645215803946
"d","concurrent","MAE",464,0.107045424500142
"d","concurrent","MAE",465,0.122417844157158
"d","concurrent","MAE",466,0.120814038829772
"d","concurrent","MAE",467,0.120655175754408
"d","concurrent","MAE",468,0.131914016744405
"d","concurrent","MAE",469,0.114192548232512
"d","concurrent","MAE",470,0.149396693488776
"d","concurrent","MAE",471,0.087878561307062
"d","concurrent","MAE",472,0.185010632406557
"d","concurrent","MAE",473,0.0963058025795757
"d","concurrent","MAE",474,0.175331298101907
"d","concurrent","MAE",475,0.104621312480675
"d","concurrent","MAE",476,0.129454925424469
"d","concurrent","MAE",477,0.117305603480864
"d","concurrent","MAE",478,0.119166376471592
"d","concurrent","MAE",479,0.11630616912945
"d","concurrent","MAE",480,0.0875797228735979
"d","concurrent","MAE",481,0.116572780919513
"d","concurrent","MAE",482,0.115200022381781
"d","concurrent","MAE",483,0.14114771722136
"d","concurrent","MAE",484,0.126417440031606
"d","concurrent","MAE",485,0.137778336610823
"d","concurrent","MAE",486,0.138742241374561
"d","concurrent","MAE",487,0.0948580443381816
"d","concurrent","MAE",488,0.131330824778223
"d","concurrent","MAE",489,0.0950918061104293
"d","concurrent","MAE",490,0.124176566177281
"d","concurrent","MAE",491,0.164125964251276
"d","concurrent","MAE",492,0.125960933846382
"d","concurrent","MAE",493,0.161183075127522
"d","concurrent","MAE",494,0.0939209948499797
"d","concurrent","MAE",495,0.100755773676912
"d","concurrent","MAE",496,0.0964763225861506
"d","concurrent","MAE",497,0.160257079898444
"d","concurrent","MAE",498,0.123553831823968
"d","concurrent","MAE",499,0.11887645404823
"d","concurrent","MAE",500,0.126373311062685
"d","concurrent","MAE",501,0.114026570622388
"d","concurrent","MAE",502,0.118741876715176
"d","concurrent","MAE",503,0.113913607658364
"d","concurrent","MAE",504,0.154246928991987
"d","concurrent","MAE",505,0.14884680313903
"d","concurrent","MAE",506,0.0921991793902476
"d","concurrent","MAE",507,0.189510172976601
"d","concurrent","MAE",508,0.172668825583852
"d","concurrent","MAE",509,0.118098255695773
"d","concurrent","MAE",510,0.117126520152666
"d","concurrent","MAE",511,0.163417992389474
"d","concurrent","MAE",512,0.118727392768466
"d","concurrent","MAE",513,0.164148496527133
"d","concurrent","MAE",514,0.188816541941227
"d","concurrent","MAE",515,0.139263169640736
"d","concurrent","MAE",516,0.118267592288019
"d","concurrent","MAE",517,0.191633699628803
"d","concurrent","MAE",518,0.114266044377013
"d","concurrent","MAE",519,0.115612857863202
"d","concurrent","MAE",520,0.123020394266291
"d","concurrent","MAE",521,0.0867725240154332
"d","concurrent","MAE",522,0.15553073582576
"d","concurrent","MAE",523,0.119575032217713
"d","concurrent","MAE",524,0.0979213634078587
"d","concurrent","MAE",525,0.134613709589342
"d","concurrent","MAE",526,0.11308224569781
"d","concurrent","MAE",527,0.137883735620632
"d","concurrent","MAE",528,0.091988529777519
"d","concurrent","MAE",529,0.12050920385708
"d","concurrent","MAE",530,0.0906415349650878
"d","concurrent","MAE",531,0.186143402969853
"d","concurrent","MAE",532,0.122055453895176
"d","concurrent","MAE",533,0.111556600979225
"d","concurrent","MAE",534,0.123725251064128
"d","concurrent","MAE",535,0.15098215596153
"d","concurrent","MAE",536,0.128857098257106
"d","concurrent","MAE",537,0.0926023802635888
"d","concurrent","MAE",538,0.131115532472307
"d","concurrent","MAE",539,0.118013151224891
"d","concurrent","MAE",540,0.148588775432689
"d","concurrent","MAE",541,0.108580103661533
"d","concurrent","MAE",542,0.154869728321231
"d","concurrent","MAE",543,0.100319992856671
"d","concurrent","MAE",544,0.092349652993871
"d","concurrent","MAE",545,0.133412786726494
"d","concurrent","MAE",546,0.119406580193822
"d","concurrent","MAE",547,0.119312149913331
"d","concurrent","MAE",548,0.116447494540993
"d","concurrent","MAE",549,0.118501535877056
"d","concurrent","MAE",550,0.0988024043668275
"d","concurrent","MAE",551,0.133370000997425
"d","concurrent","MAE",552,0.124644043415761
"d","concurrent","MAE",553,0.13127119740836
"d","concurrent","MAE",554,0.130954981207444
"d","concurrent","MAE",555,0.125676953206587
"d","concurrent","MAE",556,0.12110733982519
"d","concurrent","MAE",557,0.161839088374499
"d","concurrent","MAE",558,0.115371034990475
"d","concurrent","MAE",559,0.0946777008461201
"d","concurrent","MAE",560,0.138870374710548
"d","concurrent","MAE",561,0.116655099757555
"d","concurrent","MAE",562,0.120147999543797
"d","concurrent","MAE",563,0.0893671999133921
"d","concurrent","MAE",564,0.120642516919623
"d","concurrent","MAE",565,0.134356793366307
"d","concurrent","MAE",566,0.153231776037356
"d","concurrent","MAE",567,0.120082211971888
"d","concurrent","MAE",568,0.095992585027354
"d","concurrent","MAE",569,0.105974323055747
"d","concurrent","MAE",570,0.0886959814770899
"d","concurrent","MAE",571,0.11322179800471
"d","concurrent","MAE",572,0.0859556735865753
"d","concurrent","MAE",573,0.0898305297151485
"d","concurrent","MAE",574,0.105783208424781
"d","concurrent","MAE",575,0.0902890246185428
"d","concurrent","MAE",576,0.117218712890035
"d","concurrent","MAE",577,0.119174155458883
"d","concurrent","MAE",578,0.125231206818152
"d","concurrent","MAE",579,0.0960933628540344
"d","concurrent","MAE",580,0.114110336314426
"d","concurrent","MAE",581,0.158823751969505
"d","concurrent","MAE",582,0.183305895480744
"d","concurrent","MAE",583,0.0952558339218625
"d","concurrent","MAE",584,0.119399303322546
"d","concurrent","MAE",585,0.116468898650291
"d","concurrent","MAE",586,0.121488204915487
"d","concurrent","MAE",587,0.180130569414885
"d","concurrent","MAE",588,0.123138027792629
"d","concurrent","MAE",589,0.108982832563209
"d","concurrent","MAE",590,0.109666380622374
"d","concurrent","MAE",591,0.114831852620569
"d","concurrent","MAE",592,0.130639208064384
"d","concurrent","MAE",593,0.128147156090721
"d","concurrent","MAE",594,0.118830284535189
"d","concurrent","MAE",595,0.128013590444685
"d","concurrent","MAE",596,0.114182477599808
"d","concurrent","MAE",597,0.148885383443862
"d","concurrent","MAE",598,0.100091741621201
"d","concurrent","MAE",599,0.132376853912057
"d","concurrent","MAE",600,0.120276119700529
"d","concurrent","MAE",601,0.131115102244186
"d","concurrent","MAE",602,0.116612959155848
"d","concurrent","MAE",603,0.16102652548119
"d","concurrent","MAE",604,0.137990409796749
"d","concurrent","MAE",605,0.0882096105033918
"d","concurrent","MAE",606,0.0955473402192293
"d","concurrent","MAE",607,0.0909017394077077
"d","concurrent","MAE",608,0.0986307093341851
"d","concurrent","MAE",609,0.119003328944793
"d","concurrent","MAE",610,0.0874913265517252
"d","concurrent","MAE",611,0.148305672206266
"d","concurrent","MAE",612,0.0921776448614851
"d","concurrent","MAE",613,0.130831226305442
"d","concurrent","MAE",614,0.118206658603759
"d","concurrent","MAE",615,0.14469969834606
"d","concurrent","MAE",616,0.122995100094707
"d","concurrent","MAE",617,0.118682358412456
"d","concurrent","MAE",618,0.13510546347423
"d","concurrent","MAE",619,0.151109512416173
"d","concurrent","MAE",620,0.111062131673789
"d","concurrent","MAE",621,0.126889543028872
"d","concurrent","MAE",622,0.197968074633974
"d","concurrent","MAE",623,0.0903446709572782
"d","concurrent","MAE",624,0.151952327224389
"d","concurrent","MAE",625,0.118562004965854
"d","concurrent","MAE",626,0.121655895565903
"d","concurrent","MAE",627,0.128818428533241
"d","concurrent","MAE",628,0.117385366945973
"d","concurrent","MAE",629,0.119159765552962
"d","concurrent","MAE",630,0.0915780714872522
"d","concurrent","MAE",631,0.15202567728944
"d","concurrent","MAE",632,0.0873749794125873
"d","concurrent","MAE",633,0.140375844943219
"d","concurrent","MAE",634,0.190594220689814
"d","concurrent","MAE",635,0.0929334184768485
"d","concurrent","MAE",636,0.132924900501704
"d","concurrent","MAE",637,0.1732987876988
"d","concurrent","MAE",638,0.120584535793864
"d","concurrent","MAE",639,0.105604499204751
"d","concurrent","MAE",640,0.104623061001028
"d","concurrent","MAE",641,0.0934049745825619
"d","concurrent","MAE",642,0.0915700919900237
"d","concurrent","MAE",643,0.152475990706558
"d","concurrent","MAE",644,0.11296997404346
"d","concurrent","MAE",645,0.110864173021408
"d","concurrent","MAE",646,0.12287564761423
"d","concurrent","MAE",647,0.137140225707136
"d","concurrent","MAE",648,0.109905531841595
"d","concurrent","MAE",649,0.113530259160457
"d","concurrent","MAE",650,0.118997377285286
"d","concurrent","MAE",651,0.103188009915408
"d","concurrent","MAE",652,0.109415071035266
"d","concurrent","MAE",653,0.192520073547616
"d","concurrent","MAE",654,0.108066761924916
"d","concurrent","MAE",655,0.0894024090886488
"d","concurrent","MAE",656,0.130638154552837
"d","concurrent","MAE",657,0.0973775174474667
"d","concurrent","MAE",658,0.151220683913773
"d","concurrent","MAE",659,0.121217625466102
"d","concurrent","MAE",660,0.124627632438681
"d","concurrent","MAE",661,0.124881542431269
"d","concurrent","MAE",662,0.119607923209686
"d","concurrent","MAE",663,0.110281607046758
"d","concurrent","MAE",664,0.0946222876999167
"d","concurrent","MAE",665,0.0956420236071597
"d","concurrent","MAE",666,0.203621564819697
"d","concurrent","MAE",667,0.134123061246368
"d","concurrent","MAE",668,0.122828502743714
"d","concurrent","MAE",669,0.117920865534763
"d","concurrent","MAE",670,0.155059420252049
"d","concurrent","MAE",671,0.105799644493956
"d","concurrent","MAE",672,0.112820762107827
"d","concurrent","MAE",673,0.147513862947423
"d","concurrent","MAE",674,0.0961539205716993
"d","concurrent","MAE",675,0.0974989190217655
"d","concurrent","MAE",676,0.14045938522626
"d","concurrent","MAE",677,0.158639893003094
"d","concurrent","MAE",678,0.120901526077939
"d","concurrent","MAE",679,0.139126601666262
"d","concurrent","MAE",680,0.127799613225329
"d","concurrent","MAE",681,0.088778826166605
"d","concurrent","MAE",682,0.158136084376156
"d","concurrent","MAE",683,0.101002895609244
"d","concurrent","MAE",684,0.155487831067445
"d","concurrent","MAE",685,0.118516111184795
"d","concurrent","MAE",686,0.112911001320025
"d","concurrent","MAE",687,0.195520973726277
"d","concurrent","MAE",688,0.0888215001628195
"d","concurrent","MAE",689,0.158072579649916
"d","concurrent","MAE",690,0.137685081511457
"d","concurrent","MAE",691,0.116755156161251
"d","concurrent","MAE",692,0.0869324502542019
"d","concurrent","MAE",693,0.0898760253813904
"d","concurrent","MAE",694,0.0936110605302812
"d","concurrent","MAE",695,0.18770438048447
"d","concurrent","MAE",696,0.116903086235688
"d","concurrent","MAE",697,0.197177480496312
"d","concurrent","MAE",698,0.128838288904138
"d","concurrent","MAE",699,0.126093329554191
"d","concurrent","MAE",700,0.0982305543921259
"d","concurrent","MAE",701,0.16056392612529
"d","concurrent","MAE",702,0.158693792635246
"d","concurrent","MAE",703,0.0971270881571825
"d","concurrent","MAE",704,0.195789719182503
"d","concurrent","MAE",705,0.15159234316888
"d","concurrent","MAE",706,0.102668451777504
"d","concurrent","MAE",707,0.0938580806095812
"d","concurrent","MAE",708,0.116457092601412
"d","concurrent","MAE",709,0.0963552808775474
"d","concurrent","MAE",710,0.161964176719102
"d","concurrent","MAE",711,0.147841628619996
"d","concurrent","MAE",712,0.115513409881808
"d","concurrent","MAE",713,0.184792175963988
"d","concurrent","MAE",714,0.128174070103343
"d","concurrent","MAE",715,0.111576217175332
"d","concurrent","MAE",716,0.0900047412023038
"d","concurrent","MAE",717,0.0947070173090375
"d","concurrent","MAE",718,0.105561440509609
"d","concurrent","MAE",719,0.137899495833638
"d","concurrent","MAE",720,0.106813077535466
"d","concurrent","MAE",721,0.119213241995103
"d","concurrent","MAE",722,0.117980315986085
"d","concurrent","MAE",723,0.128373913495727
"d","concurrent","MAE",724,0.09414583662226
"d","concurrent","MAE",725,0.187142029657662
"d","concurrent","MAE",726,0.120322774043733
"d","concurrent","MAE",727,0.109345590589967
"d","concurrent","MAE",728,0.11144280653623
"d","concurrent","MAE",729,0.185705892134822
"d","concurrent","MAE",730,0.0898185503066938
"d","concurrent","MAE",731,0.134276483936566
"d","concurrent","MAE",732,0.107908040965
"d","concurrent","MAE",733,0.113629561813007
"d","concurrent","MAE",734,0.109496348121271
"d","concurrent","MAE",735,0.124325885572755
"d","concurrent","MAE",736,0.117557761852561
"d","concurrent","MAE",737,0.153402268982937
"d","concurrent","MAE",738,0.114228110467404
"d","concurrent","MAE",739,0.105309138771256
"d","concurrent","MAE",740,0.129370902258416
"d","concurrent","MAE",741,0.108343008589578
"d","concurrent","MAE",742,0.102544450114039
"d","concurrent","MAE",743,0.088678336798875
"d","concurrent","MAE",744,0.116023108043655
"d","concurrent","MAE",745,0.193493126046491
"d","concurrent","MAE",746,0.131640047987039
"d","concurrent","MAE",747,0.127436389977168
"d","concurrent","MAE",748,0.0976924339195629
"d","concurrent","MAE",749,0.184458381036132
"d","concurrent","MAE",750,0.1127609460183
"d","concurrent","MAE",751,0.11162773340629
"d","concurrent","MAE",752,0.15924132478424
"d","concurrent","MAE",753,0.151281860319163
"d","concurrent","MAE",754,0.192241061930119
"d","concurrent","MAE",755,0.0926807894916282
"d","concurrent","MAE",756,0.112136355937521
"d","concurrent","MAE",757,0.111047732049973
"d","concurrent","MAE",758,0.141668597203805
"d","concurrent","MAE",759,0.0935826549210582
"d","concurrent","MAE",760,0.177210739066868
"d","concurrent","MAE",761,0.0959553798584323
"d","concurrent","MAE",762,0.110046290923537
"d","concurrent","MAE",763,0.128261532927359
"d","concurrent","MAE",764,0.139912687262477
"d","concurrent","MAE",765,0.0923138838382293
"d","concurrent","MAE",766,0.130169835877884
"d","concurrent","MAE",767,0.0902895189009941
"d","concurrent","MAE",768,0.157211319178677
"d","concurrent","MAE",769,0.1234981726415
"d","concurrent","MAE",770,0.138116333244423
"d","concurrent","MAE",771,0.108452581754933
"d","concurrent","MAE",772,0.131251569279592
"d","concurrent","MAE",773,0.152534659422672
"d","concurrent","MAE",774,0.133781583545083
"d","concurrent","MAE",775,0.085966269886119
"d","concurrent","MAE",776,0.0954066148292582
"d","concurrent","MAE",777,0.153662562222241
"d","concurrent","MAE",778,0.118860108578701
"d","concurrent","MAE",779,0.127124567441363
"d","concurrent","MAE",780,0.095318093291091
"d","concurrent","MAE",781,0.150880510754949
"d","concurrent","MAE",782,0.146291171497098
"d","concurrent","MAE",783,0.14489857907901
"d","concurrent","MAE",784,0.0976622401555168
"d","concurrent","MAE",785,0.119084460064437
"d","concurrent","MAE",786,0.119843551543622
"d","concurrent","MAE",787,0.0921351938733915
"d","concurrent","MAE",788,0.128695528603132
"d","concurrent","MAE",789,0.130889881598749
"d","concurrent","MAE",790,0.118596302723365
"d","concurrent","MAE",791,0.128296776652995
"d","concurrent","MAE",792,0.11738932988877
"d","concurrent","MAE",793,0.089670239627476
"d","concurrent","MAE",794,0.181608469028732
"d","concurrent","MAE",795,0.147405638855337
"d","concurrent","MAE",796,0.117554836640585
"d","concurrent","MAE",797,0.130991449112121
"d","concurrent","MAE",798,0.120167364717489
"d","concurrent","MAE",799,0.128879194264685
"d","concurrent","MAE",800,0.163477459644584
"d","concurrent","MAE",801,0.0910265740287525
"d","concurrent","MAE",802,0.0916109034091487
"d","concurrent","MAE",803,0.0903230163224687
"d","concurrent","MAE",804,0.155593821776715
"d","concurrent","MAE",805,0.178117864387612
"d","concurrent","MAE",806,0.088929838992103
"d","concurrent","MAE",807,0.119132376016585
"d","concurrent","MAE",808,0.120372598596383
"d","concurrent","MAE",809,0.152903290886919
"d","concurrent","MAE",810,0.14534320838029
"d","concurrent","MAE",811,0.103744078314936
"d","concurrent","MAE",812,0.0847116738490924
"d","concurrent","MAE",813,0.113818816681579
"d","concurrent","MAE",814,0.0969196560004639
"d","concurrent","MAE",815,0.113676526837147
"d","concurrent","MAE",816,0.0953304041503959
"d","concurrent","MAE",817,0.116545478398692
"d","concurrent","MAE",818,0.113998612292151
"d","concurrent","MAE",819,0.129156607987224
"d","concurrent","MAE",820,0.0988750115921773
"d","concurrent","MAE",821,0.150354018285971
"d","concurrent","MAE",822,0.0929682255582059
"d","concurrent","MAE",823,0.142076765638107
"d","concurrent","MAE",824,0.084625483947347
"d","concurrent","MAE",825,0.113281812101462
"d","concurrent","MAE",826,0.117611817799323
"d","concurrent","MAE",827,0.115973311818697
"d","concurrent","MAE",828,0.118094649687548
"d","concurrent","MAE",829,0.107941746652848
"d","concurrent","MAE",830,0.0974766210622767
"d","concurrent","MAE",831,0.0981658090237484
"d","concurrent","MAE",832,0.187871447857131
"d","concurrent","MAE",833,0.120125719815759
"d","concurrent","MAE",834,0.147231469752865
"d","concurrent","MAE",835,0.152773814385896
"d","concurrent","MAE",836,0.132909657120337
"d","concurrent","MAE",837,0.146849058390281
"d","concurrent","MAE",838,0.121783623812554
"d","concurrent","MAE",839,0.0901648336461703
"d","concurrent","MAE",840,0.129068740756164
"d","concurrent","MAE",841,0.121022123610697
"d","concurrent","MAE",842,0.0997498514763113
"d","concurrent","MAE",843,0.176585086396599
"d","concurrent","MAE",844,0.115452679799254
"d","concurrent","MAE",845,0.12131629466693
"d","concurrent","MAE",846,0.128912013636865
"d","concurrent","MAE",847,0.182421713700338
"d","concurrent","MAE",848,0.15062285908882
"d","concurrent","MAE",849,0.117876686800647
"d","concurrent","MAE",850,0.127208818018016
"d","concurrent","MAE",851,0.160351384861649
"d","concurrent","MAE",852,0.144843126910148
"d","concurrent","MAE",853,0.0882425155411251
"d","concurrent","MAE",854,0.093252210470502
"d","concurrent","MAE",855,0.147559700550748
"d","concurrent","MAE",856,0.118900581111248
"d","concurrent","MAE",857,0.109306521603787
"d","concurrent","MAE",858,0.128690343811184
"d","concurrent","MAE",859,0.0981620040029754
"d","concurrent","MAE",860,0.145144075557178
"d","concurrent","MAE",861,0.101817749991922
"d","concurrent","MAE",862,0.138625978388717
"d","concurrent","MAE",863,0.0910503882713928
"d","concurrent","MAE",864,0.126753161969005
"d","concurrent","MAE",865,0.0894561160527355
"d","concurrent","MAE",866,0.171406828687579
"d","concurrent","MAE",867,0.111035479204094
"d","concurrent","MAE",868,0.180663479840024
"d","concurrent","MAE",869,0.114547633033322
"d","concurrent","MAE",870,0.0958942827558403
"d","concurrent","MAE",871,0.139257519858617
"d","concurrent","MAE",872,0.0926807738778961
"d","concurrent","MAE",873,0.113560920789173
"d","concurrent","MAE",874,0.120207345963044
"d","concurrent","MAE",875,0.0990070180121648
"d","concurrent","MAE",876,0.118623032975034
"d","concurrent","MAE",877,0.134271171273959
"d","concurrent","MAE",878,0.0958778537742806
"d","concurrent","MAE",879,0.140726827953726
"d","concurrent","MAE",880,0.14361701751206
"d","concurrent","MAE",881,0.0952429788093607
"d","concurrent","MAE",882,0.145403790452601
"d","concurrent","MAE",883,0.186462974606583
"d","concurrent","MAE",884,0.18830226050382
"d","concurrent","MAE",885,0.159465359784412
"d","concurrent","MAE",886,0.119030824925695
"d","concurrent","MAE",887,0.0865493648325607
"d","concurrent","MAE",888,0.120990860076822
"d","concurrent","MAE",889,0.119736836549326
"d","concurrent","MAE",890,0.131528732453416
"d","concurrent","MAE",891,0.120880122677861
"d","concurrent","MAE",892,0.11564984075177
"d","concurrent","MAE",893,0.106009549285896
"d","concurrent","MAE",894,0.128293461079966
"d","concurrent","MAE",895,0.124090867651973
"d","concurrent","MAE",896,0.101641063572243
"d","concurrent","MAE",897,0.0925920743482607
"d","concurrent","MAE",898,0.0973763582382539
"d","concurrent","MAE",899,0.14503886761892
"d","concurrent","MAE",900,0.095778917717585
"d","concurrent","MAE",901,0.135002092980186
"d","concurrent","MAE",902,0.15708932041088
"d","concurrent","MAE",903,0.131636083485815
"d","concurrent","MAE",904,0.0905899043970879
"d","concurrent","MAE",905,0.123039414308896
"d","concurrent","MAE",906,0.0917540383613771
"d","concurrent","MAE",907,0.110298232891723
"d","concurrent","MAE",908,0.0856563739615445
"d","concurrent","MAE",909,0.0925898535945271
"d","concurrent","MAE",910,0.0936835274075669
"d","concurrent","MAE",911,0.153372035230899
"d","concurrent","MAE",912,0.11381689438347
"d","concurrent","MAE",913,0.0858072165540724
"d","concurrent","MAE",914,0.12135087293326
"d","concurrent","MAE",915,0.0892778956970005
"d","concurrent","MAE",916,0.119407602912363
"d","concurrent","MAE",917,0.122950613242962
"d","concurrent","MAE",918,0.121701788676987
"d","concurrent","MAE",919,0.0912905837356908
"d","concurrent","MAE",920,0.112862861056965
"d","concurrent","MAE",921,0.158373744968754
"d","concurrent","MAE",922,0.145384449360831
"d","concurrent","MAE",923,0.124203656512425
"d","concurrent","MAE",924,0.108171737854772
"d","concurrent","MAE",925,0.159447734674832
"d","concurrent","MAE",926,0.130513375057021
"d","concurrent","MAE",927,0.178835154243406
"d","concurrent","MAE",928,0.0868962516830305
"d","concurrent","MAE",929,0.10979037310902
"d","concurrent","MAE",930,0.0961364271926576
"d","concurrent","MAE",931,0.158310565444252
"d","concurrent","MAE",932,0.11770979482278
"d","concurrent","MAE",933,0.120891996352445
"d","concurrent","MAE",934,0.135338081243426
"d","concurrent","MAE",935,0.113972407201727
"d","concurrent","MAE",936,0.0935391037802514
"d","concurrent","MAE",937,0.0839646373237753
"d","concurrent","MAE",938,0.11820072423523
"d","concurrent","MAE",939,0.194423138129163
"d","concurrent","MAE",940,0.0912949457022421
"d","concurrent","MAE",941,0.103364042600464
"d","concurrent","MAE",942,0.147008174645715
"d","concurrent","MAE",943,0.124272351759264
"d","concurrent","MAE",944,0.133912442905236
"d","concurrent","MAE",945,0.13219206394956
"d","concurrent","MAE",946,0.107035289326406
"d","concurrent","MAE",947,0.119455143557378
"d","concurrent","MAE",948,0.121820927890693
"d","concurrent","MAE",949,0.093312531844018
"d","concurrent","MAE",950,0.131159867242689
"d","concurrent","MAE",951,0.116157847916147
"d","concurrent","MAE",952,0.153260438496246
"d","concurrent","MAE",953,0.138334882744515
"d","concurrent","MAE",954,0.117851881697498
"d","concurrent","MAE",955,0.164988557972889
"d","concurrent","MAE",956,0.093671029669997
"d","concurrent","MAE",957,0.125452037315914
"d","concurrent","MAE",958,0.0956658150715611
"d","concurrent","MAE",959,0.171068871940188
"d","concurrent","MAE",960,0.122140123289959
"d","concurrent","MAE",961,0.08599159327332
"d","concurrent","MAE",962,0.154714781247846
"d","concurrent","MAE",963,0.119601986829572
"d","concurrent","MAE",964,0.181529112931657
"d","concurrent","MAE",965,0.130952189834563
"d","concurrent","MAE",966,0.101860528998771
"d","concurrent","MAE",967,0.125344782500762
"d","concurrent","MAE",968,0.0958767974476359
"d","concurrent","MAE",969,0.123958251363474
"d","concurrent","MAE",970,0.0970599948833953
"d","concurrent","MAE",971,0.121753962209573
"d","concurrent","MAE",972,0.106553584903032
"d","concurrent","MAE",973,0.0911697100737165
"d","concurrent","MAE",974,0.117688715689264
"d","concurrent","MAE",975,0.125127249911223
"d","concurrent","MAE",976,0.110566727555011
"d","concurrent","MAE",977,0.12031423705248
"d","concurrent","MAE",978,0.0888251996925361
"d","concurrent","MAE",979,0.108197421046239
"d","concurrent","MAE",980,0.153194265963749
"d","concurrent","MAE",981,0.201465423276479
"d","concurrent","MAE",982,0.147312078588018
"d","concurrent","MAE",983,0.148339931619098
"d","concurrent","MAE",984,0.0861308798846518
"d","concurrent","MAE",985,0.148002879195194
"d","concurrent","MAE",986,0.112887768913205
"d","concurrent","MAE",987,0.120297616425896
"d","concurrent","MAE",988,0.140404413816443
"d","concurrent","MAE",989,0.103783223114067
"d","concurrent","MAE",990,0.11842560002786
"d","concurrent","MAE",991,0.127353359641348
"d","concurrent","MAE",992,0.145716142155298
"d","concurrent","MAE",993,0.115291145676553
"d","concurrent","MAE",994,0.128128732422842
"d","concurrent","MAE",995,0.0969898266218294
"d","concurrent","MAE",996,0.111564297161655
"d","concurrent","MAE",997,0.0883422984128558
"d","concurrent","MAE",998,0.118075107114707
"d","concurrent","MAE",999,0.138677351068452
"d","concurrent","MAE",1000,0.0990993435757966
