"outcome","metric","combination_id","cohort_mean"
"concurrent","AUROC",1,0.739713737339674
"concurrent","AUROC",2,0.924905130241416
"concurrent","AUROC",3,0.849818790838628
"concurrent","AUROC",4,0.925249424727103
"concurrent","AUROC",5,0.892804388061992
"concurrent","AUROC",6,0.884360620195549
"concurrent","AUROC",7,0.923115004686425
"concurrent","AUROC",8,0.817496372453423
"concurrent","AUROC",9,0.894588301941401
"concurrent","AUROC",10,0.890166301686067
"concurrent","AUROC",11,0.88174291536464
"concurrent","AUROC",12,0.905336498086885
"concurrent","AUROC",13,0.885223876414854
"concurrent","AUROC",14,0.933964580019365
"concurrent","AUROC",15,0.897641952445383
"concurrent","AUROC",16,0.883910381230007
"concurrent","AUROC",17,0.896545361280133
"concurrent","AUROC",18,0.91960175523142
"concurrent","AUROC",19,0.87327277637751
"concurrent","AUROC",20,0.828006581436564
"concurrent","AUROC",21,0.919303867879104
"concurrent","AUROC",22,0.869158006531947
"concurrent","AUROC",23,0.889887229756267
"concurrent","AUROC",24,0.87512334873691
"concurrent","AUROC",25,0.914901907463878
"concurrent","AUROC",26,0.893819396400136
"concurrent","AUROC",27,0.926346643011082
"concurrent","AUROC",28,0.85937552281896
"concurrent","AUROC",29,0.902886747706799
"concurrent","AUROC",30,0.911712283995783
"concurrent","AUROC",31,0.918095127060936
"concurrent","AUROC",32,0.917135611918519
"concurrent","AUROC",33,0.908162122113767
"concurrent","AUROC",34,0.911607828753141
"concurrent","AUROC",35,0.918133947042881
"concurrent","AUROC",36,0.896625293202883
"concurrent","AUROC",37,0.851738416263877
"concurrent","AUROC",38,0.900875417913734
"concurrent","AUROC",39,0.857618412475671
"concurrent","AUROC",40,0.869109616186946
"concurrent","AUROC",41,0.836560040347048
"concurrent","AUROC",42,0.865519517551634
"concurrent","AUROC",43,0.758139167796823
"concurrent","AUROC",44,0.887852446978387
"concurrent","AUROC",45,0.910632588915619
"concurrent","AUROC",46,0.83259586558393
"concurrent","AUROC",47,0.8910428395993
"concurrent","AUROC",48,0.902725541706705
"concurrent","AUROC",49,0.892712430440106
"concurrent","AUROC",50,0.927226144001135
"concurrent","AUROC",51,0.76008114371779
"concurrent","AUROC",52,0.880597599791348
"concurrent","AUROC",53,0.896390517034023
"concurrent","AUROC",54,0.891327791854672
"concurrent","AUROC",55,0.797698326333051
"concurrent","AUROC",56,0.918751311255922
"concurrent","AUROC",57,0.91917587162082
"concurrent","AUROC",58,0.842454228166262
"concurrent","AUROC",59,0.865349004604419
"concurrent","AUROC",60,0.904893314352558
"concurrent","AUROC",61,0.894200665422599
"concurrent","AUROC",62,0.854017117788531
"concurrent","AUROC",63,0.91963431527175
"concurrent","AUROC",64,0.908946997865726
"concurrent","AUROC",65,0.893520666237391
"concurrent","AUROC",66,0.88551075774326
"concurrent","AUROC",67,0.849848506864371
"concurrent","AUROC",68,0.889782419056267
"concurrent","AUROC",69,0.848461593062689
"concurrent","AUROC",70,0.887627881912349
"concurrent","AUROC",71,0.863847752821583
"concurrent","AUROC",72,0.896588492354957
"concurrent","AUROC",73,0.923132137138752
"concurrent","AUROC",74,0.901078728944801
"concurrent","AUROC",75,0.925762746333464
"concurrent","AUROC",76,0.889882209754477
"concurrent","AUROC",77,0.859885604165881
"concurrent","AUROC",78,0.881903941702683
"concurrent","AUROC",79,0.886235485317883
"concurrent","AUROC",80,0.906670832666786
"concurrent","AUROC",81,0.907183839621942
"concurrent","AUROC",82,0.868386193322628
"concurrent","AUROC",83,0.900542384368893
"concurrent","AUROC",84,0.867690901941672
"concurrent","AUROC",85,0.920501201123151
"concurrent","AUROC",86,0.868929772365534
"concurrent","AUROC",87,0.886147586005145
"concurrent","AUROC",88,0.858979740592441
"concurrent","AUROC",89,0.896529218294724
"concurrent","AUROC",90,0.894948140862366
"concurrent","AUROC",91,0.907928423486023
"concurrent","AUROC",92,0.886506602812267
"concurrent","AUROC",93,0.765973905818054
"concurrent","AUROC",94,0.856873105115191
"concurrent","AUROC",95,0.896409392771252
"concurrent","AUROC",96,0.891817879747482
"concurrent","AUROC",97,0.913860412617177
"concurrent","AUROC",98,0.880291410638386
"concurrent","AUROC",99,0.887491785601376
"concurrent","AUROC",100,0.906192830898955
"concurrent","AUROC",101,0.887931906591616
"concurrent","AUROC",102,0.854280670574003
"concurrent","AUROC",103,0.864793841670753
"concurrent","AUROC",104,0.76782576397344
"concurrent","AUROC",105,0.918159909049004
"concurrent","AUROC",106,0.851083530974026
"concurrent","AUROC",107,0.894880315612831
"concurrent","AUROC",108,0.88159026891214
"concurrent","AUROC",109,0.913543610014182
"concurrent","AUROC",110,0.893237326664598
"concurrent","AUROC",111,0.889921140221649
"concurrent","AUROC",112,0.857564238370323
"concurrent","AUROC",113,0.92481333018013
"concurrent","AUROC",114,0.852587126178569
"concurrent","AUROC",115,0.868222983329603
"concurrent","AUROC",116,0.894379295121679
"concurrent","AUROC",117,0.884161038694551
"concurrent","AUROC",118,0.930016057844642
"concurrent","AUROC",119,0.877474149482751
"concurrent","AUROC",120,0.874542069314081
"concurrent","AUROC",121,0.915529349444386
"concurrent","AUROC",122,0.871370056039877
"concurrent","AUROC",123,0.895180427814849
"concurrent","AUROC",124,0.925280716422307
"concurrent","AUROC",125,0.863567455948208
"concurrent","AUROC",126,0.923282726646595
"concurrent","AUROC",127,0.898542185454571
"concurrent","AUROC",128,0.881798347631278
"concurrent","AUROC",129,0.851468453048045
"concurrent","AUROC",130,0.919399107608997
"concurrent","AUROC",131,0.91902100596356
"concurrent","AUROC",132,0.864730560863318
"concurrent","AUROC",133,0.898184690355326
"concurrent","AUROC",134,0.894289777881296
"concurrent","AUROC",135,0.89361555662538
"concurrent","AUROC",136,0.882506553046291
"concurrent","AUROC",137,0.893994726205452
"concurrent","AUROC",138,0.861662715885504
"concurrent","AUROC",139,0.85239026223957
"concurrent","AUROC",140,0.90526114585672
"concurrent","AUROC",141,0.892998298433688
"concurrent","AUROC",142,0.898723574934806
"concurrent","AUROC",143,0.852449346751929
"concurrent","AUROC",144,0.917196741880017
"concurrent","AUROC",145,0.908827942576973
"concurrent","AUROC",146,0.84541015229043
"concurrent","AUROC",147,0.870153338351421
"concurrent","AUROC",148,0.91927553208842
"concurrent","AUROC",149,0.762138244290441
"concurrent","AUROC",150,0.880325569134518
"concurrent","AUROC",151,0.910145763269518
"concurrent","AUROC",152,0.886834701429071
"concurrent","AUROC",153,0.806862135856081
"concurrent","AUROC",154,0.888472439004757
"concurrent","AUROC",155,0.930458690300842
"concurrent","AUROC",156,0.851949613679973
"concurrent","AUROC",157,0.925279529236383
"concurrent","AUROC",158,0.894181290406391
"concurrent","AUROC",159,0.909163571560638
"concurrent","AUROC",160,0.919663491062451
"concurrent","AUROC",161,0.866657550763459
"concurrent","AUROC",162,0.897058549191036
"concurrent","AUROC",163,0.899909894015019
"concurrent","AUROC",164,0.893572402639279
"concurrent","AUROC",165,0.915081933913585
"concurrent","AUROC",166,0.773756983791244
"concurrent","AUROC",167,0.853494602923678
"concurrent","AUROC",168,0.923508110344118
"concurrent","AUROC",169,0.890119609681535
"concurrent","AUROC",170,0.758517316800295
"concurrent","AUROC",171,0.9058882730249
"concurrent","AUROC",172,0.874614875951716
"concurrent","AUROC",173,0.868018441549405
"concurrent","AUROC",174,0.904224537315817
"concurrent","AUROC",175,0.892599082943566
"concurrent","AUROC",176,0.92218953426866
"concurrent","AUROC",177,0.904146376418203
"concurrent","AUROC",178,0.782085640126663
"concurrent","AUROC",179,0.751451741224204
"concurrent","AUROC",180,0.85462704180124
"concurrent","AUROC",181,0.869359799899546
"concurrent","AUROC",182,0.917182086711522
"concurrent","AUROC",183,0.849630249841198
"concurrent","AUROC",184,0.841730369219939
"concurrent","AUROC",185,0.897604533554338
"concurrent","AUROC",186,0.936597593226025
"concurrent","AUROC",187,0.867888246788993
"concurrent","AUROC",188,0.833649406161387
"concurrent","AUROC",189,0.920471695763952
"concurrent","AUROC",190,0.89921225846459
"concurrent","AUROC",191,0.845525528369795
"concurrent","AUROC",192,0.899309562737334
"concurrent","AUROC",193,0.897407329103231
"concurrent","AUROC",194,0.892462061821164
"concurrent","AUROC",195,0.894008140068225
"concurrent","AUROC",196,0.876313567235944
"concurrent","AUROC",197,0.829100443744804
"concurrent","AUROC",198,0.902509339910349
"concurrent","AUROC",199,0.858127431735841
"concurrent","AUROC",200,0.895532201851146
"concurrent","AUROC",201,0.851201971533605
"concurrent","AUROC",202,0.892744886089614
"concurrent","AUROC",203,0.903007109364856
"concurrent","AUROC",204,0.919523574578754
"concurrent","AUROC",205,0.897223184136645
"concurrent","AUROC",206,0.895946590082337
"concurrent","AUROC",207,0.831545578260232
"concurrent","AUROC",208,0.846057003164438
"concurrent","AUROC",209,0.836312551290454
"concurrent","AUROC",210,0.912378428798936
"concurrent","AUROC",211,0.910737867933843
"concurrent","AUROC",212,0.83582456145582
"concurrent","AUROC",213,0.88086410056778
"concurrent","AUROC",214,0.883162381740508
"concurrent","AUROC",215,0.928200632596616
"concurrent","AUROC",216,0.927452723447327
"concurrent","AUROC",217,0.861593973192491
"concurrent","AUROC",218,0.877797030919937
"concurrent","AUROC",219,0.848207108077928
"concurrent","AUROC",220,0.882570782774727
"concurrent","AUROC",221,0.917220767634588
"concurrent","AUROC",222,0.85973254123244
"concurrent","AUROC",223,0.919667157303261
"concurrent","AUROC",224,0.899441353309455
"concurrent","AUROC",225,0.907055615123261
"concurrent","AUROC",226,0.84331684212145
"concurrent","AUROC",227,0.876892773722793
"concurrent","AUROC",228,0.849511881658468
"concurrent","AUROC",229,0.90055833054244
"concurrent","AUROC",230,0.914998069370746
"concurrent","AUROC",231,0.844412372952469
"concurrent","AUROC",232,0.874075293404322
"concurrent","AUROC",233,0.914616451954163
"concurrent","AUROC",234,0.893008979383238
"concurrent","AUROC",235,0.883623405720985
"concurrent","AUROC",236,0.893688005784384
"concurrent","AUROC",237,0.841191087404763
"concurrent","AUROC",238,0.888684954557504
"concurrent","AUROC",239,0.915116221348719
"concurrent","AUROC",240,0.772641705864951
"concurrent","AUROC",241,0.892422515296623
"concurrent","AUROC",242,0.914903247878332
"concurrent","AUROC",243,0.901224778419508
"concurrent","AUROC",244,0.8722346607116
"concurrent","AUROC",245,0.860994769662755
"concurrent","AUROC",246,0.829826440611269
"concurrent","AUROC",247,0.911506985296333
"concurrent","AUROC",248,0.915089532456313
"concurrent","AUROC",249,0.86153080362718
"concurrent","AUROC",250,0.897009611991762
"concurrent","AUROC",251,0.878764448258913
"concurrent","AUROC",252,0.902746330603914
"concurrent","AUROC",253,0.862461602120319
"concurrent","AUROC",254,0.92080397578072
"concurrent","AUROC",255,0.917615069741747
"concurrent","AUROC",256,0.903436585579489
"concurrent","AUROC",257,0.917731894192889
"concurrent","AUROC",258,0.879184363391958
"concurrent","AUROC",259,0.885210974097704
"concurrent","AUROC",260,0.862736114440032
"concurrent","AUROC",261,0.773824537133113
"concurrent","AUROC",262,0.885922273144467
"concurrent","AUROC",263,0.899327274116525
"concurrent","AUROC",264,0.859682614448575
"concurrent","AUROC",265,0.900417989175099
"concurrent","AUROC",266,0.889279098276167
"concurrent","AUROC",267,0.93122728152966
"concurrent","AUROC",268,0.909101404669782
"concurrent","AUROC",269,0.768029180923496
"concurrent","AUROC",270,0.8799518666726
"concurrent","AUROC",271,0.854162556531148
"concurrent","AUROC",272,0.918078745056851
"concurrent","AUROC",273,0.913480320221691
"concurrent","AUROC",274,0.899148773372835
"concurrent","AUROC",275,0.920781151720554
"concurrent","AUROC",276,0.837127216886693
"concurrent","AUROC",277,0.859060325005166
"concurrent","AUROC",278,0.868108443784079
"concurrent","AUROC",279,0.922167350868564
"concurrent","AUROC",280,0.843170299754296
"concurrent","AUROC",281,0.897560539217309
"concurrent","AUROC",282,0.920054373930179
"concurrent","AUROC",283,0.896678017334376
"concurrent","AUROC",284,0.782351820644571
"concurrent","AUROC",285,0.870514623091606
"concurrent","AUROC",286,0.925803260521353
"concurrent","AUROC",287,0.867824168782781
"concurrent","AUROC",288,0.869154541262028
"concurrent","AUROC",289,0.887275280449211
"concurrent","AUROC",290,0.922958711646724
"concurrent","AUROC",291,0.909619764218987
"concurrent","AUROC",292,0.883754684829808
"concurrent","AUROC",293,0.88949441225782
"concurrent","AUROC",294,0.908464230141891
"concurrent","AUROC",295,0.899095805485515
"concurrent","AUROC",296,0.905100766288445
"concurrent","AUROC",297,0.847425248418793
"concurrent","AUROC",298,0.808410687962569
"concurrent","AUROC",299,0.902318380239956
"concurrent","AUROC",300,0.914433513051813
"concurrent","AUROC",301,0.903209061536926
"concurrent","AUROC",302,0.89305972729704
"concurrent","AUROC",303,0.916969631448237
"concurrent","AUROC",304,0.911246472398571
"concurrent","AUROC",305,0.859779531619802
"concurrent","AUROC",306,0.864505390762213
"concurrent","AUROC",307,0.906641173824542
"concurrent","AUROC",308,0.897269755039083
"concurrent","AUROC",309,0.861870099974433
"concurrent","AUROC",310,0.829474625988845
"concurrent","AUROC",311,0.917319355565794
"concurrent","AUROC",312,0.922160813292107
"concurrent","AUROC",313,0.923145378998843
"concurrent","AUROC",314,0.900203380070563
"concurrent","AUROC",315,0.92931609712795
"concurrent","AUROC",316,0.895521514271007
"concurrent","AUROC",317,0.867130125529686
"concurrent","AUROC",318,0.884780085029955
"concurrent","AUROC",319,0.90609980213782
"concurrent","AUROC",320,0.894453083748558
"concurrent","AUROC",321,0.901149360211512
"concurrent","AUROC",322,0.836746219195065
"concurrent","AUROC",323,0.902171144969661
"concurrent","AUROC",324,0.924200292688633
"concurrent","AUROC",325,0.886720990140905
"concurrent","AUROC",326,0.899633376814953
"concurrent","AUROC",327,0.866472248581084
"concurrent","AUROC",328,0.853241220791394
"concurrent","AUROC",329,0.908424526858147
"concurrent","AUROC",330,0.905734752079527
"concurrent","AUROC",331,0.904459060975634
"concurrent","AUROC",332,0.869017983436261
"concurrent","AUROC",333,0.915816969561275
"concurrent","AUROC",334,0.881812238516531
"concurrent","AUROC",335,0.866929309377707
"concurrent","AUROC",336,0.83314925528868
"concurrent","AUROC",337,0.844297535018729
"concurrent","AUROC",338,0.863730349422509
"concurrent","AUROC",339,0.909879925382585
"concurrent","AUROC",340,0.890140268265402
"concurrent","AUROC",341,0.889238000683205
"concurrent","AUROC",342,0.829920176631596
"concurrent","AUROC",343,0.91589758741132
"concurrent","AUROC",344,0.869314966795923
"concurrent","AUROC",345,0.893851552093851
"concurrent","AUROC",346,0.859315337150428
"concurrent","AUROC",347,0.931518889758163
"concurrent","AUROC",348,0.757335193131451
"concurrent","AUROC",349,0.747494567729978
"concurrent","AUROC",350,0.887024408498023
"concurrent","AUROC",351,0.862083649506993
"concurrent","AUROC",352,0.889770836180763
"concurrent","AUROC",353,0.891528483542586
"concurrent","AUROC",354,0.903048893911949
"concurrent","AUROC",355,0.887216418312398
"concurrent","AUROC",356,0.933107376191593
"concurrent","AUROC",357,0.874397755848252
"concurrent","AUROC",358,0.863804970976318
"concurrent","AUROC",359,0.861268477719487
"concurrent","AUROC",360,0.92166701261988
"concurrent","AUROC",361,0.862995646344697
"concurrent","AUROC",362,0.910384434867853
"concurrent","AUROC",363,0.757716117134345
"concurrent","AUROC",364,0.893365664010615
"concurrent","AUROC",365,0.774972082375094
"concurrent","AUROC",366,0.900545487986667
"concurrent","AUROC",367,0.854842071812758
"concurrent","AUROC",368,0.845026871147782
"concurrent","AUROC",369,0.926777266325312
"concurrent","AUROC",370,0.867307977174271
"concurrent","AUROC",371,0.89832677897293
"concurrent","AUROC",372,0.900376614459211
"concurrent","AUROC",373,0.914613187805145
"concurrent","AUROC",374,0.872627807701443
"concurrent","AUROC",375,0.91872539250956
"concurrent","AUROC",376,0.894635904582153
"concurrent","AUROC",377,0.891989394980662
"concurrent","AUROC",378,0.910396131834355
"concurrent","AUROC",379,0.904097203163034
"concurrent","AUROC",380,0.926802636754787
"concurrent","AUROC",381,0.844532293135215
"concurrent","AUROC",382,0.929819943189293
"concurrent","AUROC",383,0.723563378570764
"concurrent","AUROC",384,0.933112676635892
"concurrent","AUROC",385,0.895160604996984
"concurrent","AUROC",386,0.840471148218568
"concurrent","AUROC",387,0.934029615273463
"concurrent","AUROC",388,0.874177009868101
"concurrent","AUROC",389,0.882591104201594
"concurrent","AUROC",390,0.885641459818968
"concurrent","AUROC",391,0.891452639911494
"concurrent","AUROC",392,0.907954206929225
"concurrent","AUROC",393,0.903217924578794
"concurrent","AUROC",394,0.923302673167327
"concurrent","AUROC",395,0.879421908269657
"concurrent","AUROC",396,0.905633798685115
"concurrent","AUROC",397,0.826895437673613
"concurrent","AUROC",398,0.890087308718151
"concurrent","AUROC",399,0.886333716274879
"concurrent","AUROC",400,0.913437882101969
"concurrent","AUROC",401,0.907774336539167
"concurrent","AUROC",402,0.920008562901479
"concurrent","AUROC",403,0.926553719277744
"concurrent","AUROC",404,0.88642580418897
"concurrent","AUROC",405,0.892960122704611
"concurrent","AUROC",406,0.921764253860447
"concurrent","AUROC",407,0.868658458951363
"concurrent","AUROC",408,0.912531481087177
"concurrent","AUROC",409,0.917472050045667
"concurrent","AUROC",410,0.888201419196688
"concurrent","AUROC",411,0.902131232663475
"concurrent","AUROC",412,0.905197565158699
"concurrent","AUROC",413,0.885579422611727
"concurrent","AUROC",414,0.91008178759301
"concurrent","AUROC",415,0.89232228241459
"concurrent","AUROC",416,0.925040589420808
"concurrent","AUROC",417,0.865567196507374
"concurrent","AUROC",418,0.916047497166808
"concurrent","AUROC",419,0.913567498531861
"concurrent","AUROC",420,0.901513878597757
"concurrent","AUROC",421,0.875794295117074
"concurrent","AUROC",422,0.916244900058658
"concurrent","AUROC",423,0.88566347418527
"concurrent","AUROC",424,0.885807368260731
"concurrent","AUROC",425,0.856177780036845
"concurrent","AUROC",426,0.89820050908857
"concurrent","AUROC",427,0.894604412396384
"concurrent","AUROC",428,0.890141784221686
"concurrent","AUROC",429,0.901245863337278
"concurrent","AUROC",430,0.924473387674212
"concurrent","AUROC",431,0.900893013311922
"concurrent","AUROC",432,0.918442325688335
"concurrent","AUROC",433,0.890227404680088
"concurrent","AUROC",434,0.891601539527308
"concurrent","AUROC",435,0.908790295208158
"concurrent","AUROC",436,0.896230293364581
"concurrent","AUROC",437,0.892149002908436
"concurrent","AUROC",438,0.857005161792862
"concurrent","AUROC",439,0.773520993204343
"concurrent","AUROC",440,0.864103038471159
"concurrent","AUROC",441,0.887127504503346
"concurrent","AUROC",442,0.917477957493851
"concurrent","AUROC",443,0.896207945913007
"concurrent","AUROC",444,0.901013516205979
"concurrent","AUROC",445,0.895034724027744
"concurrent","AUROC",446,0.775012744088798
"concurrent","AUROC",447,0.899510262279364
"concurrent","AUROC",448,0.774387140276502
"concurrent","AUROC",449,0.897655229590898
"concurrent","AUROC",450,0.903211283008516
"concurrent","AUROC",451,0.903512137362254
"concurrent","AUROC",452,0.889667086153694
"concurrent","AUROC",453,0.895207077701951
"concurrent","AUROC",454,0.780946150659464
"concurrent","AUROC",455,0.913801286325441
"concurrent","AUROC",456,0.896723757471466
"concurrent","AUROC",457,0.899853396903845
"concurrent","AUROC",458,0.892579679580184
"concurrent","AUROC",459,0.926949010581878
"concurrent","AUROC",460,0.867428367483186
"concurrent","AUROC",461,0.908479498101906
"concurrent","AUROC",462,0.855088868324294
"concurrent","AUROC",463,0.855808657603823
"concurrent","AUROC",464,0.900122651709745
"concurrent","AUROC",465,0.911876679904707
"concurrent","AUROC",466,0.890543406087412
"concurrent","AUROC",467,0.903435494670272
"concurrent","AUROC",468,0.873173755814372
"concurrent","AUROC",469,0.90080566791359
"concurrent","AUROC",470,0.857840435015793
"concurrent","AUROC",471,0.904944775951889
"concurrent","AUROC",472,0.766906923792875
"concurrent","AUROC",473,0.912243805340857
"concurrent","AUROC",474,0.786448256709333
"concurrent","AUROC",475,0.869094438201398
"concurrent","AUROC",476,0.915394289358803
"concurrent","AUROC",477,0.899732953514222
"concurrent","AUROC",478,0.891997600310138
"concurrent","AUROC",479,0.891510057620499
"concurrent","AUROC",480,0.898339888889765
"concurrent","AUROC",481,0.914847997428653
"concurrent","AUROC",482,0.901914636821226
"concurrent","AUROC",483,0.847385882539298
"concurrent","AUROC",484,0.88260966082942
"concurrent","AUROC",485,0.853784059770634
"concurrent","AUROC",486,0.853187318373082
"concurrent","AUROC",487,0.890268021025291
"concurrent","AUROC",488,0.893111334483715
"concurrent","AUROC",489,0.898835805929695
"concurrent","AUROC",490,0.932615415555407
"concurrent","AUROC",491,0.836084582123415
"concurrent","AUROC",492,0.880798158435262
"concurrent","AUROC",493,0.833965466603629
"concurrent","AUROC",494,0.917939718034964
"concurrent","AUROC",495,0.8953593984107
"concurrent","AUROC",496,0.914641254130653
"concurrent","AUROC",497,0.838803371352803
"concurrent","AUROC",498,0.89383969342091
"concurrent","AUROC",499,0.893372844678807
"concurrent","AUROC",500,0.894076509913795
"concurrent","AUROC",501,0.904924214262515
"concurrent","AUROC",502,0.889464227629026
"concurrent","AUROC",503,0.856540964372266
"concurrent","AUROC",504,0.841256203397535
"concurrent","AUROC",505,0.852678791184782
"concurrent","AUROC",506,0.898880723810707
"concurrent","AUROC",507,0.752687573927638
"concurrent","AUROC",508,0.804489525047739
"concurrent","AUROC",509,0.84298798463465
"concurrent","AUROC",510,0.903271462794214
"concurrent","AUROC",511,0.828608209278172
"concurrent","AUROC",512,0.882017708806804
"concurrent","AUROC",513,0.82803732265072
"concurrent","AUROC",514,0.756889814209798
"concurrent","AUROC",515,0.868112436028101
"concurrent","AUROC",516,0.842544055284731
"concurrent","AUROC",517,0.750419281270961
"concurrent","AUROC",518,0.897834454557771
"concurrent","AUROC",519,0.857069800168585
"concurrent","AUROC",520,0.887569544494427
"concurrent","AUROC",521,0.908807289677557
"concurrent","AUROC",522,0.843590468334485
"concurrent","AUROC",523,0.891522400773906
"concurrent","AUROC",524,0.902622572016824
"concurrent","AUROC",525,0.911063743230439
"concurrent","AUROC",526,0.923416029646595
"concurrent","AUROC",527,0.890874012523264
"concurrent","AUROC",528,0.887505924076762
"concurrent","AUROC",529,0.886276911766237
"concurrent","AUROC",530,0.899986251602412
"concurrent","AUROC",531,0.770819959261278
"concurrent","AUROC",532,0.891844838016378
"concurrent","AUROC",533,0.899379477993723
"concurrent","AUROC",534,0.883676988595606
"concurrent","AUROC",535,0.857719652869359
"concurrent","AUROC",536,0.872496115852833
"concurrent","AUROC",537,0.91652761917308
"concurrent","AUROC",538,0.859619377888436
"concurrent","AUROC",539,0.899775476590598
"concurrent","AUROC",540,0.859809079428459
"concurrent","AUROC",541,0.920572867796323
"concurrent","AUROC",542,0.92607255028199
"concurrent","AUROC",543,0.920473006240077
"concurrent","AUROC",544,0.918009469422291
"concurrent","AUROC",545,0.87084279355954
"concurrent","AUROC",546,0.911113823174439
"concurrent","AUROC",547,0.89980137458164
"concurrent","AUROC",548,0.926864846401081
"concurrent","AUROC",549,0.878669423447362
"concurrent","AUROC",550,0.888899579225929
"concurrent","AUROC",551,0.865796958961833
"concurrent","AUROC",552,0.919376157471461
"concurrent","AUROC",553,0.861777830215396
"concurrent","AUROC",554,0.880276576346051
"concurrent","AUROC",555,0.89651821204672
"concurrent","AUROC",556,0.91076319950438
"concurrent","AUROC",557,0.834633680836237
"concurrent","AUROC",558,0.897002326284717
"concurrent","AUROC",559,0.884601624124852
"concurrent","AUROC",560,0.849843141745444
"concurrent","AUROC",561,0.904256723973505
"concurrent","AUROC",562,0.894033894735455
"concurrent","AUROC",563,0.917020137589518
"concurrent","AUROC",564,0.888631293891381
"concurrent","AUROC",565,0.86759763667379
"concurrent","AUROC",566,0.839294407529564
"concurrent","AUROC",567,0.890675690997422
"concurrent","AUROC",568,0.915725265315548
"concurrent","AUROC",569,0.868803501441515
"concurrent","AUROC",570,0.915910956930287
"concurrent","AUROC",571,0.897978979150272
"concurrent","AUROC",572,0.904893054705174
"concurrent","AUROC",573,0.90636269542812
"concurrent","AUROC",574,0.923894132815498
"concurrent","AUROC",575,0.917912452911278
"concurrent","AUROC",576,0.904715668462968
"concurrent","AUROC",577,0.909225634536892
"concurrent","AUROC",578,0.902108693564147
"concurrent","AUROC",579,0.88910137056898
"concurrent","AUROC",580,0.90427177209564
"concurrent","AUROC",581,0.834448636142009
"concurrent","AUROC",582,0.775542555979967
"concurrent","AUROC",583,0.886255662991138
"concurrent","AUROC",584,0.885306923191686
"concurrent","AUROC",585,0.895066018975575
"concurrent","AUROC",586,0.884123618634829
"concurrent","AUROC",587,0.781319092148518
"concurrent","AUROC",588,0.910907731592885
"concurrent","AUROC",589,0.864716947304114
"concurrent","AUROC",590,0.862138434903807
"concurrent","AUROC",591,0.89503566788044
"concurrent","AUROC",592,0.915408248146576
"concurrent","AUROC",593,0.893722847931699
"concurrent","AUROC",594,0.891044477470091
"concurrent","AUROC",595,0.882215652721469
"concurrent","AUROC",596,0.902331199814289
"concurrent","AUROC",597,0.851541904865884
"concurrent","AUROC",598,0.919456451133158
"concurrent","AUROC",599,0.872680244084656
"concurrent","AUROC",600,0.843166700773518
"concurrent","AUROC",601,0.864718458027186
"concurrent","AUROC",602,0.903564760882287
"concurrent","AUROC",603,0.838513866455302
"concurrent","AUROC",604,0.861311477550569
"concurrent","AUROC",605,0.897934242695306
"concurrent","AUROC",606,0.891941708133533
"concurrent","AUROC",607,0.906488391458013
"concurrent","AUROC",608,0.889229127351504
"concurrent","AUROC",609,0.904003144252848
"concurrent","AUROC",610,0.898082529455884
"concurrent","AUROC",611,0.845544605560244
"concurrent","AUROC",612,0.910698821032943
"concurrent","AUROC",613,0.889219695820806
"concurrent","AUROC",614,0.895965267313584
"concurrent","AUROC",615,0.841120214791301
"concurrent","AUROC",616,0.916643614484596
"concurrent","AUROC",617,0.895067580969079
"concurrent","AUROC",618,0.855985187112619
"concurrent","AUROC",619,0.848390465502135
"concurrent","AUROC",620,0.910893997057333
"concurrent","AUROC",621,0.914826733756034
"concurrent","AUROC",622,0.734788985767013
"concurrent","AUROC",623,0.909002176848603
"concurrent","AUROC",624,0.844347549291649
"concurrent","AUROC",625,0.88866000773434
"concurrent","AUROC",626,0.892884483360533
"concurrent","AUROC",627,0.889698797857228
"concurrent","AUROC",628,0.885773655442335
"concurrent","AUROC",629,0.893893073741047
"concurrent","AUROC",630,0.901136570497757
"concurrent","AUROC",631,0.846088384582117
"concurrent","AUROC",632,0.915036136877158
"concurrent","AUROC",633,0.861789299517016
"concurrent","AUROC",634,0.75076952594204
"concurrent","AUROC",635,0.90216519557962
"concurrent","AUROC",636,0.885189323638234
"concurrent","AUROC",637,0.79353668174293
"concurrent","AUROC",638,0.898384988833354
"concurrent","AUROC",639,0.862289709049872
"concurrent","AUROC",640,0.915493009780599
"concurrent","AUROC",641,0.89191018243547
"concurrent","AUROC",642,0.897148266601307
"concurrent","AUROC",643,0.841423990398591
"concurrent","AUROC",644,0.902601226771027
"concurrent","AUROC",645,0.85415595482085
"concurrent","AUROC",646,0.838345019336853
"concurrent","AUROC",647,0.863396806814608
"concurrent","AUROC",648,0.901219353442728
"concurrent","AUROC",649,0.913224572697047
"concurrent","AUROC",650,0.900345714448033
"concurrent","AUROC",651,0.921984197953062
"concurrent","AUROC",652,0.903033385081309
"concurrent","AUROC",653,0.742619345654893
"concurrent","AUROC",654,0.921951425557987
"concurrent","AUROC",655,0.906049642317195
"concurrent","AUROC",656,0.872348443604481
"concurrent","AUROC",657,0.903260579654568
"concurrent","AUROC",658,0.844012571188349
"concurrent","AUROC",659,0.896086915515803
"concurrent","AUROC",660,0.894279179405491
"concurrent","AUROC",661,0.877850162881594
"concurrent","AUROC",662,0.892828791585804
"concurrent","AUROC",663,0.899962457656585
"concurrent","AUROC",664,0.886780114346908
"concurrent","AUROC",665,0.919243751481757
"concurrent","AUROC",666,0.712595675332407
"concurrent","AUROC",667,0.861629063441585
"concurrent","AUROC",668,0.892542419956534
"concurrent","AUROC",669,0.890107465574299
"concurrent","AUROC",670,0.840375339532735
"concurrent","AUROC",671,0.894181188202971
"concurrent","AUROC",672,0.854827394447845
"concurrent","AUROC",673,0.854200527434371
"concurrent","AUROC",674,0.883293440344274
"concurrent","AUROC",675,0.898865885591771
"concurrent","AUROC",676,0.846066278725403
"concurrent","AUROC",677,0.83303645435496
"concurrent","AUROC",678,0.884915225096414
"concurrent","AUROC",679,0.855999765634733
"concurrent","AUROC",680,0.884980120630346
"concurrent","AUROC",681,0.897153932503536
"concurrent","AUROC",682,0.839131690120745
"concurrent","AUROC",683,0.89330967018043
"concurrent","AUROC",684,0.923586308968784
"concurrent","AUROC",685,0.885252755418908
"concurrent","AUROC",686,0.89598663081022
"concurrent","AUROC",687,0.734968657220605
"concurrent","AUROC",688,0.91471119866666
"concurrent","AUROC",689,0.837840657101864
"concurrent","AUROC",690,0.933291272862775
"concurrent","AUROC",691,0.888207318175228
"concurrent","AUROC",692,0.895910871667275
"concurrent","AUROC",693,0.89453655214596
"concurrent","AUROC",694,0.901107369792728
"concurrent","AUROC",695,0.762628947871322
"concurrent","AUROC",696,0.932834763698951
"concurrent","AUROC",697,0.732736122794896
"concurrent","AUROC",698,0.883486207140158
"concurrent","AUROC",699,0.893792421215832
"concurrent","AUROC",700,0.919036586970153
"concurrent","AUROC",701,0.840061302325
"concurrent","AUROC",702,0.843031483592054
"concurrent","AUROC",703,0.921501174614898
"concurrent","AUROC",704,0.738228753137369
"concurrent","AUROC",705,0.852633187390976
"concurrent","AUROC",706,0.913400909081292
"concurrent","AUROC",707,0.899744705947504
"concurrent","AUROC",708,0.894468744227199
"concurrent","AUROC",709,0.892452675603275
"concurrent","AUROC",710,0.833607500404834
"concurrent","AUROC",711,0.925309693811246
"concurrent","AUROC",712,0.898169120960864
"concurrent","AUROC",713,0.77409368426218
"concurrent","AUROC",714,0.889963665240738
"concurrent","AUROC",715,0.902089089203484
"concurrent","AUROC",716,0.904038010925713
"concurrent","AUROC",717,0.919596775605426
"concurrent","AUROC",718,0.896750621625958
"concurrent","AUROC",719,0.869502850290155
"concurrent","AUROC",720,0.900205541149006
"concurrent","AUROC",721,0.9053817175252
"concurrent","AUROC",722,0.893006476313124
"concurrent","AUROC",723,0.893421562137862
"concurrent","AUROC",724,0.917208502432195
"concurrent","AUROC",725,0.758910647224524
"concurrent","AUROC",726,0.891554883408231
"concurrent","AUROC",727,0.853421345898418
"concurrent","AUROC",728,0.912296668434616
"concurrent","AUROC",729,0.768800410419165
"concurrent","AUROC",730,0.915468099858098
"concurrent","AUROC",731,0.892688514676621
"concurrent","AUROC",732,0.925003586596559
"concurrent","AUROC",733,0.850778780047855
"concurrent","AUROC",734,0.926582497107343
"concurrent","AUROC",735,0.883066091822289
"concurrent","AUROC",736,0.897733413474385
"concurrent","AUROC",737,0.84129179768489
"concurrent","AUROC",738,0.851120012784069
"concurrent","AUROC",739,0.925005665090216
"concurrent","AUROC",740,0.894087730462636
"concurrent","AUROC",741,0.92379833731941
"concurrent","AUROC",742,0.922657318133377
"concurrent","AUROC",743,0.91519776686951
"concurrent","AUROC",744,0.923733088958007
"concurrent","AUROC",745,0.743316051764289
"concurrent","AUROC",746,0.860772651813928
"concurrent","AUROC",747,0.910946286329511
"concurrent","AUROC",748,0.923073737675944
"concurrent","AUROC",749,0.769018941369703
"concurrent","AUROC",750,0.902194709560697
"concurrent","AUROC",751,0.855278851893156
"concurrent","AUROC",752,0.833128235358837
"concurrent","AUROC",753,0.92730244359187
"concurrent","AUROC",754,0.752958277154073
"concurrent","AUROC",755,0.896700589224136
"concurrent","AUROC",756,0.900331777178064
"concurrent","AUROC",757,0.903316827636676
"concurrent","AUROC",758,0.851103675225305
"concurrent","AUROC",759,0.922469050406436
"concurrent","AUROC",760,0.782319436632786
"concurrent","AUROC",761,0.884486933945626
"concurrent","AUROC",762,0.863832227993378
"concurrent","AUROC",763,0.886674806749815
"concurrent","AUROC",764,0.848444191855976
"concurrent","AUROC",765,0.897719754212383
"concurrent","AUROC",766,0.919297096903674
"concurrent","AUROC",767,0.894198372357874
"concurrent","AUROC",768,0.839532690059439
"concurrent","AUROC",769,0.889458785888069
"concurrent","AUROC",770,0.85280248790758
"concurrent","AUROC",771,0.92376400417323
"concurrent","AUROC",772,0.880584347231653
"concurrent","AUROC",773,0.844781059038999
"concurrent","AUROC",774,0.863739981184004
"concurrent","AUROC",775,0.911990021777836
"concurrent","AUROC",776,0.893792404002706
"concurrent","AUROC",777,0.846628724388262
"concurrent","AUROC",778,0.915139368332445
"concurrent","AUROC",779,0.87981424441674
"concurrent","AUROC",780,0.891869209639892
"concurrent","AUROC",781,0.850161890615489
"concurrent","AUROC",782,0.852051467464672
"concurrent","AUROC",783,0.929961836413278
"concurrent","AUROC",784,0.888842855414587
"concurrent","AUROC",785,0.84226327510057
"concurrent","AUROC",786,0.90753439559778
"concurrent","AUROC",787,0.90909785576753
"concurrent","AUROC",788,0.868536174329883
"concurrent","AUROC",789,0.893736969291927
"concurrent","AUROC",790,0.894731840988435
"concurrent","AUROC",791,0.912422872605953
"concurrent","AUROC",792,0.924031063890327
"concurrent","AUROC",793,0.91017925717409
"concurrent","AUROC",794,0.776840978367408
"concurrent","AUROC",795,0.850086544625161
"concurrent","AUROC",796,0.915598486125794
"concurrent","AUROC",797,0.8698166396176
"concurrent","AUROC",798,0.885924813741999
"concurrent","AUROC",799,0.868765139703354
"concurrent","AUROC",800,0.834670803936104
"concurrent","AUROC",801,0.898538147965398
"concurrent","AUROC",802,0.914059220039454
"concurrent","AUROC",803,0.896862551410265
"concurrent","AUROC",804,0.844372746271918
"concurrent","AUROC",805,0.777493082885444
"concurrent","AUROC",806,0.898009332800948
"concurrent","AUROC",807,0.924223976096323
"concurrent","AUROC",808,0.893612914379295
"concurrent","AUROC",809,0.845083871383443
"concurrent","AUROC",810,0.86411517103405
"concurrent","AUROC",811,0.872469107935231
"concurrent","AUROC",812,0.905289483696054
"concurrent","AUROC",813,0.849460087451773
"concurrent","AUROC",814,0.89010934982188
"concurrent","AUROC",815,0.902113016983487
"concurrent","AUROC",816,0.922264776681909
"concurrent","AUROC",817,0.85427311710071
"concurrent","AUROC",818,0.91336224378414
"concurrent","AUROC",819,0.934018175408907
"concurrent","AUROC",820,0.891150360626502
"concurrent","AUROC",821,0.851326024572762
"concurrent","AUROC",822,0.905565789820515
"concurrent","AUROC",823,0.923439742417427
"concurrent","AUROC",824,0.912101760748312
"concurrent","AUROC",825,0.903521518730656
"concurrent","AUROC",826,0.899277524985208
"concurrent","AUROC",827,0.912751465975723
"concurrent","AUROC",828,0.898967599794282
"concurrent","AUROC",829,0.856895441848235
"concurrent","AUROC",830,0.894499659615424
"concurrent","AUROC",831,0.888985874311504
"concurrent","AUROC",832,0.756449458104002
"concurrent","AUROC",833,0.900689952236125
"concurrent","AUROC",834,0.846669120715964
"concurrent","AUROC",835,0.846256159385131
"concurrent","AUROC",836,0.878862859843951
"concurrent","AUROC",837,0.856904918445727
"concurrent","AUROC",838,0.895700307251662
"concurrent","AUROC",839,0.904567920081207
"concurrent","AUROC",840,0.885394865865785
"concurrent","AUROC",841,0.891045078810028
"concurrent","AUROC",842,0.922624739613393
"concurrent","AUROC",843,0.7893294313171
"concurrent","AUROC",844,0.847632673634674
"concurrent","AUROC",845,0.878160887467948
"concurrent","AUROC",846,0.872498136384202
"concurrent","AUROC",847,0.774969975960596
"concurrent","AUROC",848,0.858487942796368
"concurrent","AUROC",849,0.853287276082242
"concurrent","AUROC",850,0.888865509136749
"concurrent","AUROC",851,0.835819411850337
"concurrent","AUROC",852,0.853874810457549
"concurrent","AUROC",853,0.902624774830762
"concurrent","AUROC",854,0.916436771698458
"concurrent","AUROC",855,0.848899007736631
"concurrent","AUROC",856,0.894659680949816
"concurrent","AUROC",857,0.899674450921114
"concurrent","AUROC",858,0.874845306134829
"concurrent","AUROC",859,0.920092068383695
"concurrent","AUROC",860,0.850452250659047
"concurrent","AUROC",861,0.919935522379326
"concurrent","AUROC",862,0.856686667833313
"concurrent","AUROC",863,0.895811498625807
"concurrent","AUROC",864,0.90948731039833
"concurrent","AUROC",865,0.91369708782502
"concurrent","AUROC",866,0.935385375143976
"concurrent","AUROC",867,0.858354487764045
"concurrent","AUROC",868,0.779656627261303
"concurrent","AUROC",869,0.909023252128353
"concurrent","AUROC",870,0.897745019048451
"concurrent","AUROC",871,0.855803843646164
"concurrent","AUROC",872,0.922629262617448
"concurrent","AUROC",873,0.859639489330819
"concurrent","AUROC",874,0.883244740061673
"concurrent","AUROC",875,0.890794772446117
"concurrent","AUROC",876,0.897272595233314
"concurrent","AUROC",877,0.894540931871632
"concurrent","AUROC",878,0.891834180800731
"concurrent","AUROC",879,0.868525686772582
"concurrent","AUROC",880,0.861765831186907
"concurrent","AUROC",881,0.912294968143599
"concurrent","AUROC",882,0.856870247653729
"concurrent","AUROC",883,0.772354148422727
"concurrent","AUROC",884,0.76115735618275
"concurrent","AUROC",885,0.833667027193162
"concurrent","AUROC",886,0.896242178006677
"concurrent","AUROC",887,0.907186071868557
"concurrent","AUROC",888,0.893254313931629
"concurrent","AUROC",889,0.888539615525047
"concurrent","AUROC",890,0.881814736176015
"concurrent","AUROC",891,0.893810054818891
"concurrent","AUROC",892,0.852505613309439
"concurrent","AUROC",893,0.922154846059026
"concurrent","AUROC",894,0.890316341185367
"concurrent","AUROC",895,0.914587427650906
"concurrent","AUROC",896,0.913356791049557
"concurrent","AUROC",897,0.897934404115476
"concurrent","AUROC",898,0.893036132920056
"concurrent","AUROC",899,0.932934684555174
"concurrent","AUROC",900,0.918541368748386
"concurrent","AUROC",901,0.869674737018003
"concurrent","AUROC",902,0.836012894428617
"concurrent","AUROC",903,0.881288710498333
"concurrent","AUROC",904,0.915330523812087
"concurrent","AUROC",905,0.915661754205029
"concurrent","AUROC",906,0.915485652455698
"concurrent","AUROC",907,0.865606006596439
"concurrent","AUROC",908,0.910195693477144
"concurrent","AUROC",909,0.912381969743447
"concurrent","AUROC",910,0.889171239569339
"concurrent","AUROC",911,0.852695407194866
"concurrent","AUROC",912,0.900507119436938
"concurrent","AUROC",913,0.899315088469685
"concurrent","AUROC",914,0.896926670711617
"concurrent","AUROC",915,0.896972499474481
"concurrent","AUROC",916,0.895167010248435
"concurrent","AUROC",917,0.917717761138177
"concurrent","AUROC",918,0.887167824837306
"concurrent","AUROC",919,0.889010736853646
"concurrent","AUROC",920,0.892857387771662
"concurrent","AUROC",921,0.830041954432133
"concurrent","AUROC",922,0.856745991322652
"concurrent","AUROC",923,0.896233545645926
"concurrent","AUROC",924,0.869755229428351
"concurrent","AUROC",925,0.838876527746148
"concurrent","AUROC",926,0.890636346665574
"concurrent","AUROC",927,0.784520373021914
"concurrent","AUROC",928,0.906427066570881
"concurrent","AUROC",929,0.897810041698599
"concurrent","AUROC",930,0.904271899854297
"concurrent","AUROC",931,0.840232947929159
"concurrent","AUROC",932,0.914407834906106
"concurrent","AUROC",933,0.888220472846506
"concurrent","AUROC",934,0.852516099607989
"concurrent","AUROC",935,0.911886721974979
"concurrent","AUROC",936,0.914882012178462
"concurrent","AUROC",937,0.897965158299987
"concurrent","AUROC",938,0.888085204889166
"concurrent","AUROC",939,0.739689124156677
"concurrent","AUROC",940,0.899644397851362
"concurrent","AUROC",941,0.873242545958436
"concurrent","AUROC",942,0.85564693116224
"concurrent","AUROC",943,0.898170944340648
"concurrent","AUROC",944,0.873742724493304
"concurrent","AUROC",945,0.859658375410276
"concurrent","AUROC",946,0.862869787307597
"concurrent","AUROC",947,0.887310785007883
"concurrent","AUROC",948,0.902319453046922
"concurrent","AUROC",949,0.901652969122716
"concurrent","AUROC",950,0.882610328663282
"concurrent","AUROC",951,0.921451635251501
"concurrent","AUROC",952,0.844202568244279
"concurrent","AUROC",953,0.864474913269116
"concurrent","AUROC",954,0.887478976131878
"concurrent","AUROC",955,0.830913732965924
"concurrent","AUROC",956,0.904536025169315
"concurrent","AUROC",957,0.887261206168306
"concurrent","AUROC",958,0.893019401711243
"concurrent","AUROC",959,0.801488349366465
"concurrent","AUROC",960,0.91747740710798
"concurrent","AUROC",961,0.899884878980168
"concurrent","AUROC",962,0.840085659591943
"concurrent","AUROC",963,0.905720675255604
"concurrent","AUROC",964,0.777736524952539
"concurrent","AUROC",965,0.859706955944411
"concurrent","AUROC",966,0.917147797339598
"concurrent","AUROC",967,0.910850410033924
"concurrent","AUROC",968,0.917510150725472
"concurrent","AUROC",969,0.88526896645251
"concurrent","AUROC",970,0.920209364900148
"concurrent","AUROC",971,0.887769190639035
"concurrent","AUROC",972,0.869010657567051
"concurrent","AUROC",973,0.90234359126199
"concurrent","AUROC",974,0.904038343527121
"concurrent","AUROC",975,0.911594912591532
"concurrent","AUROC",976,0.923225163290899
"concurrent","AUROC",977,0.883245031440231
"concurrent","AUROC",978,0.908093622187658
"concurrent","AUROC",979,0.921411561349958
"concurrent","AUROC",980,0.842079500129422
"concurrent","AUROC",981,0.715278323772747
"concurrent","AUROC",982,0.851240575333618
"concurrent","AUROC",983,0.854983377943924
"concurrent","AUROC",984,0.906238967780585
"concurrent","AUROC",985,0.849742122289119
"concurrent","AUROC",986,0.902082271873003
"concurrent","AUROC",987,0.885658738553069
"concurrent","AUROC",988,0.852402824564901
"concurrent","AUROC",989,0.923611297090896
"concurrent","AUROC",990,0.891224496455771
"concurrent","AUROC",991,0.874142329096664
"concurrent","AUROC",992,0.855953068949067
"concurrent","AUROC",993,0.902897411350093
"concurrent","AUROC",994,0.871906662493673
"concurrent","AUROC",995,0.891514650293381
"concurrent","AUROC",996,0.902848678329238
"concurrent","AUROC",997,0.900199490077308
"concurrent","AUROC",998,0.888729010892435
"concurrent","AUROC",999,0.863240042657214
"concurrent","AUROC",1000,0.919611128935952
"concurrent","Spearman",1,0.630482255472691
"concurrent","Spearman",2,0.842970829982641
"concurrent","Spearman",3,0.746394211139248
"concurrent","Spearman",4,0.845911995368091
"concurrent","Spearman",5,0.791948652260651
"concurrent","Spearman",6,0.785737653055032
"concurrent","Spearman",7,0.841660113832878
"concurrent","Spearman",8,0.710167750423872
"concurrent","Spearman",9,0.803196061438721
"concurrent","Spearman",10,0.800214981385558
"concurrent","Spearman",11,0.781042824839773
"concurrent","Spearman",12,0.819492484433519
"concurrent","Spearman",13,0.787661256189468
"concurrent","Spearman",14,0.859113929888281
"concurrent","Spearman",15,0.807512233834089
"concurrent","Spearman",16,0.784967122301396
"concurrent","Spearman",17,0.806811483880979
"concurrent","Spearman",18,0.833326941680917
"concurrent","Spearman",19,0.776448562157914
"concurrent","Spearman",20,0.72015157427625
"concurrent","Spearman",21,0.83640228625437
"concurrent","Spearman",22,0.767797415445805
"concurrent","Spearman",23,0.78374732553333
"concurrent","Spearman",24,0.77758504487951
"concurrent","Spearman",25,0.831970077929321
"concurrent","Spearman",26,0.802269680925399
"concurrent","Spearman",27,0.846524651076557
"concurrent","Spearman",28,0.738160381239578
"concurrent","Spearman",29,0.814173708887474
"concurrent","Spearman",30,0.823053932146158
"concurrent","Spearman",31,0.832008875832221
"concurrent","Spearman",32,0.835560009911758
"concurrent","Spearman",33,0.816729718075449
"concurrent","Spearman",34,0.819410094272595
"concurrent","Spearman",35,0.830723598262457
"concurrent","Spearman",36,0.805836582538288
"concurrent","Spearman",37,0.748694951634231
"concurrent","Spearman",38,0.80475584503698
"concurrent","Spearman",39,0.7550665014107
"concurrent","Spearman",40,0.769523003936396
"concurrent","Spearman",41,0.735624735095226
"concurrent","Spearman",42,0.76702931353421
"concurrent","Spearman",43,0.651265477819841
"concurrent","Spearman",44,0.796179778274243
"concurrent","Spearman",45,0.820997091978107
"concurrent","Spearman",46,0.720719803402098
"concurrent","Spearman",47,0.797349466777149
"concurrent","Spearman",48,0.815862172377873
"concurrent","Spearman",49,0.798476399200542
"concurrent","Spearman",50,0.846971387417525
"concurrent","Spearman",51,0.656141488187179
"concurrent","Spearman",52,0.777848029361723
"concurrent","Spearman",53,0.794661961320224
"concurrent","Spearman",54,0.796458327479972
"concurrent","Spearman",55,0.696502546099748
"concurrent","Spearman",56,0.832978230988913
"concurrent","Spearman",57,0.832762710572951
"concurrent","Spearman",58,0.741668066248133
"concurrent","Spearman",59,0.762819477782581
"concurrent","Spearman",60,0.810144462710096
"concurrent","Spearman",61,0.801355528874097
"concurrent","Spearman",62,0.73192137480553
"concurrent","Spearman",63,0.83351160058626
"concurrent","Spearman",64,0.815573762179997
"concurrent","Spearman",65,0.792493165811437
"concurrent","Spearman",66,0.792345872267122
"concurrent","Spearman",67,0.751051368008756
"concurrent","Spearman",68,0.783340164335685
"concurrent","Spearman",69,0.747319950211156
"concurrent","Spearman",70,0.789403797914025
"concurrent","Spearman",71,0.762987529984976
"concurrent","Spearman",72,0.805448832116258
"concurrent","Spearman",73,0.842932713595011
"concurrent","Spearman",74,0.806954391144464
"concurrent","Spearman",75,0.847944417523565
"concurrent","Spearman",76,0.798993110674777
"concurrent","Spearman",77,0.760410031195479
"concurrent","Spearman",78,0.785726849835396
"concurrent","Spearman",79,0.794656679755221
"concurrent","Spearman",80,0.81950564372613
"concurrent","Spearman",81,0.82173387975278
"concurrent","Spearman",82,0.767128838037644
"concurrent","Spearman",83,0.806165710738081
"concurrent","Spearman",84,0.768104302080308
"concurrent","Spearman",85,0.838265593077625
"concurrent","Spearman",86,0.76994356993582
"concurrent","Spearman",87,0.778960156733141
"concurrent","Spearman",88,0.756621334721841
"concurrent","Spearman",89,0.798052402247841
"concurrent","Spearman",90,0.803184545046423
"concurrent","Spearman",91,0.82442030429801
"concurrent","Spearman",92,0.793305926804082
"concurrent","Spearman",93,0.646179671696914
"concurrent","Spearman",94,0.752644929973527
"concurrent","Spearman",95,0.797874707443904
"concurrent","Spearman",96,0.785779958574216
"concurrent","Spearman",97,0.831459805578317
"concurrent","Spearman",98,0.785421871961195
"concurrent","Spearman",99,0.790501099278277
"concurrent","Spearman",100,0.820915391765834
"concurrent","Spearman",101,0.795613837645679
"concurrent","Spearman",102,0.73385189143565
"concurrent","Spearman",103,0.763149996447209
"concurrent","Spearman",104,0.649334749992517
"concurrent","Spearman",105,0.832123293514001
"concurrent","Spearman",106,0.727607078845183
"concurrent","Spearman",107,0.792252034079751
"concurrent","Spearman",108,0.7884144981706
"concurrent","Spearman",109,0.825116084974403
"concurrent","Spearman",110,0.801597705085664
"concurrent","Spearman",111,0.794324066941318
"concurrent","Spearman",112,0.75176957276826
"concurrent","Spearman",113,0.842599631066838
"concurrent","Spearman",114,0.746568788847184
"concurrent","Spearman",115,0.767914544494536
"concurrent","Spearman",116,0.794704068183015
"concurrent","Spearman",117,0.775025217821381
"concurrent","Spearman",118,0.851712289272647
"concurrent","Spearman",119,0.783011877576874
"concurrent","Spearman",120,0.778175424176345
"concurrent","Spearman",121,0.833344235533267
"concurrent","Spearman",122,0.756997779306396
"concurrent","Spearman",123,0.803683491895165
"concurrent","Spearman",124,0.844975746540548
"concurrent","Spearman",125,0.761323913282313
"concurrent","Spearman",126,0.843994649789722
"concurrent","Spearman",127,0.809659790623969
"concurrent","Spearman",128,0.78144498691881
"concurrent","Spearman",129,0.746977683706582
"concurrent","Spearman",130,0.839435770617827
"concurrent","Spearman",131,0.836178763370696
"concurrent","Spearman",132,0.762293801811921
"concurrent","Spearman",133,0.80000914942306
"concurrent","Spearman",134,0.799926464379185
"concurrent","Spearman",135,0.802829233713288
"concurrent","Spearman",136,0.782323757508848
"concurrent","Spearman",137,0.800807283075459
"concurrent","Spearman",138,0.760983987192558
"concurrent","Spearman",139,0.744026950997115
"concurrent","Spearman",140,0.813243848118803
"concurrent","Spearman",141,0.799976948069745
"concurrent","Spearman",142,0.808394387994414
"concurrent","Spearman",143,0.726684365061846
"concurrent","Spearman",144,0.831802504464817
"concurrent","Spearman",145,0.822108109393826
"concurrent","Spearman",146,0.737525211570963
"concurrent","Spearman",147,0.770522400490207
"concurrent","Spearman",148,0.837410202699163
"concurrent","Spearman",149,0.65544716186236
"concurrent","Spearman",150,0.779529188993291
"concurrent","Spearman",151,0.820579362564024
"concurrent","Spearman",152,0.795427860194186
"concurrent","Spearman",153,0.700516035904285
"concurrent","Spearman",154,0.784181206071133
"concurrent","Spearman",155,0.85487241215056
"concurrent","Spearman",156,0.748752827461032
"concurrent","Spearman",157,0.844326676336547
"concurrent","Spearman",158,0.790317003696871
"concurrent","Spearman",159,0.823933641701583
"concurrent","Spearman",160,0.839870852459431
"concurrent","Spearman",161,0.749200089705297
"concurrent","Spearman",162,0.806651298543445
"concurrent","Spearman",163,0.809391689238587
"concurrent","Spearman",164,0.80313669994227
"concurrent","Spearman",165,0.827576317897579
"concurrent","Spearman",166,0.659201581754296
"concurrent","Spearman",167,0.751129215915827
"concurrent","Spearman",168,0.844358804133784
"concurrent","Spearman",169,0.797359485230998
"concurrent","Spearman",170,0.655107315253756
"concurrent","Spearman",171,0.810520523840333
"concurrent","Spearman",172,0.777464945339902
"concurrent","Spearman",173,0.751202512328789
"concurrent","Spearman",174,0.817181801867873
"concurrent","Spearman",175,0.799001091213295
"concurrent","Spearman",176,0.839552096284293
"concurrent","Spearman",177,0.813888708579916
"concurrent","Spearman",178,0.67275656034416
"concurrent","Spearman",179,0.641815604016291
"concurrent","Spearman",180,0.733857199936408
"concurrent","Spearman",181,0.772971012176818
"concurrent","Spearman",182,0.836781899552116
"concurrent","Spearman",183,0.741289721512068
"concurrent","Spearman",184,0.71078346771954
"concurrent","Spearman",185,0.806937707737222
"concurrent","Spearman",186,0.864198086406785
"concurrent","Spearman",187,0.765463512446511
"concurrent","Spearman",188,0.727686883424188
"concurrent","Spearman",189,0.836829214061081
"concurrent","Spearman",190,0.804913502387375
"concurrent","Spearman",191,0.743423125002433
"concurrent","Spearman",192,0.809613558096415
"concurrent","Spearman",193,0.806881106728926
"concurrent","Spearman",194,0.797782490372389
"concurrent","Spearman",195,0.793317935066746
"concurrent","Spearman",196,0.778428320885766
"concurrent","Spearman",197,0.725686343501731
"concurrent","Spearman",198,0.805634717246599
"concurrent","Spearman",199,0.752378227188491
"concurrent","Spearman",200,0.794004146322221
"concurrent","Spearman",201,0.74727347580145
"concurrent","Spearman",202,0.801363291122329
"concurrent","Spearman",203,0.814439462715059
"concurrent","Spearman",204,0.833165229976722
"concurrent","Spearman",205,0.801840841609185
"concurrent","Spearman",206,0.796303650886386
"concurrent","Spearman",207,0.727401044731352
"concurrent","Spearman",208,0.74495848169911
"concurrent","Spearman",209,0.705786660916741
"concurrent","Spearman",210,0.824434372022089
"concurrent","Spearman",211,0.819745960694878
"concurrent","Spearman",212,0.723213598175314
"concurrent","Spearman",213,0.786268399990662
"concurrent","Spearman",214,0.790817656358818
"concurrent","Spearman",215,0.849852467777065
"concurrent","Spearman",216,0.850874206177598
"concurrent","Spearman",217,0.760489860337513
"concurrent","Spearman",218,0.783456909067829
"concurrent","Spearman",219,0.724512343969302
"concurrent","Spearman",220,0.781824588325974
"concurrent","Spearman",221,0.832921706441981
"concurrent","Spearman",222,0.739147815984114
"concurrent","Spearman",223,0.839585069555281
"concurrent","Spearman",224,0.81092822996425
"concurrent","Spearman",225,0.813670240472279
"concurrent","Spearman",226,0.740693305005466
"concurrent","Spearman",227,0.779294215684638
"concurrent","Spearman",228,0.723914348006347
"concurrent","Spearman",229,0.804762663233325
"concurrent","Spearman",230,0.826227384809815
"concurrent","Spearman",231,0.737495465840465
"concurrent","Spearman",232,0.776761693382115
"concurrent","Spearman",233,0.831637249147072
"concurrent","Spearman",234,0.790149149940539
"concurrent","Spearman",235,0.77345918404692
"concurrent","Spearman",236,0.798523098602769
"concurrent","Spearman",237,0.737286673167026
"concurrent","Spearman",238,0.784494264749862
"concurrent","Spearman",239,0.827846356274477
"concurrent","Spearman",240,0.662347476311797
"concurrent","Spearman",241,0.79987375571825
"concurrent","Spearman",242,0.832527202349879
"concurrent","Spearman",243,0.812491728233787
"concurrent","Spearman",244,0.758690722521161
"concurrent","Spearman",245,0.760631698235735
"concurrent","Spearman",246,0.726012831616628
"concurrent","Spearman",247,0.823034265295861
"concurrent","Spearman",248,0.832599322336457
"concurrent","Spearman",249,0.756067854964416
"concurrent","Spearman",250,0.795855586431292
"concurrent","Spearman",251,0.783738968933892
"concurrent","Spearman",252,0.813982996450811
"concurrent","Spearman",253,0.761136283145942
"concurrent","Spearman",254,0.836602894520753
"concurrent","Spearman",255,0.832762418490015
"concurrent","Spearman",256,0.814683912892434
"concurrent","Spearman",257,0.832240769879617
"concurrent","Spearman",258,0.783516545203835
"concurrent","Spearman",259,0.787862468157317
"concurrent","Spearman",260,0.745264887148128
"concurrent","Spearman",261,0.667014969558334
"concurrent","Spearman",262,0.787672646282969
"concurrent","Spearman",263,0.81097021695192
"concurrent","Spearman",264,0.739812276366619
"concurrent","Spearman",265,0.811530460117294
"concurrent","Spearman",266,0.794674180552095
"concurrent","Spearman",267,0.85466971986592
"concurrent","Spearman",268,0.823469144696111
"concurrent","Spearman",269,0.654541196255593
"concurrent","Spearman",270,0.78665629350845
"concurrent","Spearman",271,0.750096123887687
"concurrent","Spearman",272,0.836995640121209
"concurrent","Spearman",273,0.830480954455502
"concurrent","Spearman",274,0.807923761761197
"concurrent","Spearman",275,0.836062633366182
"concurrent","Spearman",276,0.726015595935117
"concurrent","Spearman",277,0.756456951647719
"concurrent","Spearman",278,0.767485149643953
"concurrent","Spearman",279,0.840153109295496
"concurrent","Spearman",280,0.711962230743376
"concurrent","Spearman",281,0.799122192076527
"concurrent","Spearman",282,0.835109130400466
"concurrent","Spearman",283,0.806633540934462
"concurrent","Spearman",284,0.672036396826967
"concurrent","Spearman",285,0.755200793192133
"concurrent","Spearman",286,0.845203555761019
"concurrent","Spearman",287,0.765850551945598
"concurrent","Spearman",288,0.769620075051449
"concurrent","Spearman",289,0.790282165301495
"concurrent","Spearman",290,0.841383455267376
"concurrent","Spearman",291,0.824789079681449
"concurrent","Spearman",292,0.786560022231586
"concurrent","Spearman",293,0.796027207619365
"concurrent","Spearman",294,0.816986349163117
"concurrent","Spearman",295,0.80012342612947
"concurrent","Spearman",296,0.815996607700359
"concurrent","Spearman",297,0.74166361993783
"concurrent","Spearman",298,0.703002023394954
"concurrent","Spearman",299,0.816562160749741
"concurrent","Spearman",300,0.831347972584937
"concurrent","Spearman",301,0.815913513322103
"concurrent","Spearman",302,0.801928402728975
"concurrent","Spearman",303,0.830229875494143
"concurrent","Spearman",304,0.823327770151542
"concurrent","Spearman",305,0.738878133286725
"concurrent","Spearman",306,0.747654681059792
"concurrent","Spearman",307,0.813814619259261
"concurrent","Spearman",308,0.807507125109133
"concurrent","Spearman",309,0.7426843455326
"concurrent","Spearman",310,0.724700882687627
"concurrent","Spearman",311,0.830846427012975
"concurrent","Spearman",312,0.843093676006712
"concurrent","Spearman",313,0.838628326476271
"concurrent","Spearman",314,0.81109008705496
"concurrent","Spearman",315,0.853360751900579
"concurrent","Spearman",316,0.796780579546468
"concurrent","Spearman",317,0.767189778016079
"concurrent","Spearman",318,0.79126386029888
"concurrent","Spearman",319,0.820936197073061
"concurrent","Spearman",320,0.804504737677242
"concurrent","Spearman",321,0.813742461119068
"concurrent","Spearman",322,0.73637627572956
"concurrent","Spearman",323,0.806391036636546
"concurrent","Spearman",324,0.841711809324451
"concurrent","Spearman",325,0.794431300081362
"concurrent","Spearman",326,0.800384859992957
"concurrent","Spearman",327,0.749002431892932
"concurrent","Spearman",328,0.745792092715818
"concurrent","Spearman",329,0.816766518186145
"concurrent","Spearman",330,0.819026934450351
"concurrent","Spearman",331,0.807896095628924
"concurrent","Spearman",332,0.76661984140898
"concurrent","Spearman",333,0.828348239997615
"concurrent","Spearman",334,0.787209322240592
"concurrent","Spearman",335,0.767104411605203
"concurrent","Spearman",336,0.720985496158883
"concurrent","Spearman",337,0.744463976131126
"concurrent","Spearman",338,0.760947320272561
"concurrent","Spearman",339,0.818700241321223
"concurrent","Spearman",340,0.784747781785944
"concurrent","Spearman",341,0.798886559904038
"concurrent","Spearman",342,0.727388415140848
"concurrent","Spearman",343,0.834117806084478
"concurrent","Spearman",344,0.769017583229005
"concurrent","Spearman",345,0.801040824760492
"concurrent","Spearman",346,0.738303897397739
"concurrent","Spearman",347,0.857070068876013
"concurrent","Spearman",348,0.649739113181214
"concurrent","Spearman",349,0.620364083264954
"concurrent","Spearman",350,0.792231135613838
"concurrent","Spearman",351,0.757590990966612
"concurrent","Spearman",352,0.783966754502042
"concurrent","Spearman",353,0.801501114248437
"concurrent","Spearman",354,0.816766168912971
"concurrent","Spearman",355,0.795419568835634
"concurrent","Spearman",356,0.857631851749542
"concurrent","Spearman",357,0.762113571930288
"concurrent","Spearman",358,0.760575125391529
"concurrent","Spearman",359,0.761922455619523
"concurrent","Spearman",360,0.837838144657208
"concurrent","Spearman",361,0.766062916288917
"concurrent","Spearman",362,0.818441894392851
"concurrent","Spearman",363,0.635478284216052
"concurrent","Spearman",364,0.800998167520048
"concurrent","Spearman",365,0.659977561891155
"concurrent","Spearman",366,0.806842381767395
"concurrent","Spearman",367,0.747881998743716
"concurrent","Spearman",368,0.73894858635136
"concurrent","Spearman",369,0.849497201388444
"concurrent","Spearman",370,0.766465042469032
"concurrent","Spearman",371,0.808294268845796
"concurrent","Spearman",372,0.802051813375786
"concurrent","Spearman",373,0.825490876154452
"concurrent","Spearman",374,0.775189809622044
"concurrent","Spearman",375,0.83315210665364
"concurrent","Spearman",376,0.803023314461718
"concurrent","Spearman",377,0.799738878456649
"concurrent","Spearman",378,0.818250389300291
"concurrent","Spearman",379,0.809177160990336
"concurrent","Spearman",380,0.846205745088925
"concurrent","Spearman",381,0.739314232091422
"concurrent","Spearman",382,0.853829554831853
"concurrent","Spearman",383,0.604515898226498
"concurrent","Spearman",384,0.859037088838394
"concurrent","Spearman",385,0.803332311135209
"concurrent","Spearman",386,0.735733873130564
"concurrent","Spearman",387,0.859041663007815
"concurrent","Spearman",388,0.77906392595694
"concurrent","Spearman",389,0.78718037377595
"concurrent","Spearman",390,0.792382038699491
"concurrent","Spearman",391,0.789832129162636
"concurrent","Spearman",392,0.823519112612817
"concurrent","Spearman",393,0.80776291582054
"concurrent","Spearman",394,0.843646560608874
"concurrent","Spearman",395,0.783536535611841
"concurrent","Spearman",396,0.813966413861572
"concurrent","Spearman",397,0.720617460431331
"concurrent","Spearman",398,0.795928432630833
"concurrent","Spearman",399,0.789857862232443
"concurrent","Spearman",400,0.827758479236605
"concurrent","Spearman",401,0.815742115351912
"concurrent","Spearman",402,0.836867407517664
"concurrent","Spearman",403,0.848674791219458
"concurrent","Spearman",404,0.793674445353096
"concurrent","Spearman",405,0.803565646609796
"concurrent","Spearman",406,0.841733002194201
"concurrent","Spearman",407,0.769051612789371
"concurrent","Spearman",408,0.828520191241941
"concurrent","Spearman",409,0.832394436991426
"concurrent","Spearman",410,0.7926071320488
"concurrent","Spearman",411,0.806199374370361
"concurrent","Spearman",412,0.809496821325938
"concurrent","Spearman",413,0.787030720767699
"concurrent","Spearman",414,0.826475010805302
"concurrent","Spearman",415,0.801868994648858
"concurrent","Spearman",416,0.844804072574768
"concurrent","Spearman",417,0.745876296629388
"concurrent","Spearman",418,0.831165453014288
"concurrent","Spearman",419,0.823711376012112
"concurrent","Spearman",420,0.804618977007573
"concurrent","Spearman",421,0.778635836367307
"concurrent","Spearman",422,0.834071791901142
"concurrent","Spearman",423,0.787186900441287
"concurrent","Spearman",424,0.79351578088092
"concurrent","Spearman",425,0.751214742257075
"concurrent","Spearman",426,0.807868133067951
"concurrent","Spearman",427,0.803662125806048
"concurrent","Spearman",428,0.786731276984985
"concurrent","Spearman",429,0.809808693838627
"concurrent","Spearman",430,0.843871717744408
"concurrent","Spearman",431,0.806392180150613
"concurrent","Spearman",432,0.831447328513893
"concurrent","Spearman",433,0.788309090259642
"concurrent","Spearman",434,0.786728258710878
"concurrent","Spearman",435,0.815562208294367
"concurrent","Spearman",436,0.806286797028212
"concurrent","Spearman",437,0.796564319191249
"concurrent","Spearman",438,0.73602623348533
"concurrent","Spearman",439,0.656210150868384
"concurrent","Spearman",440,0.765087272245879
"concurrent","Spearman",441,0.792949278777615
"concurrent","Spearman",442,0.83610642288697
"concurrent","Spearman",443,0.796451858488977
"concurrent","Spearman",444,0.812869941511287
"concurrent","Spearman",445,0.801672343920865
"concurrent","Spearman",446,0.665543255528285
"concurrent","Spearman",447,0.80053332589916
"concurrent","Spearman",448,0.665030887179284
"concurrent","Spearman",449,0.799553721474317
"concurrent","Spearman",450,0.816775834915985
"concurrent","Spearman",451,0.806764652742578
"concurrent","Spearman",452,0.798463800329689
"concurrent","Spearman",453,0.792364643254363
"concurrent","Spearman",454,0.675136896806097
"concurrent","Spearman",455,0.831423150584457
"concurrent","Spearman",456,0.807447897871193
"concurrent","Spearman",457,0.811567071329216
"concurrent","Spearman",458,0.800165636336855
"concurrent","Spearman",459,0.848835512991336
"concurrent","Spearman",460,0.765002202397732
"concurrent","Spearman",461,0.822547737817955
"concurrent","Spearman",462,0.732901797242178
"concurrent","Spearman",463,0.732819797481764
"concurrent","Spearman",464,0.811176171668228
"concurrent","Spearman",465,0.826770123074329
"concurrent","Spearman",466,0.796489885736306
"concurrent","Spearman",467,0.815477770574312
"concurrent","Spearman",468,0.774244585374207
"concurrent","Spearman",469,0.810715454219818
"concurrent","Spearman",470,0.755997677534751
"concurrent","Spearman",471,0.81120716726973
"concurrent","Spearman",472,0.662824200776837
"concurrent","Spearman",473,0.824730049840323
"concurrent","Spearman",474,0.672448734662558
"concurrent","Spearman",475,0.753429740422601
"concurrent","Spearman",476,0.833712619128864
"concurrent","Spearman",477,0.811377240889171
"concurrent","Spearman",478,0.798032361172981
"concurrent","Spearman",479,0.7989656576046
"concurrent","Spearman",480,0.799221383831128
"concurrent","Spearman",481,0.832069635884488
"concurrent","Spearman",482,0.813147514228348
"concurrent","Spearman",483,0.735938547464587
"concurrent","Spearman",484,0.788854648106162
"concurrent","Spearman",485,0.748156431103053
"concurrent","Spearman",486,0.745266745946411
"concurrent","Spearman",487,0.787993811965969
"concurrent","Spearman",488,0.803233958629017
"concurrent","Spearman",489,0.798827183460623
"concurrent","Spearman",490,0.85633645703431
"concurrent","Spearman",491,0.734390119907757
"concurrent","Spearman",492,0.785519246090501
"concurrent","Spearman",493,0.72811475618508
"concurrent","Spearman",494,0.834322463684015
"concurrent","Spearman",495,0.792794027012424
"concurrent","Spearman",496,0.828761887100445
"concurrent","Spearman",497,0.738681975706684
"concurrent","Spearman",498,0.800230219687986
"concurrent","Spearman",499,0.801718482137252
"concurrent","Spearman",500,0.801340475482814
"concurrent","Spearman",501,0.819488979166
"concurrent","Spearman",502,0.795355523230996
"concurrent","Spearman",503,0.73505913737018
"concurrent","Spearman",504,0.733462062689643
"concurrent","Spearman",505,0.750118034918876
"concurrent","Spearman",506,0.803485693751077
"concurrent","Spearman",507,0.641087191673521
"concurrent","Spearman",508,0.700755362683085
"concurrent","Spearman",509,0.713075767944502
"concurrent","Spearman",510,0.816171640356906
"concurrent","Spearman",511,0.720673213816112
"concurrent","Spearman",512,0.781309465848392
"concurrent","Spearman",513,0.720466920219993
"concurrent","Spearman",514,0.646922053443264
"concurrent","Spearman",515,0.767638274436026
"concurrent","Spearman",516,0.71541666485308
"concurrent","Spearman",517,0.637946844656136
"concurrent","Spearman",518,0.807288452172618
"concurrent","Spearman",519,0.735033651132404
"concurrent","Spearman",520,0.78953910914612
"concurrent","Spearman",521,0.817808520549928
"concurrent","Spearman",522,0.740581995462199
"concurrent","Spearman",523,0.79768598591185
"concurrent","Spearman",524,0.806863525941382
"concurrent","Spearman",525,0.824388645574828
"concurrent","Spearman",526,0.841835719001862
"concurrent","Spearman",527,0.801452246737211
"concurrent","Spearman",528,0.783141223691644
"concurrent","Spearman",529,0.790527561787012
"concurrent","Spearman",530,0.803493999908774
"concurrent","Spearman",531,0.664726408157935
"concurrent","Spearman",532,0.798981055214539
"concurrent","Spearman",533,0.809141806982282
"concurrent","Spearman",534,0.789502273288226
"concurrent","Spearman",535,0.758982735885463
"concurrent","Spearman",536,0.774837258208539
"concurrent","Spearman",537,0.829291065171668
"concurrent","Spearman",538,0.754415076274978
"concurrent","Spearman",539,0.811313403158292
"concurrent","Spearman",540,0.75916776004276
"concurrent","Spearman",541,0.83778676765089
"concurrent","Spearman",542,0.849724011157212
"concurrent","Spearman",543,0.839651169206503
"concurrent","Spearman",544,0.833472355864191
"concurrent","Spearman",545,0.768586963804387
"concurrent","Spearman",546,0.827688742373154
"concurrent","Spearman",547,0.809790988723681
"concurrent","Spearman",548,0.849554077448379
"concurrent","Spearman",549,0.777124020959266
"concurrent","Spearman",550,0.782399750597211
"concurrent","Spearman",551,0.765128923962863
"concurrent","Spearman",552,0.839252751179405
"concurrent","Spearman",553,0.757915475932891
"concurrent","Spearman",554,0.783838670825437
"concurrent","Spearman",555,0.805781365978967
"concurrent","Spearman",556,0.825645208081283
"concurrent","Spearman",557,0.731067065553816
"concurrent","Spearman",558,0.807924448095317
"concurrent","Spearman",559,0.777258684582515
"concurrent","Spearman",560,0.740952244753809
"concurrent","Spearman",561,0.817948942466675
"concurrent","Spearman",562,0.800807686960064
"concurrent","Spearman",563,0.829235772915755
"concurrent","Spearman",564,0.791514991962062
"concurrent","Spearman",565,0.769334862542135
"concurrent","Spearman",566,0.735928958241866
"concurrent","Spearman",567,0.797852418531196
"concurrent","Spearman",568,0.828542884040413
"concurrent","Spearman",569,0.75271389049726
"concurrent","Spearman",570,0.8306936185179
"concurrent","Spearman",571,0.808742296818803
"concurrent","Spearman",572,0.810966129998288
"concurrent","Spearman",573,0.810095810546915
"concurrent","Spearman",574,0.841661746216316
"concurrent","Spearman",575,0.832629515456598
"concurrent","Spearman",576,0.81751077444059
"concurrent","Spearman",577,0.824734047038165
"concurrent","Spearman",578,0.814164101966791
"concurrent","Spearman",579,0.784663919397797
"concurrent","Spearman",580,0.817403696199802
"concurrent","Spearman",581,0.729796964658106
"concurrent","Spearman",582,0.669466386988424
"concurrent","Spearman",583,0.78147623319307
"concurrent","Spearman",584,0.789238888014226
"concurrent","Spearman",585,0.803197790094706
"concurrent","Spearman",586,0.785910012051819
"concurrent","Spearman",587,0.675893283594238
"concurrent","Spearman",588,0.827634209887358
"concurrent","Spearman",589,0.747706710032656
"concurrent","Spearman",590,0.743646258234787
"concurrent","Spearman",591,0.803947199910065
"concurrent","Spearman",592,0.833533240215202
"concurrent","Spearman",593,0.80129370224369
"concurrent","Spearman",594,0.797378373261581
"concurrent","Spearman",595,0.788500238332502
"concurrent","Spearman",596,0.814502535856219
"concurrent","Spearman",597,0.74630197563132
"concurrent","Spearman",598,0.83609316392375
"concurrent","Spearman",599,0.774012950235557
"concurrent","Spearman",600,0.714241443985721
"concurrent","Spearman",601,0.762888911779115
"concurrent","Spearman",602,0.817023751082534
"concurrent","Spearman",603,0.738363530020203
"concurrent","Spearman",604,0.757464285722316
"concurrent","Spearman",605,0.801004419576285
"concurrent","Spearman",606,0.790784681623785
"concurrent","Spearman",607,0.815496406786436
"concurrent","Spearman",608,0.783780278418464
"concurrent","Spearman",609,0.818375358549929
"concurrent","Spearman",610,0.800189034518385
"concurrent","Spearman",611,0.735920490344128
"concurrent","Spearman",612,0.818453718528774
"concurrent","Spearman",613,0.798252125786451
"concurrent","Spearman",614,0.805602445282406
"concurrent","Spearman",615,0.728742078852321
"concurrent","Spearman",616,0.836949894134593
"concurrent","Spearman",617,0.804090835696784
"concurrent","Spearman",618,0.749444004292512
"concurrent","Spearman",619,0.748373401684762
"concurrent","Spearman",620,0.825943200183868
"concurrent","Spearman",621,0.831764797659923
"concurrent","Spearman",622,0.621081849240254
"concurrent","Spearman",623,0.816749344167301
"concurrent","Spearman",624,0.740314488081135
"concurrent","Spearman",625,0.79414436735627
"concurrent","Spearman",626,0.801684323338946
"concurrent","Spearman",627,0.796835984596377
"concurrent","Spearman",628,0.790106246934739
"concurrent","Spearman",629,0.80110397054179
"concurrent","Spearman",630,0.805348539984733
"concurrent","Spearman",631,0.745101073277787
"concurrent","Spearman",632,0.827216810005597
"concurrent","Spearman",633,0.76237219842618
"concurrent","Spearman",634,0.636521230071093
"concurrent","Spearman",635,0.80770292807131
"concurrent","Spearman",636,0.791892503872647
"concurrent","Spearman",637,0.687597307803421
"concurrent","Spearman",638,0.808468257661235
"concurrent","Spearman",639,0.743661933850632
"concurrent","Spearman",640,0.830194666929914
"concurrent","Spearman",641,0.78970580856522
"concurrent","Spearman",642,0.800782853675472
"concurrent","Spearman",643,0.737060116381216
"concurrent","Spearman",644,0.812297341843563
"concurrent","Spearman",645,0.733257172556322
"concurrent","Spearman",646,0.704881512992775
"concurrent","Spearman",647,0.762751712090168
"concurrent","Spearman",648,0.81368109003268
"concurrent","Spearman",649,0.83019597107467
"concurrent","Spearman",650,0.811538248929367
"concurrent","Spearman",651,0.838815680698916
"concurrent","Spearman",652,0.815472090947248
"concurrent","Spearman",653,0.630961766562039
"concurrent","Spearman",654,0.84014421379182
"concurrent","Spearman",655,0.812200955097336
"concurrent","Spearman",656,0.774832646042186
"concurrent","Spearman",657,0.805192253854531
"concurrent","Spearman",658,0.735222311277223
"concurrent","Spearman",659,0.805059354898031
"concurrent","Spearman",660,0.80291990787985
"concurrent","Spearman",661,0.782304169900371
"concurrent","Spearman",662,0.801553035017778
"concurrent","Spearman",663,0.810797129747769
"concurrent","Spearman",664,0.7809608776066
"concurrent","Spearman",665,0.832760198566668
"concurrent","Spearman",666,0.599257878337245
"concurrent","Spearman",667,0.757888616339666
"concurrent","Spearman",668,0.801051984010158
"concurrent","Spearman",669,0.798410850708179
"concurrent","Spearman",670,0.732223760342308
"concurrent","Spearman",671,0.804108598714935
"concurrent","Spearman",672,0.730754510430757
"concurrent","Spearman",673,0.749414834886559
"concurrent","Spearman",674,0.774878617449832
"concurrent","Spearman",675,0.799899899823125
"concurrent","Spearman",676,0.7393794878564
"concurrent","Spearman",677,0.723194454608349
"concurrent","Spearman",678,0.789877394870496
"concurrent","Spearman",679,0.749033180024078
"concurrent","Spearman",680,0.792632124611412
"concurrent","Spearman",681,0.801105701934153
"concurrent","Spearman",682,0.736236755521072
"concurrent","Spearman",683,0.791216672679613
"concurrent","Spearman",684,0.84409038671703
"concurrent","Spearman",685,0.788312353690513
"concurrent","Spearman",686,0.804306157789038
"concurrent","Spearman",687,0.622808272777314
"concurrent","Spearman",688,0.827312728744096
"concurrent","Spearman",689,0.728956445223799
"concurrent","Spearman",690,0.859495781499022
"concurrent","Spearman",691,0.792758016481158
"concurrent","Spearman",692,0.798436898375336
"concurrent","Spearman",693,0.79192964556318
"concurrent","Spearman",694,0.80393123800136
"concurrent","Spearman",695,0.654417730430321
"concurrent","Spearman",696,0.857025128092751
"concurrent","Spearman",697,0.629030851457307
"concurrent","Spearman",698,0.789341308727724
"concurrent","Spearman",699,0.80183051497207
"concurrent","Spearman",700,0.834431363834017
"concurrent","Spearman",701,0.738275068611378
"concurrent","Spearman",702,0.743393833940261
"concurrent","Spearman",703,0.836919249864095
"concurrent","Spearman",704,0.620279913002804
"concurrent","Spearman",705,0.749746764783628
"concurrent","Spearman",706,0.827182053294056
"concurrent","Spearman",707,0.799988452413816
"concurrent","Spearman",708,0.802330829199597
"concurrent","Spearman",709,0.789985264192964
"concurrent","Spearman",710,0.733213928555574
"concurrent","Spearman",711,0.848426808327832
"concurrent","Spearman",712,0.808269398607654
"concurrent","Spearman",713,0.671967386213729
"concurrent","Spearman",714,0.79801729211614
"concurrent","Spearman",715,0.815582646302366
"concurrent","Spearman",716,0.808690712138853
"concurrent","Spearman",717,0.834651540457607
"concurrent","Spearman",718,0.809149124220122
"concurrent","Spearman",719,0.770863788366843
"concurrent","Spearman",720,0.812661244148493
"concurrent","Spearman",721,0.819525738882845
"concurrent","Spearman",722,0.800964697597737
"concurrent","Spearman",723,0.80212169654688
"concurrent","Spearman",724,0.83082439313916
"concurrent","Spearman",725,0.653493444849119
"concurrent","Spearman",726,0.799345554122696
"concurrent","Spearman",727,0.731016939640109
"concurrent","Spearman",728,0.829405134754181
"concurrent","Spearman",729,0.659853137036216
"concurrent","Spearman",730,0.827228470301345
"concurrent","Spearman",731,0.802302576148058
"concurrent","Spearman",732,0.845646170732675
"concurrent","Spearman",733,0.728090614821538
"concurrent","Spearman",734,0.847903015122941
"concurrent","Spearman",735,0.789723658215318
"concurrent","Spearman",736,0.807360894402471
"concurrent","Spearman",737,0.733390258442663
"concurrent","Spearman",738,0.727312207909825
"concurrent","Spearman",739,0.843754054005718
"concurrent","Spearman",740,0.804659846801023
"concurrent","Spearman",741,0.844724370060172
"concurrent","Spearman",742,0.84131494536727
"concurrent","Spearman",743,0.826861081681887
"concurrent","Spearman",744,0.845159561080168
"concurrent","Spearman",745,0.62934566016354
"concurrent","Spearman",746,0.751457751634081
"concurrent","Spearman",747,0.826570360513114
"concurrent","Spearman",748,0.839579169676741
"concurrent","Spearman",749,0.653607954487446
"concurrent","Spearman",750,0.815547794203355
"concurrent","Spearman",751,0.735362114726474
"concurrent","Spearman",752,0.722018595432832
"concurrent","Spearman",753,0.850394591063739
"concurrent","Spearman",754,0.648260477216014
"concurrent","Spearman",755,0.79811774010496
"concurrent","Spearman",756,0.810756630576412
"concurrent","Spearman",757,0.815436913370705
"concurrent","Spearman",758,0.742600144992835
"concurrent","Spearman",759,0.83944866373116
"concurrent","Spearman",760,0.675016059551429
"concurrent","Spearman",761,0.776765274192465
"concurrent","Spearman",762,0.745768747826374
"concurrent","Spearman",763,0.793544386804549
"concurrent","Spearman",764,0.738820568285773
"concurrent","Spearman",765,0.798880777640085
"concurrent","Spearman",766,0.838959257068857
"concurrent","Spearman",767,0.793022590863795
"concurrent","Spearman",768,0.73516650455257
"concurrent","Spearman",769,0.794095983296621
"concurrent","Spearman",770,0.748334598806018
"concurrent","Spearman",771,0.843411079795918
"concurrent","Spearman",772,0.784921390717441
"concurrent","Spearman",773,0.741446629007755
"concurrent","Spearman",774,0.764513961069558
"concurrent","Spearman",775,0.821257773744894
"concurrent","Spearman",776,0.794184019898801
"concurrent","Spearman",777,0.745925171859831
"concurrent","Spearman",778,0.833144121160943
"concurrent","Spearman",779,0.784219375120272
"concurrent","Spearman",780,0.788661780290786
"concurrent","Spearman",781,0.75130193720063
"concurrent","Spearman",782,0.749468166781807
"concurrent","Spearman",783,0.854402786573678
"concurrent","Spearman",784,0.784324658293924
"concurrent","Spearman",785,0.713545893168687
"concurrent","Spearman",786,0.821306751842271
"concurrent","Spearman",787,0.815795318435981
"concurrent","Spearman",788,0.768990045249121
"concurrent","Spearman",789,0.805050876841291
"concurrent","Spearman",790,0.802847093904461
"concurrent","Spearman",791,0.827573555083682
"concurrent","Spearman",792,0.84431867127376
"concurrent","Spearman",793,0.818353012939512
"concurrent","Spearman",794,0.667563916094643
"concurrent","Spearman",795,0.743532317140847
"concurrent","Spearman",796,0.834716594310466
"concurrent","Spearman",797,0.770687421775955
"concurrent","Spearman",798,0.789354908960328
"concurrent","Spearman",799,0.769086645677646
"concurrent","Spearman",800,0.732915757440067
"concurrent","Spearman",801,0.803248614392398
"concurrent","Spearman",802,0.826760095714434
"concurrent","Spearman",803,0.796952161467598
"concurrent","Spearman",804,0.742709508467455
"concurrent","Spearman",805,0.667647074452517
"concurrent","Spearman",806,0.801265746012908
"concurrent","Spearman",807,0.8444920285624
"concurrent","Spearman",808,0.802879102175354
"concurrent","Spearman",809,0.738488791558045
"concurrent","Spearman",810,0.765171043914103
"concurrent","Spearman",811,0.757772334446052
"concurrent","Spearman",812,0.812849864947378
"concurrent","Spearman",813,0.724754017296667
"concurrent","Spearman",814,0.787511933303216
"concurrent","Spearman",815,0.816892148290611
"concurrent","Spearman",816,0.838188527093493
"concurrent","Spearman",817,0.728890648668194
"concurrent","Spearman",818,0.83041126306607
"concurrent","Spearman",819,0.860489188607777
"concurrent","Spearman",820,0.786716588897445
"concurrent","Spearman",821,0.746076753571158
"concurrent","Spearman",822,0.811933839236997
"concurrent","Spearman",823,0.845777386891858
"concurrent","Spearman",824,0.821676398132056
"concurrent","Spearman",825,0.817629217569625
"concurrent","Spearman",826,0.809754357906316
"concurrent","Spearman",827,0.829641176897968
"concurrent","Spearman",828,0.80930467656681
"concurrent","Spearman",829,0.736845976494348
"concurrent","Spearman",830,0.792918786275949
"concurrent","Spearman",831,0.78437962994998
"concurrent","Spearman",832,0.646929491058107
"concurrent","Spearman",833,0.808899523668084
"concurrent","Spearman",834,0.737904658490175
"concurrent","Spearman",835,0.741960040295728
"concurrent","Spearman",836,0.785176817705806
"concurrent","Spearman",837,0.754527228498689
"concurrent","Spearman",838,0.805629976001902
"concurrent","Spearman",839,0.810658172331004
"concurrent","Spearman",840,0.791549529725548
"concurrent","Spearman",841,0.799761860795072
"concurrent","Spearman",842,0.840329148677977
"concurrent","Spearman",843,0.680831496610477
"concurrent","Spearman",844,0.72315899733498
"concurrent","Spearman",845,0.776034579720958
"concurrent","Spearman",846,0.775545362556653
"concurrent","Spearman",847,0.664474352464675
"concurrent","Spearman",848,0.760724753221533
"concurrent","Spearman",849,0.726845525957867
"concurrent","Spearman",850,0.795294930209887
"concurrent","Spearman",851,0.731313383939328
"concurrent","Spearman",852,0.749531731140696
"concurrent","Spearman",853,0.80552545186762
"concurrent","Spearman",854,0.830731873170268
"concurrent","Spearman",855,0.743737887589624
"concurrent","Spearman",856,0.804591947081137
"concurrent","Spearman",857,0.809264908094961
"concurrent","Spearman",858,0.775674021100271
"concurrent","Spearman",859,0.835562407922091
"concurrent","Spearman",860,0.743711689294279
"concurrent","Spearman",861,0.837112364035597
"concurrent","Spearman",862,0.748843886153843
"concurrent","Spearman",863,0.795560682095434
"concurrent","Spearman",864,0.825037715433111
"concurrent","Spearman",865,0.824985313010575
"concurrent","Spearman",866,0.861725166225607
"concurrent","Spearman",867,0.73657949155889
"concurrent","Spearman",868,0.669159836721643
"concurrent","Spearman",869,0.825498775288071
"concurrent","Spearman",870,0.796344524929673
"concurrent","Spearman",871,0.750500073928173
"concurrent","Spearman",872,0.838320631581384
"concurrent","Spearman",873,0.74096241039106
"concurrent","Spearman",874,0.784285721075713
"concurrent","Spearman",875,0.787932855196445
"concurrent","Spearman",876,0.806851592003578
"concurrent","Spearman",877,0.805556139603227
"concurrent","Spearman",878,0.789898903909247
"concurrent","Spearman",879,0.76993756260169
"concurrent","Spearman",880,0.761916478935422
"concurrent","Spearman",881,0.824609053008041
"concurrent","Spearman",882,0.755109516487777
"concurrent","Spearman",883,0.670512312345967
"concurrent","Spearman",884,0.646721474930872
"concurrent","Spearman",885,0.728955439439926
"concurrent","Spearman",886,0.805470487748409
"concurrent","Spearman",887,0.814720445987558
"concurrent","Spearman",888,0.800634558028296
"concurrent","Spearman",889,0.795266171275305
"concurrent","Spearman",890,0.786661305451521
"concurrent","Spearman",891,0.801126451087716
"concurrent","Spearman",892,0.727354118997924
"concurrent","Spearman",893,0.838587824191648
"concurrent","Spearman",894,0.795608137644717
"concurrent","Spearman",895,0.83111583566458
"concurrent","Spearman",896,0.825882481509208
"concurrent","Spearman",897,0.799743253109217
"concurrent","Spearman",898,0.791219968732168
"concurrent","Spearman",899,0.859432450284267
"concurrent","Spearman",900,0.831555473580489
"concurrent","Spearman",901,0.770356834570899
"concurrent","Spearman",902,0.730382277035557
"concurrent","Spearman",903,0.78501431032093
"concurrent","Spearman",904,0.828378809209062
"concurrent","Spearman",905,0.833540652144414
"concurrent","Spearman",906,0.82864828027603
"concurrent","Spearman",907,0.749998962566348
"concurrent","Spearman",908,0.819214780492626
"concurrent","Spearman",909,0.822118196026285
"concurrent","Spearman",910,0.785437056849889
"concurrent","Spearman",911,0.752011608116612
"concurrent","Spearman",912,0.811678521987344
"concurrent","Spearman",913,0.80066616502149
"concurrent","Spearman",914,0.806647271618385
"concurrent","Spearman",915,0.797431162916634
"concurrent","Spearman",916,0.803919519317831
"concurrent","Spearman",917,0.837629042279286
"concurrent","Spearman",918,0.791757438738472
"concurrent","Spearman",919,0.784303781203199
"concurrent","Spearman",920,0.799012622399811
"concurrent","Spearman",921,0.720845247930364
"concurrent","Spearman",922,0.753829297310141
"concurrent","Spearman",923,0.803910834682651
"concurrent","Spearman",924,0.753038159892001
"concurrent","Spearman",925,0.735070895608973
"concurrent","Spearman",926,0.800109846890438
"concurrent","Spearman",927,0.673079469578805
"concurrent","Spearman",928,0.813784913693547
"concurrent","Spearman",929,0.806741484596297
"concurrent","Spearman",930,0.807143089472897
"concurrent","Spearman",931,0.739918908177822
"concurrent","Spearman",932,0.832569808300982
"concurrent","Spearman",933,0.791165352380402
"concurrent","Spearman",934,0.74366985418732
"concurrent","Spearman",935,0.828010797052385
"concurrent","Spearman",936,0.827243856183396
"concurrent","Spearman",937,0.799992714243934
"concurrent","Spearman",938,0.792305756219945
"concurrent","Spearman",939,0.628541012268493
"concurrent","Spearman",940,0.802685305616419
"concurrent","Spearman",941,0.759886806935671
"concurrent","Spearman",942,0.753456677404319
"concurrent","Spearman",943,0.805680137319235
"concurrent","Spearman",944,0.776038573539359
"concurrent","Spearman",945,0.751268081332929
"concurrent","Spearman",946,0.745589064199852
"concurrent","Spearman",947,0.794033607583387
"concurrent","Spearman",948,0.815427796204724
"concurrent","Spearman",949,0.804873502804288
"concurrent","Spearman",950,0.788498238423024
"concurrent","Spearman",951,0.839702325354845
"concurrent","Spearman",952,0.742137666083073
"concurrent","Spearman",953,0.761461244321361
"concurrent","Spearman",954,0.794916204996805
"concurrent","Spearman",955,0.731056978191367
"concurrent","Spearman",956,0.811268588891795
"concurrent","Spearman",957,0.79270028444793
"concurrent","Spearman",958,0.790423939258779
"concurrent","Spearman",959,0.697567846710177
"concurrent","Spearman",960,0.83594077136633
"concurrent","Spearman",961,0.802221161016333
"concurrent","Spearman",962,0.736871303591151
"concurrent","Spearman",963,0.818306766316632
"concurrent","Spearman",964,0.674126386217947
"concurrent","Spearman",965,0.756237911032157
"concurrent","Spearman",966,0.829577827730173
"concurrent","Spearman",967,0.825713084554727
"concurrent","Spearman",968,0.83176105969543
"concurrent","Spearman",969,0.788944285251785
"concurrent","Spearman",970,0.836318891456613
"concurrent","Spearman",971,0.794049137898409
"concurrent","Spearman",972,0.751814858071317
"concurrent","Spearman",973,0.806964898635716
"concurrent","Spearman",974,0.814259797727243
"concurrent","Spearman",975,0.827382843029281
"concurrent","Spearman",976,0.842337498809736
"concurrent","Spearman",977,0.786881186632166
"concurrent","Spearman",978,0.813904923789901
"concurrent","Spearman",979,0.840034158838716
"concurrent","Spearman",980,0.734684618615794
"concurrent","Spearman",981,0.586256010622744
"concurrent","Spearman",982,0.744025830321505
"concurrent","Spearman",983,0.7534904584591
"concurrent","Spearman",984,0.813830003023004
"concurrent","Spearman",985,0.744031206028479
"concurrent","Spearman",986,0.814298826257335
"concurrent","Spearman",987,0.789914660651934
"concurrent","Spearman",988,0.744291799582305
"concurrent","Spearman",989,0.843844722389356
"concurrent","Spearman",990,0.798554031880558
"concurrent","Spearman",991,0.775688023025256
"concurrent","Spearman",992,0.754416494017745
"concurrent","Spearman",993,0.814622188000713
"concurrent","Spearman",994,0.772210913973805
"concurrent","Spearman",995,0.787915399962627
"concurrent","Spearman",996,0.815726689166076
"concurrent","Spearman",997,0.805214099084098
"concurrent","Spearman",998,0.794453843820462
"concurrent","Spearman",999,0.759438133636609
"concurrent","Spearman",1000,0.836667023568048
"concurrent","MAE",1,0.194258232549593
"concurrent","MAE",2,0.103944553933322
"concurrent","MAE",3,0.151231419727861
"concurrent","MAE",4,0.113854811032161
"concurrent","MAE",5,0.0945957082588683
"concurrent","MAE",6,0.126444143160074
"concurrent","MAE",7,0.110200217477195
"concurrent","MAE",8,0.17210078581437
"concurrent","MAE",9,0.119918905232531
"concurrent","MAE",10,0.133657219144231
"concurrent","MAE",11,0.120988473948275
"concurrent","MAE",12,0.108508364137988
"concurrent","MAE",13,0.119938801777907
"concurrent","MAE",14,0.126224740597049
"concurrent","MAE",15,0.1148327119898
"concurrent","MAE",16,0.124446850727543
"concurrent","MAE",17,0.12098109857846
"concurrent","MAE",18,0.0914226260969197
"concurrent","MAE",19,0.132863498651743
"concurrent","MAE",20,0.163207995548974
"concurrent","MAE",21,0.103421071948845
"concurrent","MAE",22,0.128550655240397
"concurrent","MAE",23,0.0990152411903326
"concurrent","MAE",24,0.13529349012855
"concurrent","MAE",25,0.120294355897858
"concurrent","MAE",26,0.113738753361993
"concurrent","MAE",27,0.131836690633793
"concurrent","MAE",28,0.11054777809277
"concurrent","MAE",29,0.111788223258731
"concurrent","MAE",30,0.106965795032244
"concurrent","MAE",31,0.0915452389838501
"concurrent","MAE",32,0.123802954827092
"concurrent","MAE",33,0.0901737780305502
"concurrent","MAE",34,0.0865029095607839
"concurrent","MAE",35,0.0956330015944575
"concurrent","MAE",36,0.112669828201663
"concurrent","MAE",37,0.149384993955302
"concurrent","MAE",38,0.0901672594121621
"concurrent","MAE",39,0.142853751309879
"concurrent","MAE",40,0.130847317774809
"concurrent","MAE",41,0.159728333611302
"concurrent","MAE",42,0.132939767765785
"concurrent","MAE",43,0.190812051239988
"concurrent","MAE",44,0.123955368580077
"concurrent","MAE",45,0.106287719640566
"concurrent","MAE",46,0.156635820089032
"concurrent","MAE",47,0.12271016978307
"concurrent","MAE",48,0.111621059047743
"concurrent","MAE",49,0.123644980407953
"concurrent","MAE",50,0.10667401534052
"concurrent","MAE",51,0.189872261063933
"concurrent","MAE",52,0.120889665201156
"concurrent","MAE",53,0.0945715814643509
"concurrent","MAE",54,0.121476155153659
"concurrent","MAE",55,0.176480395286765
"concurrent","MAE",56,0.103889730132499
"concurrent","MAE",57,0.101719937906203
"concurrent","MAE",58,0.156872560406845
"concurrent","MAE",59,0.137942073941635
"concurrent","MAE",60,0.0889017448549703
"concurrent","MAE",61,0.115816306924885
"concurrent","MAE",62,0.111867767203368
"concurrent","MAE",63,0.088285492336735
"concurrent","MAE",64,0.0886262081916266
"concurrent","MAE",65,0.0922728802719844
"concurrent","MAE",66,0.131851637314341
"concurrent","MAE",67,0.153989096123438
"concurrent","MAE",68,0.0969995546440579
"concurrent","MAE",69,0.152829764948752
"concurrent","MAE",70,0.124262581636179
"concurrent","MAE",71,0.134935238848267
"concurrent","MAE",72,0.114404219874257
"concurrent","MAE",73,0.102907735122752
"concurrent","MAE",74,0.0944850098874121
"concurrent","MAE",75,0.113914604649054
"concurrent","MAE",76,0.128076265044221
"concurrent","MAE",77,0.145355736750898
"concurrent","MAE",78,0.121224917354948
"concurrent","MAE",79,0.1336471467605
"concurrent","MAE",80,0.123211335156681
"concurrent","MAE",81,0.116189713168611
"concurrent","MAE",82,0.129961659196536
"concurrent","MAE",83,0.0924013184091931
"concurrent","MAE",84,0.132051710982972
"concurrent","MAE",85,0.102605099963773
"concurrent","MAE",86,0.12949810603062
"concurrent","MAE",87,0.101253922258466
"concurrent","MAE",88,0.136840939086169
"concurrent","MAE",89,0.0874883609873122
"concurrent","MAE",90,0.111982262670074
"concurrent","MAE",91,0.116114241396661
"concurrent","MAE",92,0.128322780107076
"concurrent","MAE",93,0.183036787028487
"concurrent","MAE",94,0.140047600938236
"concurrent","MAE",95,0.0895977333696554
"concurrent","MAE",96,0.101764561369929
"concurrent","MAE",97,0.117299508976526
"concurrent","MAE",98,0.130558168740329
"concurrent","MAE",99,0.119080419375934
"concurrent","MAE",100,0.113476819783034
"concurrent","MAE",101,0.131104000443131
"concurrent","MAE",102,0.109169214793476
"concurrent","MAE",103,0.133369260903512
"concurrent","MAE",104,0.182951655554563
"concurrent","MAE",105,0.0900077047121507
"concurrent","MAE",106,0.11431117594619
"concurrent","MAE",107,0.097284686031017
"concurrent","MAE",108,0.130013519378556
"concurrent","MAE",109,0.0909180510355433
"concurrent","MAE",110,0.11524347536161
"concurrent","MAE",111,0.121261024528426
"concurrent","MAE",112,0.13484369868486
"concurrent","MAE",113,0.106246155506694
"concurrent","MAE",114,0.143274878011905
"concurrent","MAE",115,0.13421337373901
"concurrent","MAE",116,0.0902336369922522
"concurrent","MAE",117,0.0966376300701145
"concurrent","MAE",118,0.111194828856031
"concurrent","MAE",119,0.133499707479432
"concurrent","MAE",120,0.128859110637258
"concurrent","MAE",121,0.118909517191246
"concurrent","MAE",122,0.106919270996681
"concurrent","MAE",123,0.116298832470007
"concurrent","MAE",124,0.132709431011515
"concurrent","MAE",125,0.136092003960599
"concurrent","MAE",126,0.107226195404208
"concurrent","MAE",127,0.113785052461083
"concurrent","MAE",128,0.121125010747715
"concurrent","MAE",129,0.149377556170522
"concurrent","MAE",130,0.127818323500038
"concurrent","MAE",131,0.0977629895099111
"concurrent","MAE",132,0.136470435561918
"concurrent","MAE",133,0.0935537158995215
"concurrent","MAE",134,0.121929548118534
"concurrent","MAE",135,0.115143115477864
"concurrent","MAE",136,0.122660789728222
"concurrent","MAE",137,0.124867278786218
"concurrent","MAE",138,0.134448705108617
"concurrent","MAE",139,0.138014457341834
"concurrent","MAE",140,0.0873498097105887
"concurrent","MAE",141,0.113244771091098
"concurrent","MAE",142,0.10837863795113
"concurrent","MAE",143,0.116550907071536
"concurrent","MAE",144,0.0911432564695361
"concurrent","MAE",145,0.1247642658324
"concurrent","MAE",146,0.143566831170373
"concurrent","MAE",147,0.135931835732176
"concurrent","MAE",148,0.109865255823153
"concurrent","MAE",149,0.188075272952964
"concurrent","MAE",150,0.119258537186381
"concurrent","MAE",151,0.0878174210973444
"concurrent","MAE",152,0.129372408575674
"concurrent","MAE",153,0.168814563554026
"concurrent","MAE",154,0.100156083665319
"concurrent","MAE",155,0.148754673896546
"concurrent","MAE",156,0.151919998352728
"concurrent","MAE",157,0.105995599105498
"concurrent","MAE",158,0.100327640541825
"concurrent","MAE",159,0.126668299912453
"concurrent","MAE",160,0.129004309585477
"concurrent","MAE",161,0.105300766326491
"concurrent","MAE",162,0.118866837962088
"concurrent","MAE",163,0.117389094877039
"concurrent","MAE",164,0.121393751121879
"concurrent","MAE",165,0.0891911587416415
"concurrent","MAE",166,0.180778332951986
"concurrent","MAE",167,0.150310961288685
"concurrent","MAE",168,0.141265674006173
"concurrent","MAE",169,0.117349519131241
"concurrent","MAE",170,0.188969365555545
"concurrent","MAE",171,0.0896170448074828
"concurrent","MAE",172,0.129719071176404
"concurrent","MAE",173,0.106913826421252
"concurrent","MAE",174,0.118817084708809
"concurrent","MAE",175,0.114725631865693
"concurrent","MAE",176,0.104961124421593
"concurrent","MAE",177,0.121410971361276
"concurrent","MAE",178,0.177706036423016
"concurrent","MAE",179,0.191809980877378
"concurrent","MAE",180,0.11107951175685
"concurrent","MAE",181,0.142717425541854
"concurrent","MAE",182,0.124414155432728
"concurrent","MAE",183,0.141762506700237
"concurrent","MAE",184,0.120221124611491
"concurrent","MAE",185,0.118078256068108
"concurrent","MAE",186,0.183667684363811
"concurrent","MAE",187,0.129849127381131
"concurrent","MAE",188,0.15982821168048
"concurrent","MAE",189,0.0949044232472165
"concurrent","MAE",190,0.0867233383215164
"concurrent","MAE",191,0.152719605142731
"concurrent","MAE",192,0.111184546269324
"concurrent","MAE",193,0.119265350667912
"concurrent","MAE",194,0.118357384538336
"concurrent","MAE",195,0.0909971120724085
"concurrent","MAE",196,0.133587044123294
"concurrent","MAE",197,0.165551621873095
"concurrent","MAE",198,0.0950223172199741
"concurrent","MAE",199,0.136775671357394
"concurrent","MAE",200,0.0948972271605198
"concurrent","MAE",201,0.149092511770997
"concurrent","MAE",202,0.119452523272485
"concurrent","MAE",203,0.117630292495457
"concurrent","MAE",204,0.101507308419202
"concurrent","MAE",205,0.0845504447700615
"concurrent","MAE",206,0.089712029230707
"concurrent","MAE",207,0.163599977236256
"concurrent","MAE",208,0.152481887403038
"concurrent","MAE",209,0.122101348314524
"concurrent","MAE",210,0.0965186971710932
"concurrent","MAE",211,0.0872116577089736
"concurrent","MAE",212,0.154828478410384
"concurrent","MAE",213,0.127726795565442
"concurrent","MAE",214,0.129933402851485
"concurrent","MAE",215,0.123949028312749
"concurrent","MAE",216,0.119453012016197
"concurrent","MAE",217,0.138316777536884
"concurrent","MAE",218,0.127399383927966
"concurrent","MAE",219,0.116782717406279
"concurrent","MAE",220,0.12428059127781
"concurrent","MAE",221,0.109708448497111
"concurrent","MAE",222,0.110799722803708
"concurrent","MAE",223,0.132395517154348
"concurrent","MAE",224,0.119738519991521
"concurrent","MAE",225,0.0871387436455257
"concurrent","MAE",226,0.151196052748902
"concurrent","MAE",227,0.128247657378534
"concurrent","MAE",228,0.118821210306611
"concurrent","MAE",229,0.0872631717650429
"concurrent","MAE",230,0.0921744070466722
"concurrent","MAE",231,0.155223569358853
"concurrent","MAE",232,0.128696113999117
"concurrent","MAE",233,0.118371265195443
"concurrent","MAE",234,0.0928165461590342
"concurrent","MAE",235,0.0996922675093648
"concurrent","MAE",236,0.12743135231371
"concurrent","MAE",237,0.154818503953814
"concurrent","MAE",238,0.0939746007317906
"concurrent","MAE",239,0.0868279711595299
"concurrent","MAE",240,0.183270503798333
"concurrent","MAE",241,0.114258327913697
"concurrent","MAE",242,0.115513414198291
"concurrent","MAE",243,0.120890038896849
"concurrent","MAE",244,0.109236354458523
"concurrent","MAE",245,0.1425891641801
"concurrent","MAE",246,0.160359319264497
"concurrent","MAE",247,0.102612426343368
"concurrent","MAE",248,0.117317728801391
"concurrent","MAE",249,0.135378455235799
"concurrent","MAE",250,0.0984248848954819
"concurrent","MAE",251,0.129318453242787
"concurrent","MAE",252,0.123710979943877
"concurrent","MAE",253,0.137363253350064
"concurrent","MAE",254,0.100533099405965
"concurrent","MAE",255,0.0922232013017688
"concurrent","MAE",256,0.119818493772855
"concurrent","MAE",257,0.0943880460275426
"concurrent","MAE",258,0.131766027017716
"concurrent","MAE",259,0.117491050887948
"concurrent","MAE",260,0.108370910096981
"concurrent","MAE",261,0.183095912966518
"concurrent","MAE",262,0.126564092091346
"concurrent","MAE",263,0.121409195233581
"concurrent","MAE",264,0.111519540961716
"concurrent","MAE",265,0.116096650900598
"concurrent","MAE",266,0.118847371423317
"concurrent","MAE",267,0.142905136232327
"concurrent","MAE",268,0.121769252477494
"concurrent","MAE",269,0.184512883441779
"concurrent","MAE",270,0.127334962147033
"concurrent","MAE",271,0.14311701655607
"concurrent","MAE",272,0.124407215116879
"concurrent","MAE",273,0.114656686989763
"concurrent","MAE",274,0.127672355465559
"concurrent","MAE",275,0.0966233886767052
"concurrent","MAE",276,0.151994824481114
"concurrent","MAE",277,0.138097872862243
"concurrent","MAE",278,0.128002890596995
"concurrent","MAE",279,0.113773846168808
"concurrent","MAE",280,0.121927652677073
"concurrent","MAE",281,0.0909012791966349
"concurrent","MAE",282,0.0930966514643837
"concurrent","MAE",283,0.114498884814052
"concurrent","MAE",284,0.180346827385383
"concurrent","MAE",285,0.104300156771461
"concurrent","MAE",286,0.0992955671624279
"concurrent","MAE",287,0.138672513199533
"concurrent","MAE",288,0.131587228284135
"concurrent","MAE",289,0.120381626603134
"concurrent","MAE",290,0.106789287551248
"concurrent","MAE",291,0.110631633871149
"concurrent","MAE",292,0.120824055530725
"concurrent","MAE",293,0.120687201450485
"concurrent","MAE",294,0.0852411375010258
"concurrent","MAE",295,0.0975242740620407
"concurrent","MAE",296,0.116256290244585
"concurrent","MAE",297,0.149227607780092
"concurrent","MAE",298,0.169901807308656
"concurrent","MAE",299,0.117660878876908
"concurrent","MAE",300,0.129426096136315
"concurrent","MAE",301,0.115613837293788
"concurrent","MAE",302,0.119347890941796
"concurrent","MAE",303,0.097804541992915
"concurrent","MAE",304,0.0949769998724633
"concurrent","MAE",305,0.110495620751728
"concurrent","MAE",306,0.105545415276068
"concurrent","MAE",307,0.0855232362197647
"concurrent","MAE",308,0.117198568101769
"concurrent","MAE",309,0.106640405737633
"concurrent","MAE",310,0.166416205794793
"concurrent","MAE",311,0.0924419303829791
"concurrent","MAE",312,0.137977366605375
"concurrent","MAE",313,0.101386619153857
"concurrent","MAE",314,0.114151228503939
"concurrent","MAE",315,0.124552745534306
"concurrent","MAE",316,0.0917382885214775
"concurrent","MAE",317,0.136439121893378
"concurrent","MAE",318,0.133052879769885
"concurrent","MAE",319,0.111129114911527
"concurrent","MAE",320,0.122667613645929
"concurrent","MAE",321,0.108132647851492
"concurrent","MAE",322,0.158263650734101
"concurrent","MAE",323,0.0900732234698449
"concurrent","MAE",324,0.101971461914935
"concurrent","MAE",325,0.134370627101429
"concurrent","MAE",326,0.0933193375964599
"concurrent","MAE",327,0.114624890323517
"concurrent","MAE",328,0.139385918223236
"concurrent","MAE",329,0.0926028187285088
"concurrent","MAE",330,0.116083769631568
"concurrent","MAE",331,0.0976135461919266
"concurrent","MAE",332,0.136256798180859
"concurrent","MAE",333,0.0905195969668675
"concurrent","MAE",334,0.135824119535279
"concurrent","MAE",335,0.13617428499566
"concurrent","MAE",336,0.157749220412473
"concurrent","MAE",337,0.154588712219429
"concurrent","MAE",338,0.129737933062242
"concurrent","MAE",339,0.0879922703461842
"concurrent","MAE",340,0.0980381161787852
"concurrent","MAE",341,0.128418284880949
"concurrent","MAE",342,0.163685158421202
"concurrent","MAE",343,0.118083319568165
"concurrent","MAE",344,0.130574172712668
"concurrent","MAE",345,0.123808938362427
"concurrent","MAE",346,0.111231296099394
"concurrent","MAE",347,0.145335464330299
"concurrent","MAE",348,0.189925614072271
"concurrent","MAE",349,0.190561357851006
"concurrent","MAE",350,0.114244755079772
"concurrent","MAE",351,0.140148659420548
"concurrent","MAE",352,0.09318487830325
"concurrent","MAE",353,0.138364936785011
"concurrent","MAE",354,0.115382741125725
"concurrent","MAE",355,0.137454880593237
"concurrent","MAE",356,0.129038702512654
"concurrent","MAE",357,0.103710699312796
"concurrent","MAE",358,0.132016821706572
"concurrent","MAE",359,0.1449307618106
"concurrent","MAE",360,0.0972910446723901
"concurrent","MAE",361,0.143932086614835
"concurrent","MAE",362,0.084338875990305
"concurrent","MAE",363,0.186720774181935
"concurrent","MAE",364,0.107468584425585
"concurrent","MAE",365,0.180866479290769
"concurrent","MAE",366,0.0907794322671431
"concurrent","MAE",367,0.135827682782054
"concurrent","MAE",368,0.149479572440071
"concurrent","MAE",369,0.120994257133718
"concurrent","MAE",370,0.136320373966252
"concurrent","MAE",371,0.118132543517142
"concurrent","MAE",372,0.0923896172147829
"concurrent","MAE",373,0.0853106077583575
"concurrent","MAE",374,0.130870487409705
"concurrent","MAE",375,0.0941030361331854
"concurrent","MAE",376,0.11825929792846
"concurrent","MAE",377,0.119865796577191
"concurrent","MAE",378,0.086090656361289
"concurrent","MAE",379,0.0927470742909915
"concurrent","MAE",380,0.104857000076257
"concurrent","MAE",381,0.154858858189242
"concurrent","MAE",382,0.126182278103713
"concurrent","MAE",383,0.199386775355955
"concurrent","MAE",384,0.136803202603883
"concurrent","MAE",385,0.110763736450007
"concurrent","MAE",386,0.155211096060531
"concurrent","MAE",387,0.135171940272258
"concurrent","MAE",388,0.130005060320296
"concurrent","MAE",389,0.129608801753917
"concurrent","MAE",390,0.130147751175363
"concurrent","MAE",391,0.0911674645278084
"concurrent","MAE",392,0.113613776784574
"concurrent","MAE",393,0.0850750115021192
"concurrent","MAE",394,0.147157094921146
"concurrent","MAE",395,0.136603154874745
"concurrent","MAE",396,0.0956876569984668
"concurrent","MAE",397,0.165127180374269
"concurrent","MAE",398,0.117447293511496
"concurrent","MAE",399,0.117235538612363
"concurrent","MAE",400,0.102304689313832
"concurrent","MAE",401,0.0862915069178792
"concurrent","MAE",402,0.102775598191559
"concurrent","MAE",403,0.116168688101937
"concurrent","MAE",404,0.129949374388407
"concurrent","MAE",405,0.12910337482052
"concurrent","MAE",406,0.134918700291255
"concurrent","MAE",407,0.134455835301084
"concurrent","MAE",408,0.114735922812514
"concurrent","MAE",409,0.0913046732405921
"concurrent","MAE",410,0.119361394713069
"concurrent","MAE",411,0.0849032441068098
"concurrent","MAE",412,0.0925296474155953
"concurrent","MAE",413,0.118261025996697
"concurrent","MAE",414,0.118860374115511
"concurrent","MAE",415,0.106619378717088
"concurrent","MAE",416,0.102897883530298
"concurrent","MAE",417,0.115156284660794
"concurrent","MAE",418,0.0946167183570709
"concurrent","MAE",419,0.089312897432376
"concurrent","MAE",420,0.0859339366225275
"concurrent","MAE",421,0.132988735156182
"concurrent","MAE",422,0.124829243220733
"concurrent","MAE",423,0.121264111090957
"concurrent","MAE",424,0.131209003516399
"concurrent","MAE",425,0.134388048858471
"concurrent","MAE",426,0.114771579784326
"concurrent","MAE",427,0.107856264026256
"concurrent","MAE",428,0.0883499313835319
"concurrent","MAE",429,0.114542217852568
"concurrent","MAE",430,0.0989193501318538
"concurrent","MAE",431,0.0869032768566018
"concurrent","MAE",432,0.0947983992189581
"concurrent","MAE",433,0.0935276757039899
"concurrent","MAE",434,0.0983421784751256
"concurrent","MAE",435,0.0948944657363706
"concurrent","MAE",436,0.106410682675226
"concurrent","MAE",437,0.122698285820487
"concurrent","MAE",438,0.114082838708735
"concurrent","MAE",439,0.181402420467819
"concurrent","MAE",440,0.142552731532775
"concurrent","MAE",441,0.120512000904938
"concurrent","MAE",442,0.132603975459856
"concurrent","MAE",443,0.0929008655431979
"concurrent","MAE",444,0.117765331455697
"concurrent","MAE",445,0.123506876445692
"concurrent","MAE",446,0.182975753030297
"concurrent","MAE",447,0.0889018021089827
"concurrent","MAE",448,0.183679491406839
"concurrent","MAE",449,0.088530435340253
"concurrent","MAE",450,0.11315873384981
"concurrent","MAE",451,0.0852122358548196
"concurrent","MAE",452,0.129258682811905
"concurrent","MAE",453,0.0945563368535969
"concurrent","MAE",454,0.180741529288129
"concurrent","MAE",455,0.128461840965613
"concurrent","MAE",456,0.118883372944738
"concurrent","MAE",457,0.112584287112572
"concurrent","MAE",458,0.12216668759157
"concurrent","MAE",459,0.118925573839746
"concurrent","MAE",460,0.139123936653702
"concurrent","MAE",461,0.117843755521873
"concurrent","MAE",462,0.109191663167977
"concurrent","MAE",463,0.115645215803946
"concurrent","MAE",464,0.107045424500142
"concurrent","MAE",465,0.122417844157158
"concurrent","MAE",466,0.120814038829772
"concurrent","MAE",467,0.120655175754408
"concurrent","MAE",468,0.131914016744405
"concurrent","MAE",469,0.114192548232512
"concurrent","MAE",470,0.149396693488776
"concurrent","MAE",471,0.087878561307062
"concurrent","MAE",472,0.185010632406557
"concurrent","MAE",473,0.0963058025795757
"concurrent","MAE",474,0.175331298101907
"concurrent","MAE",475,0.104621312480675
"concurrent","MAE",476,0.129454925424469
"concurrent","MAE",477,0.117305603480864
"concurrent","MAE",478,0.119166376471592
"concurrent","MAE",479,0.11630616912945
"concurrent","MAE",480,0.0875797228735979
"concurrent","MAE",481,0.116572780919513
"concurrent","MAE",482,0.115200022381781
"concurrent","MAE",483,0.14114771722136
"concurrent","MAE",484,0.126417440031606
"concurrent","MAE",485,0.137778336610823
"concurrent","MAE",486,0.138742241374561
"concurrent","MAE",487,0.0948580443381816
"concurrent","MAE",488,0.131330824778223
"concurrent","MAE",489,0.0950918061104293
"concurrent","MAE",490,0.124176566177281
"concurrent","MAE",491,0.164125964251276
"concurrent","MAE",492,0.125960933846382
"concurrent","MAE",493,0.161183075127522
"concurrent","MAE",494,0.0939209948499797
"concurrent","MAE",495,0.100755773676912
"concurrent","MAE",496,0.0964763225861506
"concurrent","MAE",497,0.160257079898444
"concurrent","MAE",498,0.123553831823968
"concurrent","MAE",499,0.11887645404823
"concurrent","MAE",500,0.126373311062685
"concurrent","MAE",501,0.114026570622388
"concurrent","MAE",502,0.118741876715176
"concurrent","MAE",503,0.113913607658364
"concurrent","MAE",504,0.154246928991987
"concurrent","MAE",505,0.14884680313903
"concurrent","MAE",506,0.0921991793902476
"concurrent","MAE",507,0.189510172976601
"concurrent","MAE",508,0.172668825583852
"concurrent","MAE",509,0.118098255695773
"concurrent","MAE",510,0.117126520152666
"concurrent","MAE",511,0.163417992389474
"concurrent","MAE",512,0.118727392768466
"concurrent","MAE",513,0.164148496527133
"concurrent","MAE",514,0.188816541941227
"concurrent","MAE",515,0.139263169640736
"concurrent","MAE",516,0.118267592288019
"concurrent","MAE",517,0.191633699628803
"concurrent","MAE",518,0.114266044377013
"concurrent","MAE",519,0.115612857863202
"concurrent","MAE",520,0.123020394266291
"concurrent","MAE",521,0.0867725240154332
"concurrent","MAE",522,0.15553073582576
"concurrent","MAE",523,0.119575032217713
"concurrent","MAE",524,0.0979213634078587
"concurrent","MAE",525,0.134613709589342
"concurrent","MAE",526,0.11308224569781
"concurrent","MAE",527,0.137883735620632
"concurrent","MAE",528,0.091988529777519
"concurrent","MAE",529,0.12050920385708
"concurrent","MAE",530,0.0906415349650878
"concurrent","MAE",531,0.186143402969853
"concurrent","MAE",532,0.122055453895176
"concurrent","MAE",533,0.111556600979225
"concurrent","MAE",534,0.123725251064128
"concurrent","MAE",535,0.15098215596153
"concurrent","MAE",536,0.128857098257106
"concurrent","MAE",537,0.0926023802635888
"concurrent","MAE",538,0.131115532472307
"concurrent","MAE",539,0.118013151224891
"concurrent","MAE",540,0.148588775432689
"concurrent","MAE",541,0.108580103661533
"concurrent","MAE",542,0.154869728321231
"concurrent","MAE",543,0.100319992856671
"concurrent","MAE",544,0.092349652993871
"concurrent","MAE",545,0.133412786726494
"concurrent","MAE",546,0.119406580193822
"concurrent","MAE",547,0.119312149913331
"concurrent","MAE",548,0.116447494540993
"concurrent","MAE",549,0.118501535877056
"concurrent","MAE",550,0.0988024043668275
"concurrent","MAE",551,0.133370000997425
"concurrent","MAE",552,0.124644043415761
"concurrent","MAE",553,0.13127119740836
"concurrent","MAE",554,0.130954981207444
"concurrent","MAE",555,0.125676953206587
"concurrent","MAE",556,0.12110733982519
"concurrent","MAE",557,0.161839088374499
"concurrent","MAE",558,0.115371034990475
"concurrent","MAE",559,0.0946777008461201
"concurrent","MAE",560,0.138870374710548
"concurrent","MAE",561,0.116655099757555
"concurrent","MAE",562,0.120147999543797
"concurrent","MAE",563,0.0893671999133921
"concurrent","MAE",564,0.120642516919623
"concurrent","MAE",565,0.134356793366307
"concurrent","MAE",566,0.153231776037356
"concurrent","MAE",567,0.120082211971888
"concurrent","MAE",568,0.095992585027354
"concurrent","MAE",569,0.105974323055747
"concurrent","MAE",570,0.0886959814770899
"concurrent","MAE",571,0.11322179800471
"concurrent","MAE",572,0.0859556735865753
"concurrent","MAE",573,0.0898305297151485
"concurrent","MAE",574,0.105783208424781
"concurrent","MAE",575,0.0902890246185428
"concurrent","MAE",576,0.117218712890035
"concurrent","MAE",577,0.119174155458883
"concurrent","MAE",578,0.125231206818152
"concurrent","MAE",579,0.0960933628540344
"concurrent","MAE",580,0.114110336314426
"concurrent","MAE",581,0.158823751969505
"concurrent","MAE",582,0.183305895480744
"concurrent","MAE",583,0.0952558339218625
"concurrent","MAE",584,0.119399303322546
"concurrent","MAE",585,0.116468898650291
"concurrent","MAE",586,0.121488204915487
"concurrent","MAE",587,0.180130569414885
"concurrent","MAE",588,0.123138027792629
"concurrent","MAE",589,0.108982832563209
"concurrent","MAE",590,0.109666380622374
"concurrent","MAE",591,0.114831852620569
"concurrent","MAE",592,0.130639208064384
"concurrent","MAE",593,0.128147156090721
"concurrent","MAE",594,0.118830284535189
"concurrent","MAE",595,0.128013590444685
"concurrent","MAE",596,0.114182477599808
"concurrent","MAE",597,0.148885383443862
"concurrent","MAE",598,0.100091741621201
"concurrent","MAE",599,0.132376853912057
"concurrent","MAE",600,0.120276119700529
"concurrent","MAE",601,0.131115102244186
"concurrent","MAE",602,0.116612959155848
"concurrent","MAE",603,0.16102652548119
"concurrent","MAE",604,0.137990409796749
"concurrent","MAE",605,0.0882096105033918
"concurrent","MAE",606,0.0955473402192293
"concurrent","MAE",607,0.0909017394077077
"concurrent","MAE",608,0.0986307093341851
"concurrent","MAE",609,0.119003328944793
"concurrent","MAE",610,0.0874913265517252
"concurrent","MAE",611,0.148305672206266
"concurrent","MAE",612,0.0921776448614851
"concurrent","MAE",613,0.130831226305442
"concurrent","MAE",614,0.118206658603759
"concurrent","MAE",615,0.14469969834606
"concurrent","MAE",616,0.122995100094707
"concurrent","MAE",617,0.118682358412456
"concurrent","MAE",618,0.13510546347423
"concurrent","MAE",619,0.151109512416173
"concurrent","MAE",620,0.111062131673789
"concurrent","MAE",621,0.126889543028872
"concurrent","MAE",622,0.197968074633974
"concurrent","MAE",623,0.0903446709572782
"concurrent","MAE",624,0.151952327224389
"concurrent","MAE",625,0.118562004965854
"concurrent","MAE",626,0.121655895565903
"concurrent","MAE",627,0.128818428533241
"concurrent","MAE",628,0.117385366945973
"concurrent","MAE",629,0.119159765552962
"concurrent","MAE",630,0.0915780714872522
"concurrent","MAE",631,0.15202567728944
"concurrent","MAE",632,0.0873749794125873
"concurrent","MAE",633,0.140375844943219
"concurrent","MAE",634,0.190594220689814
"concurrent","MAE",635,0.0929334184768485
"concurrent","MAE",636,0.132924900501704
"concurrent","MAE",637,0.1732987876988
"concurrent","MAE",638,0.120584535793864
"concurrent","MAE",639,0.105604499204751
"concurrent","MAE",640,0.104623061001028
"concurrent","MAE",641,0.0934049745825619
"concurrent","MAE",642,0.0915700919900237
"concurrent","MAE",643,0.152475990706558
"concurrent","MAE",644,0.11296997404346
"concurrent","MAE",645,0.110864173021408
"concurrent","MAE",646,0.12287564761423
"concurrent","MAE",647,0.137140225707136
"concurrent","MAE",648,0.109905531841595
"concurrent","MAE",649,0.113530259160457
"concurrent","MAE",650,0.118997377285286
"concurrent","MAE",651,0.103188009915408
"concurrent","MAE",652,0.109415071035266
"concurrent","MAE",653,0.192520073547616
"concurrent","MAE",654,0.108066761924916
"concurrent","MAE",655,0.0894024090886488
"concurrent","MAE",656,0.130638154552837
"concurrent","MAE",657,0.0973775174474667
"concurrent","MAE",658,0.151220683913773
"concurrent","MAE",659,0.121217625466102
"concurrent","MAE",660,0.124627632438681
"concurrent","MAE",661,0.124881542431269
"concurrent","MAE",662,0.119607923209686
"concurrent","MAE",663,0.110281607046758
"concurrent","MAE",664,0.0946222876999167
"concurrent","MAE",665,0.0956420236071597
"concurrent","MAE",666,0.203621564819697
"concurrent","MAE",667,0.134123061246368
"concurrent","MAE",668,0.122828502743714
"concurrent","MAE",669,0.117920865534763
"concurrent","MAE",670,0.155059420252049
"concurrent","MAE",671,0.105799644493956
"concurrent","MAE",672,0.112820762107827
"concurrent","MAE",673,0.147513862947423
"concurrent","MAE",674,0.0961539205716993
"concurrent","MAE",675,0.0974989190217655
"concurrent","MAE",676,0.14045938522626
"concurrent","MAE",677,0.158639893003094
"concurrent","MAE",678,0.120901526077939
"concurrent","MAE",679,0.139126601666262
"concurrent","MAE",680,0.127799613225329
"concurrent","MAE",681,0.088778826166605
"concurrent","MAE",682,0.158136084376156
"concurrent","MAE",683,0.101002895609244
"concurrent","MAE",684,0.155487831067445
"concurrent","MAE",685,0.118516111184795
"concurrent","MAE",686,0.112911001320025
"concurrent","MAE",687,0.195520973726277
"concurrent","MAE",688,0.0888215001628195
"concurrent","MAE",689,0.158072579649916
"concurrent","MAE",690,0.137685081511457
"concurrent","MAE",691,0.116755156161251
"concurrent","MAE",692,0.0869324502542019
"concurrent","MAE",693,0.0898760253813904
"concurrent","MAE",694,0.0936110605302812
"concurrent","MAE",695,0.18770438048447
"concurrent","MAE",696,0.116903086235688
"concurrent","MAE",697,0.197177480496312
"concurrent","MAE",698,0.128838288904138
"concurrent","MAE",699,0.126093329554191
"concurrent","MAE",700,0.0982305543921259
"concurrent","MAE",701,0.16056392612529
"concurrent","MAE",702,0.158693792635246
"concurrent","MAE",703,0.0971270881571825
"concurrent","MAE",704,0.195789719182503
"concurrent","MAE",705,0.15159234316888
"concurrent","MAE",706,0.102668451777504
"concurrent","MAE",707,0.0938580806095812
"concurrent","MAE",708,0.116457092601412
"concurrent","MAE",709,0.0963552808775474
"concurrent","MAE",710,0.161964176719102
"concurrent","MAE",711,0.147841628619996
"concurrent","MAE",712,0.115513409881808
"concurrent","MAE",713,0.184792175963988
"concurrent","MAE",714,0.128174070103343
"concurrent","MAE",715,0.111576217175332
"concurrent","MAE",716,0.0900047412023038
"concurrent","MAE",717,0.0947070173090375
"concurrent","MAE",718,0.105561440509609
"concurrent","MAE",719,0.137899495833638
"concurrent","MAE",720,0.106813077535466
"concurrent","MAE",721,0.119213241995103
"concurrent","MAE",722,0.117980315986085
"concurrent","MAE",723,0.128373913495727
"concurrent","MAE",724,0.09414583662226
"concurrent","MAE",725,0.187142029657662
"concurrent","MAE",726,0.120322774043733
"concurrent","MAE",727,0.109345590589967
"concurrent","MAE",728,0.11144280653623
"concurrent","MAE",729,0.185705892134822
"concurrent","MAE",730,0.0898185503066938
"concurrent","MAE",731,0.134276483936566
"concurrent","MAE",732,0.107908040965
"concurrent","MAE",733,0.113629561813007
"concurrent","MAE",734,0.109496348121271
"concurrent","MAE",735,0.124325885572755
"concurrent","MAE",736,0.117557761852561
"concurrent","MAE",737,0.153402268982937
"concurrent","MAE",738,0.114228110467404
"concurrent","MAE",739,0.105309138771256
"concurrent","MAE",740,0.129370902258416
"concurrent","MAE",741,0.108343008589578
"concurrent","MAE",742,0.102544450114039
"concurrent","MAE",743,0.088678336798875
"concurrent","MAE",744,0.116023108043655
"concurrent","MAE",745,0.193493126046491
"concurrent","MAE",746,0.131640047987039
"concurrent","MAE",747,0.127436389977168
"concurrent","MAE",748,0.0976924339195629
"concurrent","MAE",749,0.184458381036132
"concurrent","MAE",750,0.1127609460183
"concurrent","MAE",751,0.11162773340629
"concurrent","MAE",752,0.15924132478424
"concurrent","MAE",753,0.151281860319163
"concurrent","MAE",754,0.192241061930119
"concurrent","MAE",755,0.0926807894916282
"concurrent","MAE",756,0.112136355937521
"concurrent","MAE",757,0.111047732049973
"concurrent","MAE",758,0.141668597203805
"concurrent","MAE",759,0.0935826549210582
"concurrent","MAE",760,0.177210739066868
"concurrent","MAE",761,0.0959553798584323
"concurrent","MAE",762,0.110046290923537
"concurrent","MAE",763,0.128261532927359
"concurrent","MAE",764,0.139912687262477
"concurrent","MAE",765,0.0923138838382293
"concurrent","MAE",766,0.130169835877884
"concurrent","MAE",767,0.0902895189009941
"concurrent","MAE",768,0.157211319178677
"concurrent","MAE",769,0.1234981726415
"concurrent","MAE",770,0.138116333244423
"concurrent","MAE",771,0.108452581754933
"concurrent","MAE",772,0.131251569279592
"concurrent","MAE",773,0.152534659422672
"concurrent","MAE",774,0.133781583545083
"concurrent","MAE",775,0.085966269886119
"concurrent","MAE",776,0.0954066148292582
"concurrent","MAE",777,0.153662562222241
"concurrent","MAE",778,0.118860108578701
"concurrent","MAE",779,0.127124567441363
"concurrent","MAE",780,0.095318093291091
"concurrent","MAE",781,0.150880510754949
"concurrent","MAE",782,0.146291171497098
"concurrent","MAE",783,0.14489857907901
"concurrent","MAE",784,0.0976622401555168
"concurrent","MAE",785,0.119084460064437
"concurrent","MAE",786,0.119843551543622
"concurrent","MAE",787,0.0921351938733915
"concurrent","MAE",788,0.128695528603132
"concurrent","MAE",789,0.130889881598749
"concurrent","MAE",790,0.118596302723365
"concurrent","MAE",791,0.128296776652995
"concurrent","MAE",792,0.11738932988877
"concurrent","MAE",793,0.089670239627476
"concurrent","MAE",794,0.181608469028732
"concurrent","MAE",795,0.147405638855337
"concurrent","MAE",796,0.117554836640585
"concurrent","MAE",797,0.130991449112121
"concurrent","MAE",798,0.120167364717489
"concurrent","MAE",799,0.128879194264685
"concurrent","MAE",800,0.163477459644584
"concurrent","MAE",801,0.0910265740287525
"concurrent","MAE",802,0.0916109034091487
"concurrent","MAE",803,0.0903230163224687
"concurrent","MAE",804,0.155593821776715
"concurrent","MAE",805,0.178117864387612
"concurrent","MAE",806,0.088929838992103
"concurrent","MAE",807,0.119132376016585
"concurrent","MAE",808,0.120372598596383
"concurrent","MAE",809,0.152903290886919
"concurrent","MAE",810,0.14534320838029
"concurrent","MAE",811,0.103744078314936
"concurrent","MAE",812,0.0847116738490924
"concurrent","MAE",813,0.113818816681579
"concurrent","MAE",814,0.0969196560004639
"concurrent","MAE",815,0.113676526837147
"concurrent","MAE",816,0.0953304041503959
"concurrent","MAE",817,0.116545478398692
"concurrent","MAE",818,0.113998612292151
"concurrent","MAE",819,0.129156607987224
"concurrent","MAE",820,0.0988750115921773
"concurrent","MAE",821,0.150354018285971
"concurrent","MAE",822,0.0929682255582059
"concurrent","MAE",823,0.142076765638107
"concurrent","MAE",824,0.084625483947347
"concurrent","MAE",825,0.113281812101462
"concurrent","MAE",826,0.117611817799323
"concurrent","MAE",827,0.115973311818697
"concurrent","MAE",828,0.118094649687548
"concurrent","MAE",829,0.107941746652848
"concurrent","MAE",830,0.0974766210622767
"concurrent","MAE",831,0.0981658090237484
"concurrent","MAE",832,0.187871447857131
"concurrent","MAE",833,0.120125719815759
"concurrent","MAE",834,0.147231469752865
"concurrent","MAE",835,0.152773814385896
"concurrent","MAE",836,0.132909657120337
"concurrent","MAE",837,0.146849058390281
"concurrent","MAE",838,0.121783623812554
"concurrent","MAE",839,0.0901648336461703
"concurrent","MAE",840,0.129068740756164
"concurrent","MAE",841,0.121022123610697
"concurrent","MAE",842,0.0997498514763113
"concurrent","MAE",843,0.176585086396599
"concurrent","MAE",844,0.115452679799254
"concurrent","MAE",845,0.12131629466693
"concurrent","MAE",846,0.128912013636865
"concurrent","MAE",847,0.182421713700338
"concurrent","MAE",848,0.15062285908882
"concurrent","MAE",849,0.117876686800647
"concurrent","MAE",850,0.127208818018016
"concurrent","MAE",851,0.160351384861649
"concurrent","MAE",852,0.144843126910148
"concurrent","MAE",853,0.0882425155411251
"concurrent","MAE",854,0.093252210470502
"concurrent","MAE",855,0.147559700550748
"concurrent","MAE",856,0.118900581111248
"concurrent","MAE",857,0.109306521603787
"concurrent","MAE",858,0.128690343811184
"concurrent","MAE",859,0.0981620040029754
"concurrent","MAE",860,0.145144075557178
"concurrent","MAE",861,0.101817749991922
"concurrent","MAE",862,0.138625978388717
"concurrent","MAE",863,0.0910503882713928
"concurrent","MAE",864,0.126753161969005
"concurrent","MAE",865,0.0894561160527355
"concurrent","MAE",866,0.171406828687579
"concurrent","MAE",867,0.111035479204094
"concurrent","MAE",868,0.180663479840024
"concurrent","MAE",869,0.114547633033322
"concurrent","MAE",870,0.0958942827558403
"concurrent","MAE",871,0.139257519858617
"concurrent","MAE",872,0.0926807738778961
"concurrent","MAE",873,0.113560920789173
"concurrent","MAE",874,0.120207345963044
"concurrent","MAE",875,0.0990070180121648
"concurrent","MAE",876,0.118623032975034
"concurrent","MAE",877,0.134271171273959
"concurrent","MAE",878,0.0958778537742806
"concurrent","MAE",879,0.140726827953726
"concurrent","MAE",880,0.14361701751206
"concurrent","MAE",881,0.0952429788093607
"concurrent","MAE",882,0.145403790452601
"concurrent","MAE",883,0.186462974606583
"concurrent","MAE",884,0.18830226050382
"concurrent","MAE",885,0.159465359784412
"concurrent","MAE",886,0.119030824925695
"concurrent","MAE",887,0.0865493648325607
"concurrent","MAE",888,0.120990860076822
"concurrent","MAE",889,0.119736836549326
"concurrent","MAE",890,0.131528732453416
"concurrent","MAE",891,0.120880122677861
"concurrent","MAE",892,0.11564984075177
"concurrent","MAE",893,0.106009549285896
"concurrent","MAE",894,0.128293461079966
"concurrent","MAE",895,0.124090867651973
"concurrent","MAE",896,0.101641063572243
"concurrent","MAE",897,0.0925920743482607
"concurrent","MAE",898,0.0973763582382539
"concurrent","MAE",899,0.14503886761892
"concurrent","MAE",900,0.095778917717585
"concurrent","MAE",901,0.135002092980186
"concurrent","MAE",902,0.15708932041088
"concurrent","MAE",903,0.131636083485815
"concurrent","MAE",904,0.0905899043970879
"concurrent","MAE",905,0.123039414308896
"concurrent","MAE",906,0.0917540383613771
"concurrent","MAE",907,0.110298232891723
"concurrent","MAE",908,0.0856563739615445
"concurrent","MAE",909,0.0925898535945271
"concurrent","MAE",910,0.0936835274075669
"concurrent","MAE",911,0.153372035230899
"concurrent","MAE",912,0.11381689438347
"concurrent","MAE",913,0.0858072165540724
"concurrent","MAE",914,0.12135087293326
"concurrent","MAE",915,0.0892778956970005
"concurrent","MAE",916,0.119407602912363
"concurrent","MAE",917,0.122950613242962
"concurrent","MAE",918,0.121701788676987
"concurrent","MAE",919,0.0912905837356908
"concurrent","MAE",920,0.112862861056965
"concurrent","MAE",921,0.158373744968754
"concurrent","MAE",922,0.145384449360831
"concurrent","MAE",923,0.124203656512425
"concurrent","MAE",924,0.108171737854772
"concurrent","MAE",925,0.159447734674832
"concurrent","MAE",926,0.130513375057021
"concurrent","MAE",927,0.178835154243406
"concurrent","MAE",928,0.0868962516830305
"concurrent","MAE",929,0.10979037310902
"concurrent","MAE",930,0.0961364271926576
"concurrent","MAE",931,0.158310565444252
"concurrent","MAE",932,0.11770979482278
"concurrent","MAE",933,0.120891996352445
"concurrent","MAE",934,0.135338081243426
"concurrent","MAE",935,0.113972407201727
"concurrent","MAE",936,0.0935391037802514
"concurrent","MAE",937,0.0839646373237753
"concurrent","MAE",938,0.11820072423523
"concurrent","MAE",939,0.194423138129163
"concurrent","MAE",940,0.0912949457022421
"concurrent","MAE",941,0.103364042600464
"concurrent","MAE",942,0.147008174645715
"concurrent","MAE",943,0.124272351759264
"concurrent","MAE",944,0.133912442905236
"concurrent","MAE",945,0.13219206394956
"concurrent","MAE",946,0.107035289326406
"concurrent","MAE",947,0.119455143557378
"concurrent","MAE",948,0.121820927890693
"concurrent","MAE",949,0.093312531844018
"concurrent","MAE",950,0.131159867242689
"concurrent","MAE",951,0.116157847916147
"concurrent","MAE",952,0.153260438496246
"concurrent","MAE",953,0.138334882744515
"concurrent","MAE",954,0.117851881697498
"concurrent","MAE",955,0.164988557972889
"concurrent","MAE",956,0.093671029669997
"concurrent","MAE",957,0.125452037315914
"concurrent","MAE",958,0.0956658150715611
"concurrent","MAE",959,0.171068871940188
"concurrent","MAE",960,0.122140123289959
"concurrent","MAE",961,0.08599159327332
"concurrent","MAE",962,0.154714781247846
"concurrent","MAE",963,0.119601986829572
"concurrent","MAE",964,0.181529112931657
"concurrent","MAE",965,0.130952189834563
"concurrent","MAE",966,0.101860528998771
"concurrent","MAE",967,0.125344782500762
"concurrent","MAE",968,0.0958767974476359
"concurrent","MAE",969,0.123958251363474
"concurrent","MAE",970,0.0970599948833953
"concurrent","MAE",971,0.121753962209573
"concurrent","MAE",972,0.106553584903032
"concurrent","MAE",973,0.0911697100737165
"concurrent","MAE",974,0.117688715689264
"concurrent","MAE",975,0.125127249911223
"concurrent","MAE",976,0.110566727555011
"concurrent","MAE",977,0.12031423705248
"concurrent","MAE",978,0.0888251996925361
"concurrent","MAE",979,0.108197421046239
"concurrent","MAE",980,0.153194265963749
"concurrent","MAE",981,0.201465423276479
"concurrent","MAE",982,0.147312078588018
"concurrent","MAE",983,0.148339931619098
"concurrent","MAE",984,0.0861308798846518
"concurrent","MAE",985,0.148002879195194
"concurrent","MAE",986,0.112887768913205
"concurrent","MAE",987,0.120297616425896
"concurrent","MAE",988,0.140404413816443
"concurrent","MAE",989,0.103783223114067
"concurrent","MAE",990,0.11842560002786
"concurrent","MAE",991,0.127353359641348
"concurrent","MAE",992,0.145716142155298
"concurrent","MAE",993,0.115291145676553
"concurrent","MAE",994,0.128128732422842
"concurrent","MAE",995,0.0969898266218294
"concurrent","MAE",996,0.111564297161655
"concurrent","MAE",997,0.0883422984128558
"concurrent","MAE",998,0.118075107114707
"concurrent","MAE",999,0.138677351068452
"concurrent","MAE",1000,0.0990993435757966
"concurrent","RMSE",1,0.222647518198812
"concurrent","RMSE",2,0.13649612216667
"concurrent","RMSE",3,0.176192326760842
"concurrent","RMSE",4,0.148178927520536
"concurrent","RMSE",5,0.121644250788824
"concurrent","RMSE",6,0.153673422583542
"concurrent","RMSE",7,0.147475177635242
"concurrent","RMSE",8,0.197891097254697
"concurrent","RMSE",9,0.144306586270374
"concurrent","RMSE",10,0.158774950487843
"concurrent","RMSE",11,0.146320972105589
"concurrent","RMSE",12,0.133131317183477
"concurrent","RMSE",13,0.144105226486685
"concurrent","RMSE",14,0.167359942338865
"concurrent","RMSE",15,0.139153439301954
"concurrent","RMSE",16,0.150774265342354
"concurrent","RMSE",17,0.146212360978293
"concurrent","RMSE",18,0.11881280143596
"concurrent","RMSE",19,0.158029796357273
"concurrent","RMSE",20,0.189218431422048
"concurrent","RMSE",21,0.134758754312937
"concurrent","RMSE",22,0.153544608285235
"concurrent","RMSE",23,0.12686032499053
"concurrent","RMSE",24,0.15969827939249
"concurrent","RMSE",25,0.148032216943753
"concurrent","RMSE",26,0.137448270167041
"concurrent","RMSE",27,0.169255481250193
"concurrent","RMSE",28,0.140247402949889
"concurrent","RMSE",29,0.136731456707958
"concurrent","RMSE",30,0.140854208220427
"concurrent","RMSE",31,0.12013196640046
"concurrent","RMSE",32,0.152574938468825
"concurrent","RMSE",33,0.11900644517517
"concurrent","RMSE",34,0.112359237171413
"concurrent","RMSE",35,0.125494045556258
"concurrent","RMSE",36,0.136280395972533
"concurrent","RMSE",37,0.174810544576902
"concurrent","RMSE",38,0.119011295693067
"concurrent","RMSE",39,0.168087162932924
"concurrent","RMSE",40,0.155706274980419
"concurrent","RMSE",41,0.185030257412328
"concurrent","RMSE",42,0.157536489714196
"concurrent","RMSE",43,0.218455849139748
"concurrent","RMSE",44,0.148792366191124
"concurrent","RMSE",45,0.139755534175266
"concurrent","RMSE",46,0.183338866600463
"concurrent","RMSE",47,0.148343324591098
"concurrent","RMSE",48,0.136767910020884
"concurrent","RMSE",49,0.151541750543387
"concurrent","RMSE",50,0.140619011328117
"concurrent","RMSE",51,0.217230699663346
"concurrent","RMSE",52,0.146655178009611
"concurrent","RMSE",53,0.121855613267545
"concurrent","RMSE",54,0.147138834152338
"concurrent","RMSE",55,0.202879835101418
"concurrent","RMSE",56,0.13995730629511
"concurrent","RMSE",57,0.135744324627501
"concurrent","RMSE",58,0.181995654726203
"concurrent","RMSE",59,0.164598875561793
"concurrent","RMSE",60,0.116010742790631
"concurrent","RMSE",61,0.140441670072141
"concurrent","RMSE",62,0.14180479573602
"concurrent","RMSE",63,0.114060021109626
"concurrent","RMSE",64,0.116451784150884
"concurrent","RMSE",65,0.12082413171461
"concurrent","RMSE",66,0.156272760972003
"concurrent","RMSE",67,0.179128811664183
"concurrent","RMSE",68,0.12405544126143
"concurrent","RMSE",69,0.178621013387228
"concurrent","RMSE",70,0.151494520276877
"concurrent","RMSE",71,0.160220709535368
"concurrent","RMSE",72,0.138474378922767
"concurrent","RMSE",73,0.132006439570407
"concurrent","RMSE",74,0.126232524512012
"concurrent","RMSE",75,0.147285321396783
"concurrent","RMSE",76,0.152433506044747
"concurrent","RMSE",77,0.17045886487985
"concurrent","RMSE",78,0.145392289735758
"concurrent","RMSE",79,0.158408712994655
"concurrent","RMSE",80,0.150522570368093
"concurrent","RMSE",81,0.14397231763192
"concurrent","RMSE",82,0.155186675036895
"concurrent","RMSE",83,0.122281739078218
"concurrent","RMSE",84,0.1570996738654
"concurrent","RMSE",85,0.132437138347297
"concurrent","RMSE",86,0.154822215409014
"concurrent","RMSE",87,0.130786071564245
"concurrent","RMSE",88,0.162327426902446
"concurrent","RMSE",89,0.113234921777441
"concurrent","RMSE",90,0.135442972096756
"concurrent","RMSE",91,0.142477422945079
"concurrent","RMSE",92,0.1526696164083
"concurrent","RMSE",93,0.21142555343594
"concurrent","RMSE",94,0.165975547084583
"concurrent","RMSE",95,0.117587431746594
"concurrent","RMSE",96,0.131908291297983
"concurrent","RMSE",97,0.143461680536584
"concurrent","RMSE",98,0.156774398888626
"concurrent","RMSE",99,0.14423741668813
"concurrent","RMSE",100,0.139660864685436
"concurrent","RMSE",101,0.155575094820915
"concurrent","RMSE",102,0.139006781988729
"concurrent","RMSE",103,0.158961300084
"concurrent","RMSE",104,0.211255306483465
"concurrent","RMSE",105,0.116334327148042
"concurrent","RMSE",106,0.14522168515113
"concurrent","RMSE",107,0.125833564624851
"concurrent","RMSE",108,0.15614996945752
"concurrent","RMSE",109,0.120152716728014
"concurrent","RMSE",110,0.138593974995265
"concurrent","RMSE",111,0.147470651644744
"concurrent","RMSE",112,0.160655625620365
"concurrent","RMSE",113,0.143588821535933
"concurrent","RMSE",114,0.169549878563925
"concurrent","RMSE",115,0.159719041890284
"concurrent","RMSE",116,0.117330786870364
"concurrent","RMSE",117,0.123492534054317
"concurrent","RMSE",118,0.145068466394649
"concurrent","RMSE",119,0.159367387109131
"concurrent","RMSE",120,0.153536611165066
"concurrent","RMSE",121,0.146153533865943
"concurrent","RMSE",122,0.136144820098693
"concurrent","RMSE",123,0.139597189509422
"concurrent","RMSE",124,0.170944041872792
"concurrent","RMSE",125,0.162350731248473
"concurrent","RMSE",126,0.138888966025762
"concurrent","RMSE",127,0.13802599922906
"concurrent","RMSE",128,0.146344563768887
"concurrent","RMSE",129,0.174792829790204
"concurrent","RMSE",130,0.158504103794978
"concurrent","RMSE",131,0.12494903565536
"concurrent","RMSE",132,0.162350657852999
"concurrent","RMSE",133,0.12219338676676
"concurrent","RMSE",134,0.147992801339435
"concurrent","RMSE",135,0.139307874443669
"concurrent","RMSE",136,0.148163545042925
"concurrent","RMSE",137,0.152476491474291
"concurrent","RMSE",138,0.160077206823267
"concurrent","RMSE",139,0.164179047868419
"concurrent","RMSE",140,0.114308861797154
"concurrent","RMSE",141,0.138415080710454
"concurrent","RMSE",142,0.132012411948965
"concurrent","RMSE",143,0.147220726721409
"concurrent","RMSE",144,0.119000129164023
"concurrent","RMSE",145,0.153009064120932
"concurrent","RMSE",146,0.169817545832299
"concurrent","RMSE",147,0.161941567486447
"concurrent","RMSE",148,0.144715006105091
"concurrent","RMSE",149,0.215393082204017
"concurrent","RMSE",150,0.144213475288337
"concurrent","RMSE",151,0.11524892403508
"concurrent","RMSE",152,0.153717334903797
"concurrent","RMSE",153,0.195271914290929
"concurrent","RMSE",154,0.128763982224576
"concurrent","RMSE",155,0.191056900304032
"concurrent","RMSE",156,0.177227582480205
"concurrent","RMSE",157,0.141170640975497
"concurrent","RMSE",158,0.129962528587719
"concurrent","RMSE",159,0.155530121245806
"concurrent","RMSE",160,0.160860904856452
"concurrent","RMSE",161,0.133712281284026
"concurrent","RMSE",162,0.143833558212292
"concurrent","RMSE",163,0.142121986929901
"concurrent","RMSE",164,0.147108453863631
"concurrent","RMSE",165,0.117598072257335
"concurrent","RMSE",166,0.208468853079498
"concurrent","RMSE",167,0.175577795651344
"concurrent","RMSE",168,0.174434499333357
"concurrent","RMSE",169,0.14181566575106
"concurrent","RMSE",170,0.216257812008476
"concurrent","RMSE",171,0.117195329530093
"concurrent","RMSE",172,0.154675975207998
"concurrent","RMSE",173,0.137103904091107
"concurrent","RMSE",174,0.145679182738568
"concurrent","RMSE",175,0.13875964135937
"concurrent","RMSE",176,0.141193891145742
"concurrent","RMSE",177,0.148364271354363
"concurrent","RMSE",178,0.204759243596379
"concurrent","RMSE",179,0.219579817119873
"concurrent","RMSE",180,0.140760144188319
"concurrent","RMSE",181,0.168088073657804
"concurrent","RMSE",182,0.153919098612969
"concurrent","RMSE",183,0.168277516294021
"concurrent","RMSE",184,0.152742087404205
"concurrent","RMSE",185,0.142396600135624
"concurrent","RMSE",186,0.236780700095847
"concurrent","RMSE",187,0.155466064680707
"concurrent","RMSE",188,0.185171301621815
"concurrent","RMSE",189,0.123671967346842
"concurrent","RMSE",190,0.112801323286262
"concurrent","RMSE",191,0.178220915577026
"concurrent","RMSE",192,0.135853734783443
"concurrent","RMSE",193,0.145100974945107
"concurrent","RMSE",194,0.143128661567152
"concurrent","RMSE",195,0.118248146673239
"concurrent","RMSE",196,0.160994346161024
"concurrent","RMSE",197,0.19073751746555
"concurrent","RMSE",198,0.12478801965625
"concurrent","RMSE",199,0.163107834504648
"concurrent","RMSE",200,0.12303594578875
"concurrent","RMSE",201,0.174316492641227
"concurrent","RMSE",202,0.143584959180153
"concurrent","RMSE",203,0.142902208205334
"concurrent","RMSE",204,0.136778866355156
"concurrent","RMSE",205,0.109308341213887
"concurrent","RMSE",206,0.116153314998936
"concurrent","RMSE",207,0.189100514197015
"concurrent","RMSE",208,0.177779712557664
"concurrent","RMSE",209,0.15386932146803
"concurrent","RMSE",210,0.125268766398284
"concurrent","RMSE",211,0.114080854971036
"concurrent","RMSE",212,0.181931946013152
"concurrent","RMSE",213,0.152667370192273
"concurrent","RMSE",214,0.154081210077727
"concurrent","RMSE",215,0.159534891398873
"concurrent","RMSE",216,0.156459465604834
"concurrent","RMSE",217,0.164072436682032
"concurrent","RMSE",218,0.152161071383383
"concurrent","RMSE",219,0.147675417518842
"concurrent","RMSE",220,0.151257225751172
"concurrent","RMSE",221,0.144383223693883
"concurrent","RMSE",222,0.140847777281456
"concurrent","RMSE",223,0.166621148258601
"concurrent","RMSE",224,0.144496627761528
"concurrent","RMSE",225,0.113688347487377
"concurrent","RMSE",226,0.176610647349089
"concurrent","RMSE",227,0.15390050540263
"concurrent","RMSE",228,0.151081955749747
"concurrent","RMSE",229,0.114093371281252
"concurrent","RMSE",230,0.120404371071011
"concurrent","RMSE",231,0.181241085922802
"concurrent","RMSE",232,0.153160921181979
"concurrent","RMSE",233,0.144894731089678
"concurrent","RMSE",234,0.119660472850504
"concurrent","RMSE",235,0.126962856747394
"concurrent","RMSE",236,0.155838444366186
"concurrent","RMSE",237,0.180136985335683
"concurrent","RMSE",238,0.12122288676243
"concurrent","RMSE",239,0.113531660632901
"concurrent","RMSE",240,0.210479953791719
"concurrent","RMSE",241,0.138384778915229
"concurrent","RMSE",242,0.140415171151994
"concurrent","RMSE",243,0.148133943350957
"concurrent","RMSE",244,0.140673420997971
"concurrent","RMSE",245,0.167522761938852
"concurrent","RMSE",246,0.18577729782213
"concurrent","RMSE",247,0.133669527470386
"concurrent","RMSE",248,0.144110331463819
"concurrent","RMSE",249,0.162451369749874
"concurrent","RMSE",250,0.128698810517907
"concurrent","RMSE",251,0.154380765273977
"concurrent","RMSE",252,0.150586577138004
"concurrent","RMSE",253,0.162662663626783
"concurrent","RMSE",254,0.13385847437056
"concurrent","RMSE",255,0.121166846935823
"concurrent","RMSE",256,0.145901794866528
"concurrent","RMSE",257,0.124997034517521
"concurrent","RMSE",258,0.156227006246231
"concurrent","RMSE",259,0.142120874665539
"concurrent","RMSE",260,0.138596693231313
"concurrent","RMSE",261,0.210367025666764
"concurrent","RMSE",262,0.154527351131717
"concurrent","RMSE",263,0.14760744257324
"concurrent","RMSE",264,0.141898898401108
"concurrent","RMSE",265,0.141204023856281
"concurrent","RMSE",266,0.142658955662334
"concurrent","RMSE",267,0.18589301982605
"concurrent","RMSE",268,0.148701401546897
"concurrent","RMSE",269,0.212063265218703
"concurrent","RMSE",270,0.15173991405804
"concurrent","RMSE",271,0.168729568240924
"concurrent","RMSE",272,0.153565362144168
"concurrent","RMSE",273,0.140286023245277
"concurrent","RMSE",274,0.157111881704056
"concurrent","RMSE",275,0.127537187478566
"concurrent","RMSE",276,0.178786057173124
"concurrent","RMSE",277,0.16408363308279
"concurrent","RMSE",278,0.153336338269955
"concurrent","RMSE",279,0.147788629623875
"concurrent","RMSE",280,0.154585595289445
"concurrent","RMSE",281,0.118384947920369
"concurrent","RMSE",282,0.1212538529368
"concurrent","RMSE",283,0.138721864225129
"concurrent","RMSE",284,0.207494011520731
"concurrent","RMSE",285,0.13340148964454
"concurrent","RMSE",286,0.129631864483652
"concurrent","RMSE",287,0.166258588278359
"concurrent","RMSE",288,0.156436824845708
"concurrent","RMSE",289,0.145508178109653
"concurrent","RMSE",290,0.139269697736585
"concurrent","RMSE",291,0.134011924222002
"concurrent","RMSE",292,0.145979042664634
"concurrent","RMSE",293,0.14605986912911
"concurrent","RMSE",294,0.110518201987148
"concurrent","RMSE",295,0.127398561543824
"concurrent","RMSE",296,0.141035624398365
"concurrent","RMSE",297,0.175249496294616
"concurrent","RMSE",298,0.196251273154167
"concurrent","RMSE",299,0.144113388200006
"concurrent","RMSE",300,0.159882747996431
"concurrent","RMSE",301,0.14073089279677
"concurrent","RMSE",302,0.144815279937801
"concurrent","RMSE",303,0.12994285939363
"concurrent","RMSE",304,0.123036900576298
"concurrent","RMSE",305,0.140282981745538
"concurrent","RMSE",306,0.134493414458778
"concurrent","RMSE",307,0.110844463273405
"concurrent","RMSE",308,0.141324024349441
"concurrent","RMSE",309,0.135860889247798
"concurrent","RMSE",310,0.191748219605124
"concurrent","RMSE",311,0.123023621449727
"concurrent","RMSE",312,0.16912620843422
"concurrent","RMSE",313,0.134945148446763
"concurrent","RMSE",314,0.138414562474871
"concurrent","RMSE",315,0.164165144790218
"concurrent","RMSE",316,0.118926193116245
"concurrent","RMSE",317,0.16232749046394
"concurrent","RMSE",318,0.157590801986616
"concurrent","RMSE",319,0.137132438250517
"concurrent","RMSE",320,0.149427180031998
"concurrent","RMSE",321,0.132767503159772
"concurrent","RMSE",322,0.183421788906442
"concurrent","RMSE",323,0.117188984890622
"concurrent","RMSE",324,0.135534827461702
"concurrent","RMSE",325,0.159144320363038
"concurrent","RMSE",326,0.120818691749507
"concurrent","RMSE",327,0.146652645412932
"concurrent","RMSE",328,0.16573693795067
"concurrent","RMSE",329,0.123586987275277
"concurrent","RMSE",330,0.144535707107251
"concurrent","RMSE",331,0.128945912045859
"concurrent","RMSE",332,0.162709178387451
"concurrent","RMSE",333,0.118217856227025
"concurrent","RMSE",334,0.161364776298724
"concurrent","RMSE",335,0.161750462854394
"concurrent","RMSE",336,0.184078991805083
"concurrent","RMSE",337,0.179676992814277
"concurrent","RMSE",338,0.155456422377595
"concurrent","RMSE",339,0.115008557554008
"concurrent","RMSE",340,0.126002844941305
"concurrent","RMSE",341,0.152720059246826
"concurrent","RMSE",342,0.189022829253251
"concurrent","RMSE",343,0.144413109929669
"concurrent","RMSE",344,0.155712049235527
"concurrent","RMSE",345,0.149954766747673
"concurrent","RMSE",346,0.140681732648081
"concurrent","RMSE",347,0.186423045950042
"concurrent","RMSE",348,0.217474614663906
"concurrent","RMSE",349,0.220003844336877
"concurrent","RMSE",350,0.138127125944117
"concurrent","RMSE",351,0.167369250522324
"concurrent","RMSE",352,0.119097464660678
"concurrent","RMSE",353,0.165841505477429
"concurrent","RMSE",354,0.141040014694558
"concurrent","RMSE",355,0.163812359877854
"concurrent","RMSE",356,0.169843023579279
"concurrent","RMSE",357,0.132394199006548
"concurrent","RMSE",358,0.157441990325838
"concurrent","RMSE",359,0.170338407519353
"concurrent","RMSE",360,0.128832274069435
"concurrent","RMSE",361,0.168760302667351
"concurrent","RMSE",362,0.109603026247543
"concurrent","RMSE",363,0.215523464100692
"concurrent","RMSE",364,0.130819149733264
"concurrent","RMSE",365,0.208550348470095
"concurrent","RMSE",366,0.119549950334395
"concurrent","RMSE",367,0.161907462718119
"concurrent","RMSE",368,0.175515479645422
"concurrent","RMSE",369,0.157550224094985
"concurrent","RMSE",370,0.162004329494573
"concurrent","RMSE",371,0.142881434812165
"concurrent","RMSE",372,0.120349870447247
"concurrent","RMSE",373,0.110576146076329
"concurrent","RMSE",374,0.156105351582385
"concurrent","RMSE",375,0.123681966376532
"concurrent","RMSE",376,0.144059371118594
"concurrent","RMSE",377,0.144821735232641
"concurrent","RMSE",378,0.111573666468356
"concurrent","RMSE",379,0.12214406276745
"concurrent","RMSE",380,0.138581838503024
"concurrent","RMSE",381,0.180601646347875
"concurrent","RMSE",382,0.161863381608598
"concurrent","RMSE",383,0.228763847895043
"concurrent","RMSE",384,0.177486176724038
"concurrent","RMSE",385,0.134690814911596
"concurrent","RMSE",386,0.180720000943893
"concurrent","RMSE",387,0.179873186343281
"concurrent","RMSE",388,0.154652738845216
"concurrent","RMSE",389,0.153874913815468
"concurrent","RMSE",390,0.154040155459207
"concurrent","RMSE",391,0.11771765629248
"concurrent","RMSE",392,0.140208506339939
"concurrent","RMSE",393,0.109655048810896
"concurrent","RMSE",394,0.182373109371693
"concurrent","RMSE",395,0.16137257194319
"concurrent","RMSE",396,0.127808034658384
"concurrent","RMSE",397,0.190614972949017
"concurrent","RMSE",398,0.141393128434991
"concurrent","RMSE",399,0.141782751549468
"concurrent","RMSE",400,0.134533255483161
"concurrent","RMSE",401,0.112215832064753
"concurrent","RMSE",402,0.131961139020234
"concurrent","RMSE",403,0.151966628221021
"concurrent","RMSE",404,0.157116197354856
"concurrent","RMSE",405,0.154034030534924
"concurrent","RMSE",406,0.1652003166549
"concurrent","RMSE",407,0.159753122979719
"concurrent","RMSE",408,0.141763378992621
"concurrent","RMSE",409,0.118066468431589
"concurrent","RMSE",410,0.144541370925578
"concurrent","RMSE",411,0.109843462362147
"concurrent","RMSE",412,0.121055873580797
"concurrent","RMSE",413,0.142793320506531
"concurrent","RMSE",414,0.14780159880717
"concurrent","RMSE",415,0.129808633728716
"concurrent","RMSE",416,0.136378775905535
"concurrent","RMSE",417,0.147310143545132
"concurrent","RMSE",418,0.120756709495264
"concurrent","RMSE",419,0.116511766070403
"concurrent","RMSE",420,0.111035993419734
"concurrent","RMSE",421,0.158157279670186
"concurrent","RMSE",422,0.156890202690297
"concurrent","RMSE",423,0.146339518066261
"concurrent","RMSE",424,0.155719543815383
"concurrent","RMSE",425,0.160308081292036
"concurrent","RMSE",426,0.13848642699652
"concurrent","RMSE",427,0.131434810102197
"concurrent","RMSE",428,0.114753049034028
"concurrent","RMSE",429,0.138092638401087
"concurrent","RMSE",430,0.129224040937554
"concurrent","RMSE",431,0.113087147645984
"concurrent","RMSE",432,0.125348296926927
"concurrent","RMSE",433,0.120703177126088
"concurrent","RMSE",434,0.12665812113333
"concurrent","RMSE",435,0.124740666803344
"concurrent","RMSE",436,0.129705392244092
"concurrent","RMSE",437,0.148872273100544
"concurrent","RMSE",438,0.144373084797908
"concurrent","RMSE",439,0.209236335694107
"concurrent","RMSE",440,0.167992618950825
"concurrent","RMSE",441,0.145584574802423
"concurrent","RMSE",442,0.165559720667427
"concurrent","RMSE",443,0.120367942775607
"concurrent","RMSE",444,0.143879658994569
"concurrent","RMSE",445,0.150818691259551
"concurrent","RMSE",446,0.210061711100215
"concurrent","RMSE",447,0.114639341609527
"concurrent","RMSE",448,0.210727032057662
"concurrent","RMSE",449,0.113961794554771
"concurrent","RMSE",450,0.137994492592924
"concurrent","RMSE",451,0.109730107692862
"concurrent","RMSE",452,0.153300193769961
"concurrent","RMSE",453,0.121975838951365
"concurrent","RMSE",454,0.207776219943865
"concurrent","RMSE",455,0.15788740592898
"concurrent","RMSE",456,0.14374579958946
"concurrent","RMSE",457,0.136884809504651
"concurrent","RMSE",458,0.147732200042775
"concurrent","RMSE",459,0.157085199353386
"concurrent","RMSE",460,0.166773212456206
"concurrent","RMSE",461,0.143607364933106
"concurrent","RMSE",462,0.139165855346902
"concurrent","RMSE",463,0.146241795747649
"concurrent","RMSE",464,0.130472580770353
"concurrent","RMSE",465,0.149914048115579
"concurrent","RMSE",466,0.145866286624439
"concurrent","RMSE",467,0.147993323087739
"concurrent","RMSE",468,0.158364405208414
"concurrent","RMSE",469,0.137887465980653
"concurrent","RMSE",470,0.174875605936301
"concurrent","RMSE",471,0.114663940471285
"concurrent","RMSE",472,0.212250832413561
"concurrent","RMSE",473,0.125140342960369
"concurrent","RMSE",474,0.20298681780185
"concurrent","RMSE",475,0.132984019857406
"concurrent","RMSE",476,0.159461761027406
"concurrent","RMSE",477,0.141819798662308
"concurrent","RMSE",478,0.143951296827382
"concurrent","RMSE",479,0.139836647395949
"concurrent","RMSE",480,0.113467647116357
"concurrent","RMSE",481,0.141612049080931
"concurrent","RMSE",482,0.139820913922728
"concurrent","RMSE",483,0.167988731611839
"concurrent","RMSE",484,0.151726396507592
"concurrent","RMSE",485,0.163883888453099
"concurrent","RMSE",486,0.165620416959145
"concurrent","RMSE",487,0.123096722070265
"concurrent","RMSE",488,0.156997226771986
"concurrent","RMSE",489,0.122999870087763
"concurrent","RMSE",490,0.164044295681165
"concurrent","RMSE",491,0.18981154354353
"concurrent","RMSE",492,0.150183735337801
"concurrent","RMSE",493,0.186842398608363
"concurrent","RMSE",494,0.12365448035895
"concurrent","RMSE",495,0.131058178495205
"concurrent","RMSE",496,0.125117385522043
"concurrent","RMSE",497,0.185497302422588
"concurrent","RMSE",498,0.150342144462699
"concurrent","RMSE",499,0.144120680699922
"concurrent","RMSE",500,0.15374581148658
"concurrent","RMSE",501,0.139176178634435
"concurrent","RMSE",502,0.142324369537136
"concurrent","RMSE",503,0.145636240584736
"concurrent","RMSE",504,0.180439316146306
"concurrent","RMSE",505,0.174050625723138
"concurrent","RMSE",506,0.120195462184475
"concurrent","RMSE",507,0.217358340464862
"concurrent","RMSE",508,0.198694964394111
"concurrent","RMSE",509,0.149941414499028
"concurrent","RMSE",510,0.14276362894079
"concurrent","RMSE",511,0.189297686972088
"concurrent","RMSE",512,0.143259802942546
"concurrent","RMSE",513,0.189852139360939
"concurrent","RMSE",514,0.216543819997415
"concurrent","RMSE",515,0.166934233826978
"concurrent","RMSE",516,0.149548508882746
"concurrent","RMSE",517,0.219874154550629
"concurrent","RMSE",518,0.138137430306599
"concurrent","RMSE",519,0.146960693750527
"concurrent","RMSE",520,0.149632900152717
"concurrent","RMSE",521,0.113217752764282
"concurrent","RMSE",522,0.180591446699335
"concurrent","RMSE",523,0.143516903346961
"concurrent","RMSE",524,0.13001546237884
"concurrent","RMSE",525,0.167254862692906
"concurrent","RMSE",526,0.147203050727104
"concurrent","RMSE",527,0.165154775783689
"concurrent","RMSE",528,0.118780983843943
"concurrent","RMSE",529,0.146212947611779
"concurrent","RMSE",530,0.117897807833424
"concurrent","RMSE",531,0.213513364576976
"concurrent","RMSE",532,0.148765149293628
"concurrent","RMSE",533,0.136429867355671
"concurrent","RMSE",534,0.148578711822284
"concurrent","RMSE",535,0.176399881120683
"concurrent","RMSE",536,0.153500874376042
"concurrent","RMSE",537,0.121719787550177
"concurrent","RMSE",538,0.157253893195816
"concurrent","RMSE",539,0.143941639164432
"concurrent","RMSE",540,0.174103654194017
"concurrent","RMSE",541,0.139765080175953
"concurrent","RMSE",542,0.192367756545053
"concurrent","RMSE",543,0.128612427429578
"concurrent","RMSE",544,0.11950458050978
"concurrent","RMSE",545,0.160199958436605
"concurrent","RMSE",546,0.148779509860713
"concurrent","RMSE",547,0.145706170585018
"concurrent","RMSE",548,0.151947079810288
"concurrent","RMSE",549,0.143208459437616
"concurrent","RMSE",550,0.126257070940451
"concurrent","RMSE",551,0.15918284538081
"concurrent","RMSE",552,0.153443949546145
"concurrent","RMSE",553,0.15730993575217
"concurrent","RMSE",554,0.154924755729005
"concurrent","RMSE",555,0.153417248360165
"concurrent","RMSE",556,0.147902424722767
"concurrent","RMSE",557,0.187588439121495
"concurrent","RMSE",558,0.140001674806729
"concurrent","RMSE",559,0.122375133322602
"concurrent","RMSE",560,0.165467966449298
"concurrent","RMSE",561,0.142263207008324
"concurrent","RMSE",562,0.145046911463293
"concurrent","RMSE",563,0.116083026332225
"concurrent","RMSE",564,0.145964704408509
"concurrent","RMSE",565,0.159283566691079
"concurrent","RMSE",566,0.178750771423371
"concurrent","RMSE",567,0.14503337380129
"concurrent","RMSE",568,0.123053749042478
"concurrent","RMSE",569,0.135111277292076
"concurrent","RMSE",570,0.11549923014856
"concurrent","RMSE",571,0.139386366164046
"concurrent","RMSE",572,0.111347582125295
"concurrent","RMSE",573,0.117477678662662
"concurrent","RMSE",574,0.141585468366873
"concurrent","RMSE",575,0.116423225719815
"concurrent","RMSE",576,0.141987440036581
"concurrent","RMSE",577,0.145261693736022
"concurrent","RMSE",578,0.153672148163855
"concurrent","RMSE",579,0.123472853726579
"concurrent","RMSE",580,0.141082164677322
"concurrent","RMSE",581,0.184397931157471
"concurrent","RMSE",582,0.210339770182436
"concurrent","RMSE",583,0.1217588685329
"concurrent","RMSE",584,0.143658285873488
"concurrent","RMSE",585,0.140954253497187
"concurrent","RMSE",586,0.147665494885099
"concurrent","RMSE",587,0.206816141727933
"concurrent","RMSE",588,0.150843866128939
"concurrent","RMSE",589,0.138334888261804
"concurrent","RMSE",590,0.13952621691953
"concurrent","RMSE",591,0.138848737073321
"concurrent","RMSE",592,0.161743528092565
"concurrent","RMSE",593,0.157404918812594
"concurrent","RMSE",594,0.14237230938262
"concurrent","RMSE",595,0.153551467191028
"concurrent","RMSE",596,0.138936082666747
"concurrent","RMSE",597,0.174347285643743
"concurrent","RMSE",598,0.12862733415214
"concurrent","RMSE",599,0.159147485969529
"concurrent","RMSE",600,0.152069064568973
"concurrent","RMSE",601,0.156639106937604
"concurrent","RMSE",602,0.145122686131639
"concurrent","RMSE",603,0.186646822350623
"concurrent","RMSE",604,0.164558224990049
"concurrent","RMSE",605,0.115414050452315
"concurrent","RMSE",606,0.124580792430907
"concurrent","RMSE",607,0.119657709753609
"concurrent","RMSE",608,0.126157601819259
"concurrent","RMSE",609,0.146055049972661
"concurrent","RMSE",610,0.11386302787283
"concurrent","RMSE",611,0.175315226052066
"concurrent","RMSE",612,0.122152735165195
"concurrent","RMSE",613,0.15567982368597
"concurrent","RMSE",614,0.143884791232156
"concurrent","RMSE",615,0.171946218499928
"concurrent","RMSE",616,0.151225149213134
"concurrent","RMSE",617,0.143738439315368
"concurrent","RMSE",618,0.160943392605117
"concurrent","RMSE",619,0.176202859227672
"concurrent","RMSE",620,0.135039319947216
"concurrent","RMSE",621,0.155464116684994
"concurrent","RMSE",622,0.22636206892922
"concurrent","RMSE",623,0.119399973373462
"concurrent","RMSE",624,0.177259029340476
"concurrent","RMSE",625,0.143321957314021
"concurrent","RMSE",626,0.147241309206771
"concurrent","RMSE",627,0.153258762028365
"concurrent","RMSE",628,0.141914288354728
"concurrent","RMSE",629,0.144393950344835
"concurrent","RMSE",630,0.119583827324466
"concurrent","RMSE",631,0.177395580737051
"concurrent","RMSE",632,0.113311992859539
"concurrent","RMSE",633,0.165223053098992
"concurrent","RMSE",634,0.219323040619394
"concurrent","RMSE",635,0.123248995518379
"concurrent","RMSE",636,0.157602755229841
"concurrent","RMSE",637,0.199923822869735
"concurrent","RMSE",638,0.147635483289428
"concurrent","RMSE",639,0.134800009053586
"concurrent","RMSE",640,0.137646627507904
"concurrent","RMSE",641,0.121668053417936
"concurrent","RMSE",642,0.119116186330247
"concurrent","RMSE",643,0.178360839505471
"concurrent","RMSE",644,0.136586745575562
"concurrent","RMSE",645,0.140122438917075
"concurrent","RMSE",646,0.156190534115629
"concurrent","RMSE",647,0.162623666266765
"concurrent","RMSE",648,0.134433671379678
"concurrent","RMSE",649,0.139064203360516
"concurrent","RMSE",650,0.144636241073157
"concurrent","RMSE",651,0.136068858079716
"concurrent","RMSE",652,0.133838167260545
"concurrent","RMSE",653,0.220846490995852
"concurrent","RMSE",654,0.139499624582354
"concurrent","RMSE",655,0.117361505399314
"concurrent","RMSE",656,0.155754701470915
"concurrent","RMSE",657,0.127301379013981
"concurrent","RMSE",658,0.177065312296421
"concurrent","RMSE",659,0.147082325740387
"concurrent","RMSE",660,0.151797833945104
"concurrent","RMSE",661,0.149352786424199
"concurrent","RMSE",662,0.145083801974459
"concurrent","RMSE",663,0.134691502828566
"concurrent","RMSE",664,0.121149587314067
"concurrent","RMSE",665,0.127017767363899
"concurrent","RMSE",666,0.232466729509828
"concurrent","RMSE",667,0.159654219329769
"concurrent","RMSE",668,0.148753040026165
"concurrent","RMSE",669,0.142429472243655
"concurrent","RMSE",670,0.181199907008357
"concurrent","RMSE",671,0.128879667907905
"concurrent","RMSE",672,0.143140699929486
"concurrent","RMSE",673,0.174229918824519
"concurrent","RMSE",674,0.123019265908383
"concurrent","RMSE",675,0.128760154825906
"concurrent","RMSE",676,0.166851567208224
"concurrent","RMSE",677,0.185020921215286
"concurrent","RMSE",678,0.146008667010617
"concurrent","RMSE",679,0.165642963845835
"concurrent","RMSE",680,0.153384468732315
"concurrent","RMSE",681,0.115584576256327
"concurrent","RMSE",682,0.183663090947135
"concurrent","RMSE",683,0.133963304696872
"concurrent","RMSE",684,0.193436264380195
"concurrent","RMSE",685,0.142798674037891
"concurrent","RMSE",686,0.138233098684119
"concurrent","RMSE",687,0.223787238239085
"concurrent","RMSE",688,0.11557823002689
"concurrent","RMSE",689,0.184107811788256
"concurrent","RMSE",690,0.178094720371574
"concurrent","RMSE",691,0.14152964062754
"concurrent","RMSE",692,0.112567611526918
"concurrent","RMSE",693,0.116986802725024
"concurrent","RMSE",694,0.122240159152994
"concurrent","RMSE",695,0.215230278089599
"concurrent","RMSE",696,0.151963302278067
"concurrent","RMSE",697,0.225123037354093
"concurrent","RMSE",698,0.154889012593421
"concurrent","RMSE",699,0.153413487727827
"concurrent","RMSE",700,0.130721646762908
"concurrent","RMSE",701,0.185674161101379
"concurrent","RMSE",702,0.183913295873979
"concurrent","RMSE",703,0.128827910707347
"concurrent","RMSE",704,0.224734626690532
"concurrent","RMSE",705,0.177086657104057
"concurrent","RMSE",706,0.134934022873943
"concurrent","RMSE",707,0.121347785514063
"concurrent","RMSE",708,0.139895113778149
"concurrent","RMSE",709,0.124307821529825
"concurrent","RMSE",710,0.187005204573431
"concurrent","RMSE",711,0.183106331266951
"concurrent","RMSE",712,0.139415191140347
"concurrent","RMSE",713,0.211972876742953
"concurrent","RMSE",714,0.152836592311767
"concurrent","RMSE",715,0.137164093474316
"concurrent","RMSE",716,0.116809652784924
"concurrent","RMSE",717,0.122450666744446
"concurrent","RMSE",718,0.128636292712554
"concurrent","RMSE",719,0.164136479107476
"concurrent","RMSE",720,0.130384410495994
"concurrent","RMSE",721,0.146362318770512
"concurrent","RMSE",722,0.141991064155925
"concurrent","RMSE",723,0.153081471496796
"concurrent","RMSE",724,0.122921792905863
"concurrent","RMSE",725,0.214447619726759
"concurrent","RMSE",726,0.146002682556561
"concurrent","RMSE",727,0.139465457778523
"concurrent","RMSE",728,0.135910327195425
"concurrent","RMSE",729,0.212710344965642
"concurrent","RMSE",730,0.117299641017491
"concurrent","RMSE",731,0.160065017414821
"concurrent","RMSE",732,0.139578590628884
"concurrent","RMSE",733,0.144158833531664
"concurrent","RMSE",734,0.145052736000585
"concurrent","RMSE",735,0.148947130919627
"concurrent","RMSE",736,0.143666611565775
"concurrent","RMSE",737,0.179154810256897
"concurrent","RMSE",738,0.144404249040126
"concurrent","RMSE",739,0.140344123456155
"concurrent","RMSE",740,0.154242286243423
"concurrent","RMSE",741,0.13949549260929
"concurrent","RMSE",742,0.135733815590794
"concurrent","RMSE",743,0.115826056982913
"concurrent","RMSE",744,0.151143032590916
"concurrent","RMSE",745,0.222036886392043
"concurrent","RMSE",746,0.158272467974243
"concurrent","RMSE",747,0.15712749736118
"concurrent","RMSE",748,0.128656909101375
"concurrent","RMSE",749,0.212723696844294
"concurrent","RMSE",750,0.137411760759565
"concurrent","RMSE",751,0.141849230958277
"concurrent","RMSE",752,0.185392076990567
"concurrent","RMSE",753,0.19568479687648
"concurrent","RMSE",754,0.219511734719051
"concurrent","RMSE",755,0.121981915154365
"concurrent","RMSE",756,0.137089035573539
"concurrent","RMSE",757,0.136843833250032
"concurrent","RMSE",758,0.168222995472279
"concurrent","RMSE",759,0.121212242811489
"concurrent","RMSE",760,0.203995760169141
"concurrent","RMSE",761,0.122871584292613
"concurrent","RMSE",762,0.139935431486716
"concurrent","RMSE",763,0.152047430972347
"concurrent","RMSE",764,0.166814282038621
"concurrent","RMSE",765,0.119513816023224
"concurrent","RMSE",766,0.161945252864866
"concurrent","RMSE",767,0.117259147545838
"concurrent","RMSE",768,0.182309857838597
"concurrent","RMSE",769,0.149654944194686
"concurrent","RMSE",770,0.164076519726199
"concurrent","RMSE",771,0.140288037610736
"concurrent","RMSE",772,0.155541783451123
"concurrent","RMSE",773,0.178105927451093
"concurrent","RMSE",774,0.158904768402101
"concurrent","RMSE",775,0.111605373223019
"concurrent","RMSE",776,0.124188304195325
"concurrent","RMSE",777,0.179268496711873
"concurrent","RMSE",778,0.145296773207868
"concurrent","RMSE",779,0.15224905162314
"concurrent","RMSE",780,0.123347813346915
"concurrent","RMSE",781,0.176091761848703
"concurrent","RMSE",782,0.171997775018358
"concurrent","RMSE",783,0.186060551825589
"concurrent","RMSE",784,0.125447854875233
"concurrent","RMSE",785,0.150799799914385
"concurrent","RMSE",786,0.14562173762229
"concurrent","RMSE",787,0.121037771893494
"concurrent","RMSE",788,0.153479255619739
"concurrent","RMSE",789,0.156563583129119
"concurrent","RMSE",790,0.143539020021995
"concurrent","RMSE",791,0.157656188223661
"concurrent","RMSE",792,0.152420707981059
"concurrent","RMSE",793,0.118105237741372
"concurrent","RMSE",794,0.208772180488977
"concurrent","RMSE",795,0.173741584546473
"concurrent","RMSE",796,0.143692660888164
"concurrent","RMSE",797,0.156045051480378
"concurrent","RMSE",798,0.145003494593081
"concurrent","RMSE",799,0.153973229997941
"concurrent","RMSE",800,0.188990201405336
"concurrent","RMSE",801,0.11804116262189
"concurrent","RMSE",802,0.117834376249274
"concurrent","RMSE",803,0.117096280471484
"concurrent","RMSE",804,0.180706438111451
"concurrent","RMSE",805,0.205385262735733
"concurrent","RMSE",806,0.115779334268265
"concurrent","RMSE",807,0.156481432892535
"concurrent","RMSE",808,0.144888671076862
"concurrent","RMSE",809,0.178697183846548
"concurrent","RMSE",810,0.171028725469699
"concurrent","RMSE",811,0.13224009809772
"concurrent","RMSE",812,0.1097123596303
"concurrent","RMSE",813,0.144495154009535
"concurrent","RMSE",814,0.126739044024513
"concurrent","RMSE",815,0.138213362339485
"concurrent","RMSE",816,0.124704069366013
"concurrent","RMSE",817,0.147532169203527
"concurrent","RMSE",818,0.139774847709584
"concurrent","RMSE",819,0.169810425626798
"concurrent","RMSE",820,0.12797390487078
"concurrent","RMSE",821,0.176084320629553
"concurrent","RMSE",822,0.119705895354406
"concurrent","RMSE",823,0.174708274554366
"concurrent","RMSE",824,0.109652119573148
"concurrent","RMSE",825,0.139338589084655
"concurrent","RMSE",826,0.141888150439516
"concurrent","RMSE",827,0.141596356171394
"concurrent","RMSE",828,0.144183538289301
"concurrent","RMSE",829,0.137601313619473
"concurrent","RMSE",830,0.126707963389732
"concurrent","RMSE",831,0.126225933580306
"concurrent","RMSE",832,0.215637031237753
"concurrent","RMSE",833,0.145763726486888
"concurrent","RMSE",834,0.173708815712326
"concurrent","RMSE",835,0.177807136352831
"concurrent","RMSE",836,0.157100236473517
"concurrent","RMSE",837,0.173077914649515
"concurrent","RMSE",838,0.147205302540238
"concurrent","RMSE",839,0.118167471089902
"concurrent","RMSE",840,0.153168420837224
"concurrent","RMSE",841,0.146378161434563
"concurrent","RMSE",842,0.131373684140677
"concurrent","RMSE",843,0.203154250087399
"concurrent","RMSE",844,0.146887984608397
"concurrent","RMSE",845,0.146455874752005
"concurrent","RMSE",846,0.153534014686623
"concurrent","RMSE",847,0.209674599200354
"concurrent","RMSE",848,0.176193570841386
"concurrent","RMSE",849,0.149488318670353
"concurrent","RMSE",850,0.151315934742253
"concurrent","RMSE",851,0.186271282576164
"concurrent","RMSE",852,0.170381508738663
"concurrent","RMSE",853,0.113817746181515
"concurrent","RMSE",854,0.121839349497658
"concurrent","RMSE",855,0.17334056092092
"concurrent","RMSE",856,0.144034742158564
"concurrent","RMSE",857,0.133591765984245
"concurrent","RMSE",858,0.15430681079058
"concurrent","RMSE",859,0.130017145974431
"concurrent","RMSE",860,0.171151453450787
"concurrent","RMSE",861,0.131665995896336
"concurrent","RMSE",862,0.164741416811401
"concurrent","RMSE",863,0.118830232124974
"concurrent","RMSE",864,0.155052485578538
"concurrent","RMSE",865,0.117721190186921
"concurrent","RMSE",866,0.220235691007195
"concurrent","RMSE",867,0.140825738350152
"concurrent","RMSE",868,0.207823226680389
"concurrent","RMSE",869,0.142324361331001
"concurrent","RMSE",870,0.124619606033262
"concurrent","RMSE",871,0.165343473739001
"concurrent","RMSE",872,0.12087288019658
"concurrent","RMSE",873,0.143805421777979
"concurrent","RMSE",874,0.145334976122841
"concurrent","RMSE",875,0.128574811612502
"concurrent","RMSE",876,0.142979295938519
"concurrent","RMSE",877,0.161000309607025
"concurrent","RMSE",878,0.125177956942113
"concurrent","RMSE",879,0.16605354479324
"concurrent","RMSE",880,0.169044588287793
"concurrent","RMSE",881,0.1238323402876
"concurrent","RMSE",882,0.170969420496772
"concurrent","RMSE",883,0.213996110727069
"concurrent","RMSE",884,0.216060916476758
"concurrent","RMSE",885,0.185118517886221
"concurrent","RMSE",886,0.144613889388572
"concurrent","RMSE",887,0.11226461273228
"concurrent","RMSE",888,0.14562235805804
"concurrent","RMSE",889,0.144425548745003
"concurrent","RMSE",890,0.155558235505866
"concurrent","RMSE",891,0.145456932894136
"concurrent","RMSE",892,0.14598626786532
"concurrent","RMSE",893,0.141073463757626
"concurrent","RMSE",894,0.15672886449846
"concurrent","RMSE",895,0.153764379234182
"concurrent","RMSE",896,0.13233527991399
"concurrent","RMSE",897,0.119974347807489
"concurrent","RMSE",898,0.126292116021175
"concurrent","RMSE",899,0.187973945732989
"concurrent","RMSE",900,0.126839251752148
"concurrent","RMSE",901,0.160634678445542
"concurrent","RMSE",902,0.182670162537786
"concurrent","RMSE",903,0.15661614279749
"concurrent","RMSE",904,0.119563830040783
"concurrent","RMSE",905,0.152325874931565
"concurrent","RMSE",906,0.119052307346293
"concurrent","RMSE",907,0.140377380512048
"concurrent","RMSE",908,0.110845578663328
"concurrent","RMSE",909,0.123045012260518
"concurrent","RMSE",910,0.1200694189956
"concurrent","RMSE",911,0.178668018637851
"concurrent","RMSE",912,0.140995297416587
"concurrent","RMSE",913,0.110896405362104
"concurrent","RMSE",914,0.146985649882303
"concurrent","RMSE",915,0.115245080980422
"concurrent","RMSE",916,0.144437789390395
"concurrent","RMSE",917,0.150940515212316
"concurrent","RMSE",918,0.147605737043231
"concurrent","RMSE",919,0.118495023372611
"concurrent","RMSE",920,0.136905655030307
"concurrent","RMSE",921,0.184766255541302
"concurrent","RMSE",922,0.171288415798826
"concurrent","RMSE",923,0.150671215373481
"concurrent","RMSE",924,0.138062416287315
"concurrent","RMSE",925,0.184978842478319
"concurrent","RMSE",926,0.155603908691583
"concurrent","RMSE",927,0.205979983428021
"concurrent","RMSE",928,0.112891904863396
"concurrent","RMSE",929,0.13372283267835
"concurrent","RMSE",930,0.126101267666577
"concurrent","RMSE",931,0.183655828428466
"concurrent","RMSE",932,0.143889322584422
"concurrent","RMSE",933,0.147222453348942
"concurrent","RMSE",934,0.161855946715564
"concurrent","RMSE",935,0.139460233729791
"concurrent","RMSE",936,0.123061302457311
"concurrent","RMSE",937,0.107967185519169
"concurrent","RMSE",938,0.143023423226745
"concurrent","RMSE",939,0.222762974206896
"concurrent","RMSE",940,0.118760620467253
"concurrent","RMSE",941,0.131666757757645
"concurrent","RMSE",942,0.171926095811243
"concurrent","RMSE",943,0.151802980875034
"concurrent","RMSE",944,0.158394154555087
"concurrent","RMSE",945,0.158239619149407
"concurrent","RMSE",946,0.135259515368693
"concurrent","RMSE",947,0.143812401956811
"concurrent","RMSE",948,0.148196791631361
"concurrent","RMSE",949,0.121605546413818
"concurrent","RMSE",950,0.154980337335958
"concurrent","RMSE",951,0.153966890788744
"concurrent","RMSE",952,0.178541357590494
"concurrent","RMSE",953,0.165143729883476
"concurrent","RMSE",954,0.141950072361642
"concurrent","RMSE",955,0.190251301303344
"concurrent","RMSE",956,0.124788174242203
"concurrent","RMSE",957,0.152230126305592
"concurrent","RMSE",958,0.123937901052815
"concurrent","RMSE",959,0.197427486191843
"concurrent","RMSE",960,0.150142706533716
"concurrent","RMSE",961,0.111542304742042
"concurrent","RMSE",962,0.180398407923853
"concurrent","RMSE",963,0.148889622004903
"concurrent","RMSE",964,0.208152341627775
"concurrent","RMSE",965,0.156838161388305
"concurrent","RMSE",966,0.136531674768157
"concurrent","RMSE",967,0.153899277684069
"concurrent","RMSE",968,0.127598680166731
"concurrent","RMSE",969,0.149388437148508
"concurrent","RMSE",970,0.127247957790338
"concurrent","RMSE",971,0.146655988598299
"concurrent","RMSE",972,0.135106826095972
"concurrent","RMSE",973,0.119345610922112
"concurrent","RMSE",974,0.142784800318242
"concurrent","RMSE",975,0.153462446663173
"concurrent","RMSE",976,0.143053162967106
"concurrent","RMSE",977,0.14484430848511
"concurrent","RMSE",978,0.115693803754163
"concurrent","RMSE",979,0.13980772335576
"concurrent","RMSE",980,0.178992854934267
"concurrent","RMSE",981,0.231759100773734
"concurrent","RMSE",982,0.173615167653732
"concurrent","RMSE",983,0.173737826996864
"concurrent","RMSE",984,0.112236724603921
"concurrent","RMSE",985,0.173870969344781
"concurrent","RMSE",986,0.137108301163403
"concurrent","RMSE",987,0.145294209128693
"concurrent","RMSE",988,0.166677494411052
"concurrent","RMSE",989,0.133367288333273
"concurrent","RMSE",990,0.14344727868062
"concurrent","RMSE",991,0.152858214478425
"concurrent","RMSE",992,0.170912971755149
"concurrent","RMSE",993,0.142100887704797
"concurrent","RMSE",994,0.153851337108929
"concurrent","RMSE",995,0.124940274136019
"concurrent","RMSE",996,0.136985346545585
"concurrent","RMSE",997,0.115466310635964
"concurrent","RMSE",998,0.141772316632325
"concurrent","RMSE",999,0.165340238929537
"concurrent","RMSE",1000,0.131786326079351
"followup_frail","AUROC",1,0.641072883272975
"followup_frail","AUROC",2,0.814301168325541
"followup_frail","AUROC",3,0.732608917530395
"followup_frail","AUROC",4,0.81496982209438
"followup_frail","AUROC",5,0.793654089142824
"followup_frail","AUROC",6,0.767552085707336
"followup_frail","AUROC",7,0.812736826861492
"followup_frail","AUROC",8,0.708823341492263
"followup_frail","AUROC",9,0.776941083673279
"followup_frail","AUROC",10,0.765494755006472
"followup_frail","AUROC",11,0.76455968944607
"followup_frail","AUROC",12,0.784617539394216
"followup_frail","AUROC",13,0.771006606183293
"followup_frail","AUROC",14,0.822203842234618
"followup_frail","AUROC",15,0.778097050869612
"followup_frail","AUROC",16,0.766635168672962
"followup_frail","AUROC",17,0.77846686957064
"followup_frail","AUROC",18,0.813830454780604
"followup_frail","AUROC",19,0.757572213608209
"followup_frail","AUROC",20,0.71582002285588
"followup_frail","AUROC",21,0.80627034365869
"followup_frail","AUROC",22,0.750382004791834
"followup_frail","AUROC",23,0.793570144535007
"followup_frail","AUROC",24,0.757894548552708
"followup_frail","AUROC",25,0.795790261505938
"followup_frail","AUROC",26,0.776728861959425
"followup_frail","AUROC",27,0.814638942091387
"followup_frail","AUROC",28,0.770090991173072
"followup_frail","AUROC",29,0.782498337412495
"followup_frail","AUROC",30,0.802464482689328
"followup_frail","AUROC",31,0.809507893238042
"followup_frail","AUROC",32,0.794276037479942
"followup_frail","AUROC",33,0.804079415334891
"followup_frail","AUROC",34,0.804083606352723
"followup_frail","AUROC",35,0.812204320415401
"followup_frail","AUROC",36,0.777758416079046
"followup_frail","AUROC",37,0.734755863446177
"followup_frail","AUROC",38,0.795514288105632
"followup_frail","AUROC",39,0.738144404259547
"followup_frail","AUROC",40,0.754659317639158
"followup_frail","AUROC",41,0.724942854570028
"followup_frail","AUROC",42,0.753665131774419
"followup_frail","AUROC",43,0.655192803865601
"followup_frail","AUROC",44,0.767811500208151
"followup_frail","AUROC",45,0.802719359988273
"followup_frail","AUROC",46,0.723780041648805
"followup_frail","AUROC",47,0.774200168747829
"followup_frail","AUROC",48,0.783792879942691
"followup_frail","AUROC",49,0.771062612720081
"followup_frail","AUROC",50,0.814310878497063
"followup_frail","AUROC",51,0.657489042172512
"followup_frail","AUROC",52,0.76686318639732
"followup_frail","AUROC",53,0.795689099497101
"followup_frail","AUROC",54,0.770593021704887
"followup_frail","AUROC",55,0.686993603199306
"followup_frail","AUROC",56,0.80925617362687
"followup_frail","AUROC",57,0.809166290725368
"followup_frail","AUROC",58,0.724581246215588
"followup_frail","AUROC",59,0.747993079642383
"followup_frail","AUROC",60,0.79600383176636
"followup_frail","AUROC",61,0.772130038229687
"followup_frail","AUROC",62,0.766493469367472
"followup_frail","AUROC",63,0.813199869694278
"followup_frail","AUROC",64,0.803223281220652
"followup_frail","AUROC",65,0.792485010902226
"followup_frail","AUROC",66,0.763936339409893
"followup_frail","AUROC",67,0.731667187943338
"followup_frail","AUROC",68,0.79207569378415
"followup_frail","AUROC",69,0.731092663924874
"followup_frail","AUROC",70,0.769156235445519
"followup_frail","AUROC",71,0.753381343790196
"followup_frail","AUROC",72,0.776693606942904
"followup_frail","AUROC",73,0.81355734363597
"followup_frail","AUROC",74,0.796985094164959
"followup_frail","AUROC",75,0.812839227353139
"followup_frail","AUROC",76,0.766382232899843
"followup_frail","AUROC",77,0.73908220381677
"followup_frail","AUROC",78,0.766928922290774
"followup_frail","AUROC",79,0.763926028233636
"followup_frail","AUROC",80,0.786126120902297
"followup_frail","AUROC",81,0.785297479486434
"followup_frail","AUROC",82,0.75148266074174
"followup_frail","AUROC",83,0.795916747737717
"followup_frail","AUROC",84,0.754268457728028
"followup_frail","AUROC",85,0.81221317993951
"followup_frail","AUROC",86,0.752436338866341
"followup_frail","AUROC",87,0.791120797301444
"followup_frail","AUROC",88,0.749950413221488
"followup_frail","AUROC",89,0.794049579081908
"followup_frail","AUROC",90,0.776214590975319
"followup_frail","AUROC",91,0.783803393608973
"followup_frail","AUROC",92,0.764733470564897
"followup_frail","AUROC",93,0.663598091156826
"followup_frail","AUROC",94,0.747289116363779
"followup_frail","AUROC",95,0.794198867596567
"followup_frail","AUROC",96,0.793525247572426
"followup_frail","AUROC",97,0.79291576518818
"followup_frail","AUROC",98,0.761679603466375
"followup_frail","AUROC",99,0.767443526257467
"followup_frail","AUROC",100,0.786779844972246
"followup_frail","AUROC",101,0.764736144782396
"followup_frail","AUROC",102,0.768254321491746
"followup_frail","AUROC",103,0.75033433997311
"followup_frail","AUROC",104,0.665721867247896
"followup_frail","AUROC",105,0.811260799290576
"followup_frail","AUROC",106,0.7669138626931
"followup_frail","AUROC",107,0.795427996496613
"followup_frail","AUROC",108,0.76414709634013
"followup_frail","AUROC",109,0.804576617669777
"followup_frail","AUROC",110,0.776665666449804
"followup_frail","AUROC",111,0.769698172976482
"followup_frail","AUROC",112,0.743486649838847
"followup_frail","AUROC",113,0.815342575160234
"followup_frail","AUROC",114,0.743850482847251
"followup_frail","AUROC",115,0.752676448233162
"followup_frail","AUROC",116,0.793214423136251
"followup_frail","AUROC",117,0.789956572808874
"followup_frail","AUROC",118,0.820196246216411
"followup_frail","AUROC",119,0.760333225061655
"followup_frail","AUROC",120,0.758311595017795
"followup_frail","AUROC",121,0.795188610810166
"followup_frail","AUROC",122,0.774910925301069
"followup_frail","AUROC",123,0.777224207920546
"followup_frail","AUROC",124,0.815166374278465
"followup_frail","AUROC",125,0.748810282075359
"followup_frail","AUROC",126,0.814130093789359
"followup_frail","AUROC",127,0.779571597251338
"followup_frail","AUROC",128,0.766894010605541
"followup_frail","AUROC",129,0.733658724833518
"followup_frail","AUROC",130,0.795466035209555
"followup_frail","AUROC",131,0.811306557580302
"followup_frail","AUROC",132,0.747872510108628
"followup_frail","AUROC",133,0.794699338898479
"followup_frail","AUROC",134,0.771219036426892
"followup_frail","AUROC",135,0.776391369419727
"followup_frail","AUROC",136,0.765868770972716
"followup_frail","AUROC",137,0.772479182633086
"followup_frail","AUROC",138,0.752906814363886
"followup_frail","AUROC",139,0.741249636261993
"followup_frail","AUROC",140,0.800123570313814
"followup_frail","AUROC",141,0.779410535421859
"followup_frail","AUROC",142,0.780673400942343
"followup_frail","AUROC",143,0.766517606532741
"followup_frail","AUROC",144,0.808076722389814
"followup_frail","AUROC",145,0.790526731011279
"followup_frail","AUROC",146,0.737522602576356
"followup_frail","AUROC",147,0.754765726442853
"followup_frail","AUROC",148,0.807229189212127
"followup_frail","AUROC",149,0.660799309462123
"followup_frail","AUROC",150,0.765700518146716
"followup_frail","AUROC",151,0.80581881425476
"followup_frail","AUROC",152,0.764269733270198
"followup_frail","AUROC",153,0.692371481751868
"followup_frail","AUROC",154,0.79406768332201
"followup_frail","AUROC",155,0.816363074945674
"followup_frail","AUROC",156,0.734039288778875
"followup_frail","AUROC",157,0.814577142553293
"followup_frail","AUROC",158,0.795710386471899
"followup_frail","AUROC",159,0.787472999226085
"followup_frail","AUROC",160,0.795387064413688
"followup_frail","AUROC",161,0.77021256386338
"followup_frail","AUROC",162,0.779593478935962
"followup_frail","AUROC",163,0.779762550861769
"followup_frail","AUROC",164,0.774406947618104
"followup_frail","AUROC",165,0.807229082104451
"followup_frail","AUROC",166,0.668565719161681
"followup_frail","AUROC",167,0.734132333554418
"followup_frail","AUROC",168,0.802476932564867
"followup_frail","AUROC",169,0.771265751631783
"followup_frail","AUROC",170,0.656983426033386
"followup_frail","AUROC",171,0.802146893518876
"followup_frail","AUROC",172,0.758361224369216
"followup_frail","AUROC",173,0.773561595382861
"followup_frail","AUROC",174,0.781103675863762
"followup_frail","AUROC",175,0.774674370240194
"followup_frail","AUROC",176,0.810984498313065
"followup_frail","AUROC",177,0.784664067024428
"followup_frail","AUROC",178,0.675908878576885
"followup_frail","AUROC",179,0.652523958948347
"followup_frail","AUROC",180,0.766250659070402
"followup_frail","AUROC",181,0.744926051974536
"followup_frail","AUROC",182,0.794767021955591
"followup_frail","AUROC",183,0.74027878304886
"followup_frail","AUROC",184,0.761216464281454
"followup_frail","AUROC",185,0.777909833622847
"followup_frail","AUROC",186,0.822510165956506
"followup_frail","AUROC",187,0.749472234465885
"followup_frail","AUROC",188,0.71955339472893
"followup_frail","AUROC",189,0.812552601180998
"followup_frail","AUROC",190,0.796531677995112
"followup_frail","AUROC",191,0.727197399524885
"followup_frail","AUROC",192,0.780606864255245
"followup_frail","AUROC",193,0.777672538531746
"followup_frail","AUROC",194,0.771563501145722
"followup_frail","AUROC",195,0.793182551809983
"followup_frail","AUROC",196,0.756790079699183
"followup_frail","AUROC",197,0.717256878189367
"followup_frail","AUROC",198,0.796372905827567
"followup_frail","AUROC",199,0.74656044095835
"followup_frail","AUROC",200,0.79309750331215
"followup_frail","AUROC",201,0.733087063081348
"followup_frail","AUROC",202,0.775704839256918
"followup_frail","AUROC",203,0.781467007833054
"followup_frail","AUROC",204,0.813438793051321
"followup_frail","AUROC",205,0.795996227023247
"followup_frail","AUROC",206,0.793146428391234
"followup_frail","AUROC",207,0.720820111987404
"followup_frail","AUROC",208,0.728103791463999
"followup_frail","AUROC",209,0.761183238732365
"followup_frail","AUROC",210,0.802934229411029
"followup_frail","AUROC",211,0.804592931733492
"followup_frail","AUROC",212,0.728390591061925
"followup_frail","AUROC",213,0.762814279267097
"followup_frail","AUROC",214,0.763139829095325
"followup_frail","AUROC",215,0.819023590531653
"followup_frail","AUROC",216,0.816417025165359
"followup_frail","AUROC",217,0.750123524957117
"followup_frail","AUROC",218,0.760911456382673
"followup_frail","AUROC",219,0.765055100068854
"followup_frail","AUROC",220,0.768617621949667
"followup_frail","AUROC",221,0.804355608196176
"followup_frail","AUROC",222,0.769650366760375
"followup_frail","AUROC",223,0.797395167948259
"followup_frail","AUROC",224,0.779598961171074
"followup_frail","AUROC",225,0.80473215195676
"followup_frail","AUROC",226,0.727476010270417
"followup_frail","AUROC",227,0.756519247162389
"followup_frail","AUROC",228,0.76646278173611
"followup_frail","AUROC",229,0.795799228944181
"followup_frail","AUROC",230,0.808084520905383
"followup_frail","AUROC",231,0.730105770978642
"followup_frail","AUROC",232,0.757651652450107
"followup_frail","AUROC",233,0.793522728917073
"followup_frail","AUROC",234,0.792049441876832
"followup_frail","AUROC",235,0.789025224251973
"followup_frail","AUROC",236,0.771129114397485
"followup_frail","AUROC",237,0.72419932068081
"followup_frail","AUROC",238,0.791264681376066
"followup_frail","AUROC",239,0.807673739038603
"followup_frail","AUROC",240,0.666388528967234
"followup_frail","AUROC",241,0.77648120910317
"followup_frail","AUROC",242,0.793119816533112
"followup_frail","AUROC",243,0.780066095055743
"followup_frail","AUROC",244,0.774865933382235
"followup_frail","AUROC",245,0.73909703219126
"followup_frail","AUROC",246,0.717627599716564
"followup_frail","AUROC",247,0.80240768729022
"followup_frail","AUROC",248,0.795380400837169
"followup_frail","AUROC",249,0.749288814936074
"followup_frail","AUROC",250,0.79515286856204
"followup_frail","AUROC",251,0.761026441453783
"followup_frail","AUROC",252,0.780617481237508
"followup_frail","AUROC",253,0.749518119010907
"followup_frail","AUROC",254,0.810556882999409
"followup_frail","AUROC",255,0.809518872323532
"followup_frail","AUROC",256,0.784728317613877
"followup_frail","AUROC",257,0.809602513688158
"followup_frail","AUROC",258,0.76026517866281
"followup_frail","AUROC",259,0.768289652128265
"followup_frail","AUROC",260,0.772705091694388
"followup_frail","AUROC",261,0.669529857471926
"followup_frail","AUROC",262,0.769118283526286
"followup_frail","AUROC",263,0.780107846404639
"followup_frail","AUROC",264,0.771196634004449
"followup_frail","AUROC",265,0.780271229708658
"followup_frail","AUROC",266,0.773191719805328
"followup_frail","AUROC",267,0.819360158998139
"followup_frail","AUROC",268,0.787602577231988
"followup_frail","AUROC",269,0.664171605433747
"followup_frail","AUROC",270,0.762688602399367
"followup_frail","AUROC",271,0.736608774483313
"followup_frail","AUROC",272,0.794440933143167
"followup_frail","AUROC",273,0.794905609780515
"followup_frail","AUROC",274,0.774889242503618
"followup_frail","AUROC",275,0.813808377846092
"followup_frail","AUROC",276,0.727200194726221
"followup_frail","AUROC",277,0.744824614023216
"followup_frail","AUROC",278,0.752927809764377
"followup_frail","AUROC",279,0.810491263904559
"followup_frail","AUROC",280,0.761831128678638
"followup_frail","AUROC",281,0.794193119713386
"followup_frail","AUROC",282,0.812343148426147
"followup_frail","AUROC",283,0.778067537368899
"followup_frail","AUROC",284,0.67704102294239
"followup_frail","AUROC",285,0.774137043240801
"followup_frail","AUROC",286,0.813544403964767
"followup_frail","AUROC",287,0.75004181236228
"followup_frail","AUROC",288,0.754711721813561
"followup_frail","AUROC",289,0.770579240686899
"followup_frail","AUROC",290,0.812374005289675
"followup_frail","AUROC",291,0.790578658493149
"followup_frail","AUROC",292,0.766979942026552
"followup_frail","AUROC",293,0.77149341273688
"followup_frail","AUROC",294,0.804320015221176
"followup_frail","AUROC",295,0.794836395742665
"followup_frail","AUROC",296,0.783483240602289
"followup_frail","AUROC",297,0.732717536011445
"followup_frail","AUROC",298,0.693787327652364
"followup_frail","AUROC",299,0.78215168103499
"followup_frail","AUROC",300,0.792598718456741
"followup_frail","AUROC",301,0.781555073540857
"followup_frail","AUROC",302,0.775093192801536
"followup_frail","AUROC",303,0.809021509941622
"followup_frail","AUROC",304,0.803702912880492
"followup_frail","AUROC",305,0.768199426524519
"followup_frail","AUROC",306,0.772568232490612
"followup_frail","AUROC",307,0.80235661006255
"followup_frail","AUROC",308,0.779630254775372
"followup_frail","AUROC",309,0.770908469355321
"followup_frail","AUROC",310,0.716399632101379
"followup_frail","AUROC",311,0.807482101524753
"followup_frail","AUROC",312,0.802140807499011
"followup_frail","AUROC",313,0.814829131266457
"followup_frail","AUROC",314,0.779456283140367
"followup_frail","AUROC",315,0.816736952872954
"followup_frail","AUROC",316,0.793755693499478
"followup_frail","AUROC",317,0.752524886384436
"followup_frail","AUROC",318,0.762673627434714
"followup_frail","AUROC",319,0.785186654253601
"followup_frail","AUROC",320,0.775216575925541
"followup_frail","AUROC",321,0.783535984283449
"followup_frail","AUROC",322,0.724759644426863
"followup_frail","AUROC",323,0.79646366757862
"followup_frail","AUROC",324,0.814860778945252
"followup_frail","AUROC",325,0.764182512575617
"followup_frail","AUROC",326,0.795616814712611
"followup_frail","AUROC",327,0.773523629688576
"followup_frail","AUROC",328,0.740011430927028
"followup_frail","AUROC",329,0.804901658507281
"followup_frail","AUROC",330,0.784471562765438
"followup_frail","AUROC",331,0.797160554502254
"followup_frail","AUROC",332,0.750148997699802
"followup_frail","AUROC",333,0.807420164217377
"followup_frail","AUROC",334,0.760895753458787
"followup_frail","AUROC",335,0.752833859726811
"followup_frail","AUROC",336,0.723660762772066
"followup_frail","AUROC",337,0.727787700701097
"followup_frail","AUROC",338,0.749329470473291
"followup_frail","AUROC",339,0.805253149246749
"followup_frail","AUROC",340,0.793570974098842
"followup_frail","AUROC",341,0.765567164114431
"followup_frail","AUROC",342,0.715996790361624
"followup_frail","AUROC",343,0.793200428655701
"followup_frail","AUROC",344,0.753043326794896
"followup_frail","AUROC",345,0.772944950773013
"followup_frail","AUROC",346,0.770506564343366
"followup_frail","AUROC",347,0.818337438922843
"followup_frail","AUROC",348,0.653888887266355
"followup_frail","AUROC",349,0.650527868501527
"followup_frail","AUROC",350,0.774254048994142
"followup_frail","AUROC",351,0.74615865791566
"followup_frail","AUROC",352,0.791075139798162
"followup_frail","AUROC",353,0.767108005828884
"followup_frail","AUROC",354,0.782604885927202
"followup_frail","AUROC",355,0.764421665953236
"followup_frail","AUROC",356,0.82080421500945
"followup_frail","AUROC",357,0.777205819209872
"followup_frail","AUROC",358,0.746635487216899
"followup_frail","AUROC",359,0.740705323712322
"followup_frail","AUROC",360,0.815053372057562
"followup_frail","AUROC",361,0.741390893459662
"followup_frail","AUROC",362,0.804496098292782
"followup_frail","AUROC",363,0.66014289094434
"followup_frail","AUROC",364,0.778362795811342
"followup_frail","AUROC",365,0.668792666163873
"followup_frail","AUROC",366,0.796897550423822
"followup_frail","AUROC",367,0.745132341078303
"followup_frail","AUROC",368,0.732065141936017
"followup_frail","AUROC",369,0.812973412970123
"followup_frail","AUROC",370,0.75175680978057
"followup_frail","AUROC",371,0.778991367599703
"followup_frail","AUROC",372,0.79541091301408
"followup_frail","AUROC",373,0.805576727281002
"followup_frail","AUROC",374,0.759346777014895
"followup_frail","AUROC",375,0.80968020437026
"followup_frail","AUROC",376,0.778243962038437
"followup_frail","AUROC",377,0.774020597290449
"followup_frail","AUROC",378,0.804497505410867
"followup_frail","AUROC",379,0.7971016124884
"followup_frail","AUROC",380,0.815636247958086
"followup_frail","AUROC",381,0.729230350457874
"followup_frail","AUROC",382,0.819686292072763
"followup_frail","AUROC",383,0.637536203693541
"followup_frail","AUROC",384,0.82030816199076
"followup_frail","AUROC",385,0.778643372233234
"followup_frail","AUROC",386,0.723790159713219
"followup_frail","AUROC",387,0.820576311865512
"followup_frail","AUROC",388,0.759249598170213
"followup_frail","AUROC",389,0.76286177830841
"followup_frail","AUROC",390,0.763376470512357
"followup_frail","AUROC",391,0.792238844770568
"followup_frail","AUROC",392,0.785841107995357
"followup_frail","AUROC",393,0.802609342332637
"followup_frail","AUROC",394,0.801892851798233
"followup_frail","AUROC",395,0.760930737711885
"followup_frail","AUROC",396,0.797014226171428
"followup_frail","AUROC",397,0.716309345613759
"followup_frail","AUROC",398,0.7738328752276
"followup_frail","AUROC",399,0.772668807205899
"followup_frail","AUROC",400,0.805574224492439
"followup_frail","AUROC",401,0.80224393780784
"followup_frail","AUROC",402,0.81072990086014
"followup_frail","AUROC",403,0.814106124992139
"followup_frail","AUROC",404,0.765230165915532
"followup_frail","AUROC",405,0.768375135497961
"followup_frail","AUROC",406,0.801311216281968
"followup_frail","AUROC",407,0.753554197229917
"followup_frail","AUROC",408,0.793626001607351
"followup_frail","AUROC",409,0.811871338220354
"followup_frail","AUROC",410,0.769485948505316
"followup_frail","AUROC",411,0.796709310981351
"followup_frail","AUROC",412,0.802592498992435
"followup_frail","AUROC",413,0.767569516003272
"followup_frail","AUROC",414,0.788037805975717
"followup_frail","AUROC",415,0.778842666965761
"followup_frail","AUROC",416,0.815152716417434
"followup_frail","AUROC",417,0.772469591030964
"followup_frail","AUROC",418,0.810265590617928
"followup_frail","AUROC",419,0.808556626112757
"followup_frail","AUROC",420,0.802497438223341
"followup_frail","AUROC",421,0.757643928584848
"followup_frail","AUROC",422,0.795883942734948
"followup_frail","AUROC",423,0.76761090453103
"followup_frail","AUROC",424,0.764180830641209
"followup_frail","AUROC",425,0.745089285986744
"followup_frail","AUROC",426,0.777684675945879
"followup_frail","AUROC",427,0.780133340167244
"followup_frail","AUROC",428,0.789743721065751
"followup_frail","AUROC",429,0.782148210224699
"followup_frail","AUROC",430,0.814411705532728
"followup_frail","AUROC",431,0.794736768814659
"followup_frail","AUROC",432,0.811112057682576
"followup_frail","AUROC",433,0.792426168402084
"followup_frail","AUROC",434,0.793787921429627
"followup_frail","AUROC",435,0.798231431000308
"followup_frail","AUROC",436,0.780851935942935
"followup_frail","AUROC",437,0.77088602686863
"followup_frail","AUROC",438,0.76784836888257
"followup_frail","AUROC",439,0.669397960969525
"followup_frail","AUROC",440,0.743219328946083
"followup_frail","AUROC",441,0.771242352924652
"followup_frail","AUROC",442,0.796995860749992
"followup_frail","AUROC",443,0.794703678562872
"followup_frail","AUROC",444,0.780633325623092
"followup_frail","AUROC",445,0.772995858290607
"followup_frail","AUROC",446,0.667435098003862
"followup_frail","AUROC",447,0.795329398855381
"followup_frail","AUROC",448,0.667631234647676
"followup_frail","AUROC",449,0.7952091330731
"followup_frail","AUROC",450,0.781821273745299
"followup_frail","AUROC",451,0.800275998587689
"followup_frail","AUROC",452,0.765727098020624
"followup_frail","AUROC",453,0.793442742156195
"followup_frail","AUROC",454,0.674543381665941
"followup_frail","AUROC",455,0.793575618984294
"followup_frail","AUROC",456,0.779799997612872
"followup_frail","AUROC",457,0.779984454610395
"followup_frail","AUROC",458,0.772500218561039
"followup_frail","AUROC",459,0.813600834216409
"followup_frail","AUROC",460,0.750681960528074
"followup_frail","AUROC",461,0.7868682174531
"followup_frail","AUROC",462,0.765803941997652
"followup_frail","AUROC",463,0.769043535196592
"followup_frail","AUROC",464,0.782419536573762
"followup_frail","AUROC",465,0.791869426921002
"followup_frail","AUROC",466,0.771449749879497
"followup_frail","AUROC",467,0.781175987622402
"followup_frail","AUROC",468,0.754597282294538
"followup_frail","AUROC",469,0.782930140581518
"followup_frail","AUROC",470,0.736771584147472
"followup_frail","AUROC",471,0.803345961514397
"followup_frail","AUROC",472,0.66640042324916
"followup_frail","AUROC",473,0.804664622037631
"followup_frail","AUROC",474,0.679411199854167
"followup_frail","AUROC",475,0.771797900502951
"followup_frail","AUROC",476,0.794527368308688
"followup_frail","AUROC",477,0.780233187924163
"followup_frail","AUROC",478,0.774655190589079
"followup_frail","AUROC",479,0.77552008023525
"followup_frail","AUROC",480,0.799852781076635
"followup_frail","AUROC",481,0.792860336370013
"followup_frail","AUROC",482,0.779602723516179
"followup_frail","AUROC",483,0.739535838871213
"followup_frail","AUROC",484,0.764447576328462
"followup_frail","AUROC",485,0.741922404173631
"followup_frail","AUROC",486,0.745615499263427
"followup_frail","AUROC",487,0.79308067002871
"followup_frail","AUROC",488,0.768134598642402
"followup_frail","AUROC",489,0.795195745252153
"followup_frail","AUROC",490,0.820973893837053
"followup_frail","AUROC",491,0.723787450601974
"followup_frail","AUROC",492,0.761129495112623
"followup_frail","AUROC",493,0.721556833511315
"followup_frail","AUROC",494,0.810155913522229
"followup_frail","AUROC",495,0.796389590892089
"followup_frail","AUROC",496,0.805700510498438
"followup_frail","AUROC",497,0.724221693358879
"followup_frail","AUROC",498,0.772838590701607
"followup_frail","AUROC",499,0.772651548402654
"followup_frail","AUROC",500,0.773691050327331
"followup_frail","AUROC",501,0.78257489872907
"followup_frail","AUROC",502,0.774330072039543
"followup_frail","AUROC",503,0.770556321120783
"followup_frail","AUROC",504,0.72744928424508
"followup_frail","AUROC",505,0.735833194627667
"followup_frail","AUROC",506,0.794812394159656
"followup_frail","AUROC",507,0.65676445004565
"followup_frail","AUROC",508,0.688860831411188
"followup_frail","AUROC",509,0.760162184997583
"followup_frail","AUROC",510,0.779984714618509
"followup_frail","AUROC",511,0.716219250076756
"followup_frail","AUROC",512,0.764157974079135
"followup_frail","AUROC",513,0.71748234794119
"followup_frail","AUROC",514,0.655758544806116
"followup_frail","AUROC",515,0.751803819924884
"followup_frail","AUROC",516,0.762544222755919
"followup_frail","AUROC",517,0.651207190592565
"followup_frail","AUROC",518,0.777162949352951
"followup_frail","AUROC",519,0.767680457048917
"followup_frail","AUROC",520,0.770171765130488
"followup_frail","AUROC",521,0.803664199723723
"followup_frail","AUROC",522,0.72822988249566
"followup_frail","AUROC",523,0.774241249128603
"followup_frail","AUROC",524,0.797026808529429
"followup_frail","AUROC",525,0.791067315614466
"followup_frail","AUROC",526,0.813654936215605
"followup_frail","AUROC",527,0.767013881156923
"followup_frail","AUROC",528,0.79054418014993
"followup_frail","AUROC",529,0.769949720152623
"followup_frail","AUROC",530,0.793652873186171
"followup_frail","AUROC",531,0.664110396080073
"followup_frail","AUROC",532,0.774305918133309
"followup_frail","AUROC",533,0.781026169687557
"followup_frail","AUROC",534,0.764611485287148
"followup_frail","AUROC",535,0.737559193985702
"followup_frail","AUROC",536,0.756741277743632
"followup_frail","AUROC",537,0.809022697694357
"followup_frail","AUROC",538,0.746222053922621
"followup_frail","AUROC",539,0.77951101213937
"followup_frail","AUROC",540,0.739512693540288
"followup_frail","AUROC",541,0.810759865525528
"followup_frail","AUROC",542,0.804018231888227
"followup_frail","AUROC",543,0.812434034576447
"followup_frail","AUROC",544,0.812384895897112
"followup_frail","AUROC",545,0.752924349420264
"followup_frail","AUROC",546,0.787781360319979
"followup_frail","AUROC",547,0.778584538052146
"followup_frail","AUROC",548,0.815425838186031
"followup_frail","AUROC",549,0.764202122241194
"followup_frail","AUROC",550,0.792164884461504
"followup_frail","AUROC",551,0.755870147758197
"followup_frail","AUROC",552,0.795756741821343
"followup_frail","AUROC",553,0.749064352638433
"followup_frail","AUROC",554,0.760175851925903
"followup_frail","AUROC",555,0.775813998395076
"followup_frail","AUROC",556,0.787526776302778
"followup_frail","AUROC",557,0.721236279131175
"followup_frail","AUROC",558,0.777975462420791
"followup_frail","AUROC",559,0.787914113069934
"followup_frail","AUROC",560,0.739439414586004
"followup_frail","AUROC",561,0.782803228891279
"followup_frail","AUROC",562,0.774617052781617
"followup_frail","AUROC",563,0.811891824311989
"followup_frail","AUROC",564,0.76825311165682
"followup_frail","AUROC",565,0.75407309076278
"followup_frail","AUROC",566,0.725470774202964
"followup_frail","AUROC",567,0.770830044236999
"followup_frail","AUROC",568,0.80817805441873
"followup_frail","AUROC",569,0.772308967402574
"followup_frail","AUROC",570,0.809980463048901
"followup_frail","AUROC",571,0.781376716034474
"followup_frail","AUROC",572,0.801686838682039
"followup_frail","AUROC",573,0.802457626818093
"followup_frail","AUROC",574,0.814645541860364
"followup_frail","AUROC",575,0.811629275497627
"followup_frail","AUROC",576,0.785608961870212
"followup_frail","AUROC",577,0.791368949225669
"followup_frail","AUROC",578,0.781092216772474
"followup_frail","AUROC",579,0.792625371682623
"followup_frail","AUROC",580,0.783201634965404
"followup_frail","AUROC",581,0.719846833136084
"followup_frail","AUROC",582,0.670261258701766
"followup_frail","AUROC",583,0.792891343403952
"followup_frail","AUROC",584,0.769815777453711
"followup_frail","AUROC",585,0.77787959466145
"followup_frail","AUROC",586,0.768528851884255
"followup_frail","AUROC",587,0.673561541975041
"followup_frail","AUROC",588,0.793569491620682
"followup_frail","AUROC",589,0.774249058667669
"followup_frail","AUROC",590,0.77104786643007
"followup_frail","AUROC",591,0.777864769972941
"followup_frail","AUROC",592,0.794412391336537
"followup_frail","AUROC",593,0.774531097982749
"followup_frail","AUROC",594,0.774171620541019
"followup_frail","AUROC",595,0.762687940244617
"followup_frail","AUROC",596,0.779323838455828
"followup_frail","AUROC",597,0.734526739171941
"followup_frail","AUROC",598,0.810811367297214
"followup_frail","AUROC",599,0.753552345915254
"followup_frail","AUROC",600,0.763509523879187
"followup_frail","AUROC",601,0.748020313430053
"followup_frail","AUROC",602,0.784938232434294
"followup_frail","AUROC",603,0.723069295594993
"followup_frail","AUROC",604,0.746218233445411
"followup_frail","AUROC",605,0.794706761118459
"followup_frail","AUROC",606,0.791940714965786
"followup_frail","AUROC",607,0.796516685915819
"followup_frail","AUROC",608,0.793977472226003
"followup_frail","AUROC",609,0.78264903835955
"followup_frail","AUROC",610,0.792027118244232
"followup_frail","AUROC",611,0.735105943106714
"followup_frail","AUROC",612,0.805792993173297
"followup_frail","AUROC",613,0.765398976687926
"followup_frail","AUROC",614,0.77724772528189
"followup_frail","AUROC",615,0.734279886260633
"followup_frail","AUROC",616,0.795218419743046
"followup_frail","AUROC",617,0.773902873140064
"followup_frail","AUROC",618,0.745178428420502
"followup_frail","AUROC",619,0.728571544999919
"followup_frail","AUROC",620,0.791360389685438
"followup_frail","AUROC",621,0.792923150566259
"followup_frail","AUROC",622,0.640742571596309
"followup_frail","AUROC",623,0.80553539011192
"followup_frail","AUROC",624,0.730689086134865
"followup_frail","AUROC",625,0.771890753109913
"followup_frail","AUROC",626,0.775259016723879
"followup_frail","AUROC",627,0.766050757554558
"followup_frail","AUROC",628,0.769216327655401
"followup_frail","AUROC",629,0.772495339766125
"followup_frail","AUROC",630,0.797402691793598
"followup_frail","AUROC",631,0.727466265091217
"followup_frail","AUROC",632,0.809444781665878
"followup_frail","AUROC",633,0.741209487961476
"followup_frail","AUROC",634,0.659776761925551
"followup_frail","AUROC",635,0.795675827391096
"followup_frail","AUROC",636,0.762670750223568
"followup_frail","AUROC",637,0.683864354119126
"followup_frail","AUROC",638,0.778987551685336
"followup_frail","AUROC",639,0.769271984691471
"followup_frail","AUROC",640,0.804503847173995
"followup_frail","AUROC",641,0.792434106995499
"followup_frail","AUROC",642,0.794969553604019
"followup_frail","AUROC",643,0.725621204347984
"followup_frail","AUROC",644,0.782459648557655
"followup_frail","AUROC",645,0.766528426077191
"followup_frail","AUROC",646,0.757817158341049
"followup_frail","AUROC",647,0.750638175090346
"followup_frail","AUROC",648,0.783946247991851
"followup_frail","AUROC",649,0.795046427567559
"followup_frail","AUROC",650,0.780945184885263
"followup_frail","AUROC",651,0.811654069903275
"followup_frail","AUROC",652,0.78346019409848
"followup_frail","AUROC",653,0.650664248374113
"followup_frail","AUROC",654,0.811447146721124
"followup_frail","AUROC",655,0.802065293942478
"followup_frail","AUROC",656,0.756517408145263
"followup_frail","AUROC",657,0.796890716586314
"followup_frail","AUROC",658,0.730197881995036
"followup_frail","AUROC",659,0.775225093377963
"followup_frail","AUROC",660,0.773930119306324
"followup_frail","AUROC",661,0.760858118847268
"followup_frail","AUROC",662,0.772930269095081
"followup_frail","AUROC",663,0.781658220144046
"followup_frail","AUROC",664,0.790409297308828
"followup_frail","AUROC",665,0.811006793181041
"followup_frail","AUROC",666,0.6269291191658
"followup_frail","AUROC",667,0.747408944165248
"followup_frail","AUROC",668,0.773410607920793
"followup_frail","AUROC",669,0.773144782228001
"followup_frail","AUROC",670,0.727849696064418
"followup_frail","AUROC",671,0.780365333090635
"followup_frail","AUROC",672,0.76577834518736
"followup_frail","AUROC",673,0.739247024030847
"followup_frail","AUROC",674,0.789342069305506
"followup_frail","AUROC",675,0.795967400945724
"followup_frail","AUROC",676,0.740140233211591
"followup_frail","AUROC",677,0.722723248776044
"followup_frail","AUROC",678,0.770839145298765
"followup_frail","AUROC",679,0.741610832474941
"followup_frail","AUROC",680,0.765218786517106
"followup_frail","AUROC",681,0.795579465293431
"followup_frail","AUROC",682,0.726032634611138
"followup_frail","AUROC",683,0.79300339647207
"followup_frail","AUROC",684,0.802340267731478
"followup_frail","AUROC",685,0.768392885933587
"followup_frail","AUROC",686,0.779966549748137
"followup_frail","AUROC",687,0.644369494107002
"followup_frail","AUROC",688,0.806937952627321
"followup_frail","AUROC",689,0.725299142867964
"followup_frail","AUROC",690,0.821035004027631
"followup_frail","AUROC",691,0.775488859015442
"followup_frail","AUROC",692,0.794559296450137
"followup_frail","AUROC",693,0.796942829698922
"followup_frail","AUROC",694,0.79585063642427
"followup_frail","AUROC",695,0.657176668704386
"followup_frail","AUROC",696,0.821005444699249
"followup_frail","AUROC",697,0.639368643460694
"followup_frail","AUROC",698,0.764006457340473
"followup_frail","AUROC",699,0.773579277304799
"followup_frail","AUROC",700,0.81039910564123
"followup_frail","AUROC",701,0.723587536291183
"followup_frail","AUROC",702,0.726591005300786
"followup_frail","AUROC",703,0.815296679379812
"followup_frail","AUROC",704,0.648057554635944
"followup_frail","AUROC",705,0.733051135071111
"followup_frail","AUROC",706,0.804055157546992
"followup_frail","AUROC",707,0.795896480979567
"followup_frail","AUROC",708,0.775936389114633
"followup_frail","AUROC",709,0.79403419563731
"followup_frail","AUROC",710,0.721227369421305
"followup_frail","AUROC",711,0.80360630862299
"followup_frail","AUROC",712,0.778831958988481
"followup_frail","AUROC",713,0.667752003736911
"followup_frail","AUROC",714,0.766366653665905
"followup_frail","AUROC",715,0.785181876595304
"followup_frail","AUROC",716,0.79720347763174
"followup_frail","AUROC",717,0.811808445521202
"followup_frail","AUROC",718,0.782367261988413
"followup_frail","AUROC",719,0.755284295402574
"followup_frail","AUROC",720,0.782793399091674
"followup_frail","AUROC",721,0.781624944909343
"followup_frail","AUROC",722,0.775186641941989
"followup_frail","AUROC",723,0.768050196998104
"followup_frail","AUROC",724,0.807590826523654
"followup_frail","AUROC",725,0.659052711033295
"followup_frail","AUROC",726,0.772849700190236
"followup_frail","AUROC",727,0.765169577360572
"followup_frail","AUROC",728,0.794516575892342
"followup_frail","AUROC",729,0.663399991426813
"followup_frail","AUROC",730,0.808317567670681
"followup_frail","AUROC",731,0.767587066603643
"followup_frail","AUROC",732,0.813673272436858
"followup_frail","AUROC",733,0.767678785140312
"followup_frail","AUROC",734,0.813790335568381
"followup_frail","AUROC",735,0.764090776843125
"followup_frail","AUROC",736,0.779680911635079
"followup_frail","AUROC",737,0.728273933080383
"followup_frail","AUROC",738,0.767003358617902
"followup_frail","AUROC",739,0.814777002574027
"followup_frail","AUROC",740,0.768149014624816
"followup_frail","AUROC",741,0.81225471966955
"followup_frail","AUROC",742,0.81337028605046
"followup_frail","AUROC",743,0.804781661609964
"followup_frail","AUROC",744,0.813203695394503
"followup_frail","AUROC",745,0.650667150624049
"followup_frail","AUROC",746,0.748405714338512
"followup_frail","AUROC",747,0.787970910302553
"followup_frail","AUROC",748,0.814038390525519
"followup_frail","AUROC",749,0.668902700913775
"followup_frail","AUROC",750,0.781650438497903
"followup_frail","AUROC",751,0.769350864936443
"followup_frail","AUROC",752,0.722586803398663
"followup_frail","AUROC",753,0.816000730753083
"followup_frail","AUROC",754,0.652815038540228
"followup_frail","AUROC",755,0.794643704261467
"followup_frail","AUROC",756,0.781768700631542
"followup_frail","AUROC",757,0.782327724160692
"followup_frail","AUROC",758,0.739874135503798
"followup_frail","AUROC",759,0.813041075377987
"followup_frail","AUROC",760,0.676275612013866
"followup_frail","AUROC",761,0.790061280780076
"followup_frail","AUROC",762,0.771648884625895
"followup_frail","AUROC",763,0.763192415351438
"followup_frail","AUROC",764,0.742260879440866
"followup_frail","AUROC",765,0.79532128552487
"followup_frail","AUROC",766,0.798028352505414
"followup_frail","AUROC",767,0.790793244343372
"followup_frail","AUROC",768,0.724216519936979
"followup_frail","AUROC",769,0.772851647879121
"followup_frail","AUROC",770,0.744978778440169
"followup_frail","AUROC",771,0.812029497949468
"followup_frail","AUROC",772,0.761299795280827
"followup_frail","AUROC",773,0.728484724889585
"followup_frail","AUROC",774,0.753776120589306
"followup_frail","AUROC",775,0.806510288011836
"followup_frail","AUROC",776,0.794064761842919
"followup_frail","AUROC",777,0.728883098346493
"followup_frail","AUROC",778,0.793254775739231
"followup_frail","AUROC",779,0.761191714234457
"followup_frail","AUROC",780,0.791601748531883
"followup_frail","AUROC",781,0.731834244324479
"followup_frail","AUROC",782,0.735024801104586
"followup_frail","AUROC",783,0.815977332815048
"followup_frail","AUROC",784,0.79224814325983
"followup_frail","AUROC",785,0.761753695682095
"followup_frail","AUROC",786,0.786360479746583
"followup_frail","AUROC",787,0.803974623407177
"followup_frail","AUROC",788,0.751347053353383
"followup_frail","AUROC",789,0.768235929919908
"followup_frail","AUROC",790,0.773508972369401
"followup_frail","AUROC",791,0.788534250500113
"followup_frail","AUROC",792,0.81233388560769
"followup_frail","AUROC",793,0.803654993606405
"followup_frail","AUROC",794,0.673262854370097
"followup_frail","AUROC",795,0.734900942697662
"followup_frail","AUROC",796,0.79376859974186
"followup_frail","AUROC",797,0.755994271938142
"followup_frail","AUROC",798,0.770019200078361
"followup_frail","AUROC",799,0.750885118991539
"followup_frail","AUROC",800,0.720951452728084
"followup_frail","AUROC",801,0.794728863327392
"followup_frail","AUROC",802,0.804455090813732
"followup_frail","AUROC",803,0.795213093827431
"followup_frail","AUROC",804,0.728474199671829
"followup_frail","AUROC",805,0.673579291687012
"followup_frail","AUROC",806,0.793665150159117
"followup_frail","AUROC",807,0.814873796651196
"followup_frail","AUROC",808,0.776971786406041
"followup_frail","AUROC",809,0.728887543827385
"followup_frail","AUROC",810,0.742317536238248
"followup_frail","AUROC",811,0.776268154924239
"followup_frail","AUROC",812,0.804222999715916
"followup_frail","AUROC",813,0.76480799105002
"followup_frail","AUROC",814,0.792062315425846
"followup_frail","AUROC",815,0.78163791540296
"followup_frail","AUROC",816,0.814350325188036
"followup_frail","AUROC",817,0.767868241566546
"followup_frail","AUROC",818,0.79428195373289
"followup_frail","AUROC",819,0.82163612413202
"followup_frail","AUROC",820,0.792879936452625
"followup_frail","AUROC",821,0.735257751123692
"followup_frail","AUROC",822,0.800365140465825
"followup_frail","AUROC",823,0.802745222183217
"followup_frail","AUROC",824,0.80489025669311
"followup_frail","AUROC",825,0.785219716302529
"followup_frail","AUROC",826,0.779239554309544
"followup_frail","AUROC",827,0.792437292386605
"followup_frail","AUROC",828,0.778150898534649
"followup_frail","AUROC",829,0.768395513270332
"followup_frail","AUROC",830,0.794047148991268
"followup_frail","AUROC",831,0.791917532757085
"followup_frail","AUROC",832,0.656701146512244
"followup_frail","AUROC",833,0.783072182857315
"followup_frail","AUROC",834,0.734080907549047
"followup_frail","AUROC",835,0.730067721518599
"followup_frail","AUROC",836,0.760396382272485
"followup_frail","AUROC",837,0.739266708795952
"followup_frail","AUROC",838,0.778189504177213
"followup_frail","AUROC",839,0.80374832511867
"followup_frail","AUROC",840,0.76283458346729
"followup_frail","AUROC",841,0.77435461847956
"followup_frail","AUROC",842,0.814065241089208
"followup_frail","AUROC",843,0.681106608721693
"followup_frail","AUROC",844,0.766931313332619
"followup_frail","AUROC",845,0.76391376354365
"followup_frail","AUROC",846,0.757602091944693
"followup_frail","AUROC",847,0.670919819901482
"followup_frail","AUROC",848,0.736504116245746
"followup_frail","AUROC",849,0.767344783519633
"followup_frail","AUROC",850,0.765401224766877
"followup_frail","AUROC",851,0.724546478571834
"followup_frail","AUROC",852,0.735944029414659
"followup_frail","AUROC",853,0.801088560449113
"followup_frail","AUROC",854,0.80706995231779
"followup_frail","AUROC",855,0.732135832050648
"followup_frail","AUROC",856,0.773952237997977
"followup_frail","AUROC",857,0.780884702128524
"followup_frail","AUROC",858,0.753887074439034
"followup_frail","AUROC",859,0.809191431280914
"followup_frail","AUROC",860,0.734782298833732
"followup_frail","AUROC",861,0.810515119775024
"followup_frail","AUROC",862,0.743271959880006
"followup_frail","AUROC",863,0.792136544609756
"followup_frail","AUROC",864,0.788043878784845
"followup_frail","AUROC",865,0.806574111969087
"followup_frail","AUROC",866,0.822882640437934
"followup_frail","AUROC",867,0.76725917838804
"followup_frail","AUROC",868,0.672403515618592
"followup_frail","AUROC",869,0.78687720315988
"followup_frail","AUROC",870,0.794796455175435
"followup_frail","AUROC",871,0.744720399351357
"followup_frail","AUROC",872,0.813733573013337
"followup_frail","AUROC",873,0.770277161015049
"followup_frail","AUROC",874,0.766683974598373
"followup_frail","AUROC",875,0.794971086782421
"followup_frail","AUROC",876,0.778571256809727
"followup_frail","AUROC",877,0.769553036439948
"followup_frail","AUROC",878,0.79325629015722
"followup_frail","AUROC",879,0.745745110106044
"followup_frail","AUROC",880,0.740237222271634
"followup_frail","AUROC",881,0.803367510978452
"followup_frail","AUROC",882,0.737487067859143
"followup_frail","AUROC",883,0.667578797575097
"followup_frail","AUROC",884,0.657281809128583
"followup_frail","AUROC",885,0.719317866773359
"followup_frail","AUROC",886,0.77397255898659
"followup_frail","AUROC",887,0.805086288935639
"followup_frail","AUROC",888,0.776896137208315
"followup_frail","AUROC",889,0.771516000008394
"followup_frail","AUROC",890,0.761200223681903
"followup_frail","AUROC",891,0.776138064710067
"followup_frail","AUROC",892,0.764189348185627
"followup_frail","AUROC",893,0.812361724356515
"followup_frail","AUROC",894,0.772519033715905
"followup_frail","AUROC",895,0.793609536628844
"followup_frail","AUROC",896,0.803897485361199
"followup_frail","AUROC",897,0.795394496537729
"followup_frail","AUROC",898,0.793546723162417
"followup_frail","AUROC",899,0.819964731187407
"followup_frail","AUROC",900,0.812993718782101
"followup_frail","AUROC",901,0.75458984335759
"followup_frail","AUROC",902,0.721571074114793
"followup_frail","AUROC",903,0.762605535646834
"followup_frail","AUROC",904,0.807801843999633
"followup_frail","AUROC",905,0.793594131780175
"followup_frail","AUROC",906,0.811661633180635
"followup_frail","AUROC",907,0.774686890798454
"followup_frail","AUROC",908,0.804060535504706
"followup_frail","AUROC",909,0.80513345922751
"followup_frail","AUROC",910,0.790899126545964
"followup_frail","AUROC",911,0.734729928860093
"followup_frail","AUROC",912,0.781713898590137
"followup_frail","AUROC",913,0.794362414888801
"followup_frail","AUROC",914,0.777612085569453
"followup_frail","AUROC",915,0.794445911112103
"followup_frail","AUROC",916,0.777717080937306
"followup_frail","AUROC",917,0.795130742684757
"followup_frail","AUROC",918,0.76900850377311
"followup_frail","AUROC",919,0.789793927545938
"followup_frail","AUROC",920,0.776849758463604
"followup_frail","AUROC",921,0.71886267898574
"followup_frail","AUROC",922,0.738397358400499
"followup_frail","AUROC",923,0.776631662893596
"followup_frail","AUROC",924,0.773479811337152
"followup_frail","AUROC",925,0.72554036776742
"followup_frail","AUROC",926,0.767306298882357
"followup_frail","AUROC",927,0.675867072466857
"followup_frail","AUROC",928,0.797538039865345
"followup_frail","AUROC",929,0.779526603549793
"followup_frail","AUROC",930,0.797121404289375
"followup_frail","AUROC",931,0.725486713954923
"followup_frail","AUROC",932,0.793548760920617
"followup_frail","AUROC",933,0.767850199640434
"followup_frail","AUROC",934,0.74276126191805
"followup_frail","AUROC",935,0.791446372370501
"followup_frail","AUROC",936,0.80800803158126
"followup_frail","AUROC",937,0.800838391127521
"followup_frail","AUROC",938,0.76836231431521
"followup_frail","AUROC",939,0.641994516514863
"followup_frail","AUROC",940,0.796932869710383
"followup_frail","AUROC",941,0.776600035774215
"followup_frail","AUROC",942,0.736184692278261
"followup_frail","AUROC",943,0.775222024526031
"followup_frail","AUROC",944,0.757741523582579
"followup_frail","AUROC",945,0.745498982975702
"followup_frail","AUROC",946,0.770354030641445
"followup_frail","AUROC",947,0.771425450149357
"followup_frail","AUROC",948,0.781977139083428
"followup_frail","AUROC",949,0.795554418114654
"followup_frail","AUROC",950,0.761334334854469
"followup_frail","AUROC",951,0.806867925367324
"followup_frail","AUROC",952,0.727751169737514
"followup_frail","AUROC",953,0.748095422751073
"followup_frail","AUROC",954,0.771840514380445
"followup_frail","AUROC",955,0.718124379722131
"followup_frail","AUROC",956,0.799192431100789
"followup_frail","AUROC",957,0.771365077112244
"followup_frail","AUROC",958,0.792857587317589
"followup_frail","AUROC",959,0.690591250053012
"followup_frail","AUROC",960,0.795559271238006
"followup_frail","AUROC",961,0.800392444206206
"followup_frail","AUROC",962,0.724323062813256
"followup_frail","AUROC",963,0.784332945717771
"followup_frail","AUROC",964,0.67288573216299
"followup_frail","AUROC",965,0.748936636889818
"followup_frail","AUROC",966,0.808378175573055
"followup_frail","AUROC",967,0.787069947574142
"followup_frail","AUROC",968,0.810492142545191
"followup_frail","AUROC",969,0.769742006308494
"followup_frail","AUROC",970,0.810227679936953
"followup_frail","AUROC",971,0.769339884061074
"followup_frail","AUROC",972,0.773801098026427
"followup_frail","AUROC",973,0.794828797114369
"followup_frail","AUROC",974,0.78390783361294
"followup_frail","AUROC",975,0.787720536879694
"followup_frail","AUROC",976,0.810831731871897
"followup_frail","AUROC",977,0.768231810343968
"followup_frail","AUROC",978,0.80350361966065
"followup_frail","AUROC",979,0.812606378868483
"followup_frail","AUROC",980,0.725145998248362
"followup_frail","AUROC",981,0.627316627427573
"followup_frail","AUROC",982,0.736739798383744
"followup_frail","AUROC",983,0.73532852102009
"followup_frail","AUROC",984,0.797794315403118
"followup_frail","AUROC",985,0.733497940625861
"followup_frail","AUROC",986,0.780198999166294
"followup_frail","AUROC",987,0.76912571839862
"followup_frail","AUROC",988,0.739622440438138
"followup_frail","AUROC",989,0.813283091113658
"followup_frail","AUROC",990,0.77167304059715
"followup_frail","AUROC",991,0.755194193613182
"followup_frail","AUROC",992,0.736723637290397
"followup_frail","AUROC",993,0.782730500673976
"followup_frail","AUROC",994,0.753748091737623
"followup_frail","AUROC",995,0.795269678282509
"followup_frail","AUROC",996,0.783908721186409
"followup_frail","AUROC",997,0.796358309437465
"followup_frail","AUROC",998,0.773896146532857
"followup_frail","AUROC",999,0.749071266714492
"followup_frail","AUROC",1000,0.810767542060724
"incident_adl","AUROC",1,0.556795607287715
"incident_adl","AUROC",2,0.694236140048973
"incident_adl","AUROC",3,0.629141458570921
"incident_adl","AUROC",4,0.69078371017462
"incident_adl","AUROC",5,0.672656881005171
"incident_adl","AUROC",6,0.652958772467928
"incident_adl","AUROC",7,0.687809244059513
"incident_adl","AUROC",8,0.615748909981216
"incident_adl","AUROC",9,0.664360590323575
"incident_adl","AUROC",10,0.655713397953755
"incident_adl","AUROC",11,0.648820889676603
"incident_adl","AUROC",12,0.683023519290749
"incident_adl","AUROC",13,0.66909537974629
"incident_adl","AUROC",14,0.702693268423467
"incident_adl","AUROC",15,0.662459571515026
"incident_adl","AUROC",16,0.65358385873249
"incident_adl","AUROC",17,0.663925891285893
"incident_adl","AUROC",18,0.689920316367988
"incident_adl","AUROC",19,0.648087449181615
"incident_adl","AUROC",20,0.620823607289191
"incident_adl","AUROC",21,0.688819826878853
"incident_adl","AUROC",22,0.654046236748668
"incident_adl","AUROC",23,0.666014611200834
"incident_adl","AUROC",24,0.648051688479823
"incident_adl","AUROC",25,0.683381782200334
"incident_adl","AUROC",26,0.667539073858278
"incident_adl","AUROC",27,0.697371281239934
"incident_adl","AUROC",28,0.648591227787003
"incident_adl","AUROC",29,0.674498231307865
"incident_adl","AUROC",30,0.67905906565379
"incident_adl","AUROC",31,0.684495502163024
"incident_adl","AUROC",32,0.684859251190547
"incident_adl","AUROC",33,0.679934254043375
"incident_adl","AUROC",34,0.684293473373329
"incident_adl","AUROC",35,0.692707835119511
"incident_adl","AUROC",36,0.665147889432814
"incident_adl","AUROC",37,0.629445579349562
"incident_adl","AUROC",38,0.682299499875873
"incident_adl","AUROC",39,0.639992897605185
"incident_adl","AUROC",40,0.644157432838602
"incident_adl","AUROC",41,0.609765124291932
"incident_adl","AUROC",42,0.650804402583491
"incident_adl","AUROC",43,0.554405293110291
"incident_adl","AUROC",44,0.658150604299217
"incident_adl","AUROC",45,0.677592123229314
"incident_adl","AUROC",46,0.616988565275996
"incident_adl","AUROC",47,0.670415774816895
"incident_adl","AUROC",48,0.676337426046977
"incident_adl","AUROC",49,0.665219845587419
"incident_adl","AUROC",50,0.692350176961914
"incident_adl","AUROC",51,0.544483788303144
"incident_adl","AUROC",52,0.655296174199676
"incident_adl","AUROC",53,0.666417073723517
"incident_adl","AUROC",54,0.660022040797434
"incident_adl","AUROC",55,0.577923070323045
"incident_adl","AUROC",56,0.681114818447357
"incident_adl","AUROC",57,0.681516424895944
"incident_adl","AUROC",58,0.620432951936001
"incident_adl","AUROC",59,0.642953065556784
"incident_adl","AUROC",60,0.679304473792606
"incident_adl","AUROC",61,0.66848462520445
"incident_adl","AUROC",62,0.648469956552518
"incident_adl","AUROC",63,0.692318972231564
"incident_adl","AUROC",64,0.685778553400957
"incident_adl","AUROC",65,0.665703092017977
"incident_adl","AUROC",66,0.65134947392474
"incident_adl","AUROC",67,0.620095822297588
"incident_adl","AUROC",68,0.671795460544149
"incident_adl","AUROC",69,0.633841035325619
"incident_adl","AUROC",70,0.652697475501669
"incident_adl","AUROC",71,0.644707168771891
"incident_adl","AUROC",72,0.662845843346376
"incident_adl","AUROC",73,0.696333273892257
"incident_adl","AUROC",74,0.671780676134517
"incident_adl","AUROC",75,0.696311550990708
"incident_adl","AUROC",76,0.660851276647228
"incident_adl","AUROC",77,0.634337931461118
"incident_adl","AUROC",78,0.664467058860904
"incident_adl","AUROC",79,0.65207745307801
"incident_adl","AUROC",80,0.675301372450125
"incident_adl","AUROC",81,0.675992456111858
"incident_adl","AUROC",82,0.647940033626508
"incident_adl","AUROC",83,0.672275802171598
"incident_adl","AUROC",84,0.648422914020101
"incident_adl","AUROC",85,0.693322949617539
"incident_adl","AUROC",86,0.651919486894201
"incident_adl","AUROC",87,0.671797912473497
"incident_adl","AUROC",88,0.640511145003895
"incident_adl","AUROC",89,0.670709791568928
"incident_adl","AUROC",90,0.669296327125195
"incident_adl","AUROC",91,0.675074389889057
"incident_adl","AUROC",92,0.658607574406286
"incident_adl","AUROC",93,0.578369999131715
"incident_adl","AUROC",94,0.642237286475649
"incident_adl","AUROC",95,0.667685895099265
"incident_adl","AUROC",96,0.673000087293743
"incident_adl","AUROC",97,0.678256971501301
"incident_adl","AUROC",98,0.661463935056836
"incident_adl","AUROC",99,0.658729834630805
"incident_adl","AUROC",100,0.676180754597097
"incident_adl","AUROC",101,0.657174419786515
"incident_adl","AUROC",102,0.645670976732755
"incident_adl","AUROC",103,0.646687901143113
"incident_adl","AUROC",104,0.572563694829383
"incident_adl","AUROC",105,0.690578944390524
"incident_adl","AUROC",106,0.63632293311101
"incident_adl","AUROC",107,0.661641994843396
"incident_adl","AUROC",108,0.650643037268351
"incident_adl","AUROC",109,0.685020871361273
"incident_adl","AUROC",110,0.669317551091363
"incident_adl","AUROC",111,0.661493256749245
"incident_adl","AUROC",112,0.643262933530484
"incident_adl","AUROC",113,0.694865763271523
"incident_adl","AUROC",114,0.645142926829539
"incident_adl","AUROC",115,0.646119227229045
"incident_adl","AUROC",116,0.668925276013409
"incident_adl","AUROC",117,0.663872514811605
"incident_adl","AUROC",118,0.698690688518874
"incident_adl","AUROC",119,0.648764893935458
"incident_adl","AUROC",120,0.654002900662376
"incident_adl","AUROC",121,0.68975222155824
"incident_adl","AUROC",122,0.657428990321348
"incident_adl","AUROC",123,0.66619800203382
"incident_adl","AUROC",124,0.695637573890553
"incident_adl","AUROC",125,0.650607751191932
"incident_adl","AUROC",126,0.694464382802352
"incident_adl","AUROC",127,0.668427798570819
"incident_adl","AUROC",128,0.651627646302056
"incident_adl","AUROC",129,0.633895255758313
"incident_adl","AUROC",130,0.684507076400863
"incident_adl","AUROC",131,0.693334425619625
"incident_adl","AUROC",132,0.643451692216456
"incident_adl","AUROC",133,0.664546520659604
"incident_adl","AUROC",134,0.66332466851109
"incident_adl","AUROC",135,0.662081707303097
"incident_adl","AUROC",136,0.652925379471501
"incident_adl","AUROC",137,0.661586277577729
"incident_adl","AUROC",138,0.639801303066636
"incident_adl","AUROC",139,0.637284304428092
"incident_adl","AUROC",140,0.682088643479254
"incident_adl","AUROC",141,0.664699703754894
"incident_adl","AUROC",142,0.673882771068843
"incident_adl","AUROC",143,0.646622837856308
"incident_adl","AUROC",144,0.689147825752878
"incident_adl","AUROC",145,0.679173586203009
"incident_adl","AUROC",146,0.631976003889076
"incident_adl","AUROC",147,0.651962886576576
"incident_adl","AUROC",148,0.687491865282627
"incident_adl","AUROC",149,0.557075454821881
"incident_adl","AUROC",150,0.655470516439429
"incident_adl","AUROC",151,0.681911694110666
"incident_adl","AUROC",152,0.660858377595888
"incident_adl","AUROC",153,0.587185107448944
"incident_adl","AUROC",154,0.667838472363528
"incident_adl","AUROC",155,0.698338483151518
"incident_adl","AUROC",156,0.620312038417948
"incident_adl","AUROC",157,0.695571924687124
"incident_adl","AUROC",158,0.670291222742602
"incident_adl","AUROC",159,0.674965862105429
"incident_adl","AUROC",160,0.682119430750984
"incident_adl","AUROC",161,0.652963839297042
"incident_adl","AUROC",162,0.664049072370263
"incident_adl","AUROC",163,0.670781820933416
"incident_adl","AUROC",164,0.667444291075596
"incident_adl","AUROC",165,0.689706350617288
"incident_adl","AUROC",166,0.593356665605658
"incident_adl","AUROC",167,0.622357265495282
"incident_adl","AUROC",168,0.691983999727368
"incident_adl","AUROC",169,0.669437513894171
"incident_adl","AUROC",170,0.552590906734781
"incident_adl","AUROC",171,0.675586642721295
"incident_adl","AUROC",172,0.644157432838602
"incident_adl","AUROC",173,0.639155175155034
"incident_adl","AUROC",174,0.671875559228573
"incident_adl","AUROC",175,0.660113345664323
"incident_adl","AUROC",176,0.693957637502608
"incident_adl","AUROC",177,0.671353935550358
"incident_adl","AUROC",178,0.587584347260194
"incident_adl","AUROC",179,0.559163757913107
"incident_adl","AUROC",180,0.649100415958552
"incident_adl","AUROC",181,0.636037953143801
"incident_adl","AUROC",182,0.682099825148013
"incident_adl","AUROC",183,0.630777339033827
"incident_adl","AUROC",184,0.639208954014115
"incident_adl","AUROC",185,0.667235897814151
"incident_adl","AUROC",186,0.703132332000445
"incident_adl","AUROC",187,0.648179091282177
"incident_adl","AUROC",188,0.624124586409832
"incident_adl","AUROC",189,0.690327249938427
"incident_adl","AUROC",190,0.674283941867735
"incident_adl","AUROC",191,0.631036251830742
"incident_adl","AUROC",192,0.672639433799361
"incident_adl","AUROC",193,0.666953632189545
"incident_adl","AUROC",194,0.664074104227746
"incident_adl","AUROC",195,0.665188674254473
"incident_adl","AUROC",196,0.6475575990662
"incident_adl","AUROC",197,0.610713265280128
"incident_adl","AUROC",198,0.673684534056977
"incident_adl","AUROC",199,0.633872146515585
"incident_adl","AUROC",200,0.67110246891511
"incident_adl","AUROC",201,0.62638049123649
"incident_adl","AUROC",202,0.667182981446097
"incident_adl","AUROC",203,0.673079855931044
"incident_adl","AUROC",204,0.698085594788509
"incident_adl","AUROC",205,0.675304601495098
"incident_adl","AUROC",206,0.67251688213904
"incident_adl","AUROC",207,0.606991196487676
"incident_adl","AUROC",208,0.628651022215552
"incident_adl","AUROC",209,0.632414039586359
"incident_adl","AUROC",210,0.680663470969075
"incident_adl","AUROC",211,0.690409919228179
"incident_adl","AUROC",212,0.607328374303069
"incident_adl","AUROC",213,0.649980474046668
"incident_adl","AUROC",214,0.657180551798131
"incident_adl","AUROC",215,0.699962917140109
"incident_adl","AUROC",216,0.694330560630149
"incident_adl","AUROC",217,0.641261496849518
"incident_adl","AUROC",218,0.655621030522495
"incident_adl","AUROC",219,0.630803874082025
"incident_adl","AUROC",220,0.655315850326398
"incident_adl","AUROC",221,0.684114736492715
"incident_adl","AUROC",222,0.638382316918348
"incident_adl","AUROC",223,0.688117956564309
"incident_adl","AUROC",224,0.669779389226651
"incident_adl","AUROC",225,0.684154066426844
"incident_adl","AUROC",226,0.6315134423492
"incident_adl","AUROC",227,0.653683742322675
"incident_adl","AUROC",228,0.622080957060946
"incident_adl","AUROC",229,0.682329825089101
"incident_adl","AUROC",230,0.681498547124889
"incident_adl","AUROC",231,0.610179032678105
"incident_adl","AUROC",232,0.653234760312092
"incident_adl","AUROC",233,0.677982398158305
"incident_adl","AUROC",234,0.673164889786218
"incident_adl","AUROC",235,0.666009627180086
"incident_adl","AUROC",236,0.658458191845929
"incident_adl","AUROC",237,0.624867619868002
"incident_adl","AUROC",238,0.663638509684744
"incident_adl","AUROC",239,0.68971805756007
"incident_adl","AUROC",240,0.580891932295821
"incident_adl","AUROC",241,0.665824883341846
"incident_adl","AUROC",242,0.684614793966384
"incident_adl","AUROC",243,0.666947217284239
"incident_adl","AUROC",244,0.654035856107371
"incident_adl","AUROC",245,0.631694423579123
"incident_adl","AUROC",246,0.624929720177765
"incident_adl","AUROC",247,0.681527607610278
"incident_adl","AUROC",248,0.69031176849903
"incident_adl","AUROC",249,0.631994407737381
"incident_adl","AUROC",250,0.664585176287678
"incident_adl","AUROC",251,0.653234760312092
"incident_adl","AUROC",252,0.671637116112146
"incident_adl","AUROC",253,0.640186195524921
"incident_adl","AUROC",254,0.694050889180871
"incident_adl","AUROC",255,0.692485143723977
"incident_adl","AUROC",256,0.670138933839093
"incident_adl","AUROC",257,0.69395150193621
"incident_adl","AUROC",258,0.657177237181802
"incident_adl","AUROC",259,0.659552360827737
"incident_adl","AUROC",260,0.63915334153749
"incident_adl","AUROC",261,0.567437732811649
"incident_adl","AUROC",262,0.653220390371646
"incident_adl","AUROC",263,0.666082551592469
"incident_adl","AUROC",264,0.637264885095025
"incident_adl","AUROC",265,0.665882677556359
"incident_adl","AUROC",266,0.668631514148135
"incident_adl","AUROC",267,0.701424145360217
"incident_adl","AUROC",268,0.675902741409461
"incident_adl","AUROC",269,0.571108600051275
"incident_adl","AUROC",270,0.655358658070071
"incident_adl","AUROC",271,0.633050336979177
"incident_adl","AUROC",272,0.68245494315981
"incident_adl","AUROC",273,0.685146255812163
"incident_adl","AUROC",274,0.66368240817887
"incident_adl","AUROC",275,0.697650871988474
"incident_adl","AUROC",276,0.61752397541919
"incident_adl","AUROC",277,0.644357829873354
"incident_adl","AUROC",278,0.650079220626534
"incident_adl","AUROC",279,0.692172098315232
"incident_adl","AUROC",280,0.638510010898773
"incident_adl","AUROC",281,0.673720423988741
"incident_adl","AUROC",282,0.695577269686299
"incident_adl","AUROC",283,0.669707200895041
"incident_adl","AUROC",284,0.558620609248692
"incident_adl","AUROC",285,0.646314962082311
"incident_adl","AUROC",286,0.693308177927637
"incident_adl","AUROC",287,0.646453063209862
"incident_adl","AUROC",288,0.654284216817051
"incident_adl","AUROC",289,0.658477445474379
"incident_adl","AUROC",290,0.699459542498264
"incident_adl","AUROC",291,0.681699304066354
"incident_adl","AUROC",292,0.654447938303561
"incident_adl","AUROC",293,0.671777040064827
"incident_adl","AUROC",294,0.682416155901997
"incident_adl","AUROC",295,0.676334487291082
"incident_adl","AUROC",296,0.67695456782396
"incident_adl","AUROC",297,0.61752397541919
"incident_adl","AUROC",298,0.582405878325835
"incident_adl","AUROC",299,0.667954407649349
"incident_adl","AUROC",300,0.678758750160301
"incident_adl","AUROC",301,0.669616827337705
"incident_adl","AUROC",302,0.668523275915722
"incident_adl","AUROC",303,0.682049832182788
"incident_adl","AUROC",304,0.679449245010687
"incident_adl","AUROC",305,0.658486620938518
"incident_adl","AUROC",306,0.654619234284482
"incident_adl","AUROC",307,0.688300530757329
"incident_adl","AUROC",308,0.668882498632658
"incident_adl","AUROC",309,0.656779868719749
"incident_adl","AUROC",310,0.615823273216385
"incident_adl","AUROC",311,0.688581740641419
"incident_adl","AUROC",312,0.691239133439081
"incident_adl","AUROC",313,0.696784598994031
"incident_adl","AUROC",314,0.665766627464241
"incident_adl","AUROC",315,0.696721381292033
"incident_adl","AUROC",316,0.665922607570485
"incident_adl","AUROC",317,0.645136579691887
"incident_adl","AUROC",318,0.657785738158181
"incident_adl","AUROC",319,0.68333420923424
"incident_adl","AUROC",320,0.667566785692746
"incident_adl","AUROC",321,0.676141120248645
"incident_adl","AUROC",322,0.616182306703393
"incident_adl","AUROC",323,0.674937653449145
"incident_adl","AUROC",324,0.69689680574142
"incident_adl","AUROC",325,0.655635727037235
"incident_adl","AUROC",326,0.67097402651805
"incident_adl","AUROC",327,0.641918408923312
"incident_adl","AUROC",328,0.643678602072434
"incident_adl","AUROC",329,0.680555191208761
"incident_adl","AUROC",330,0.680059336838919
"incident_adl","AUROC",331,0.6696093357609
"incident_adl","AUROC",332,0.644223382174419
"incident_adl","AUROC",333,0.686063235802158
"incident_adl","AUROC",334,0.66053663062871
"incident_adl","AUROC",335,0.643943975199818
"incident_adl","AUROC",336,0.611278604306522
"incident_adl","AUROC",337,0.62790601937177
"incident_adl","AUROC",338,0.645228420263741
"incident_adl","AUROC",339,0.682245774053694
"incident_adl","AUROC",340,0.65987562213077
"incident_adl","AUROC",341,0.660749918852546
"incident_adl","AUROC",342,0.616660654788201
"incident_adl","AUROC",343,0.680462318050438
"incident_adl","AUROC",344,0.647569990635271
"incident_adl","AUROC",345,0.663345399873146
"incident_adl","AUROC",346,0.648881443025298
"incident_adl","AUROC",347,0.699705028515561
"incident_adl","AUROC",348,0.549475624169689
"incident_adl","AUROC",349,0.578384677172955
"incident_adl","AUROC",350,0.662424239115427
"incident_adl","AUROC",351,0.64721636015333
"incident_adl","AUROC",352,0.666525844669669
"incident_adl","AUROC",353,0.657060546071324
"incident_adl","AUROC",354,0.670120602844165
"incident_adl","AUROC",355,0.660240250362529
"incident_adl","AUROC",356,0.698092706605347
"incident_adl","AUROC",357,0.65463894567308
"incident_adl","AUROC",358,0.654489263665043
"incident_adl","AUROC",359,0.634460466950429
"incident_adl","AUROC",360,0.690506371137303
"incident_adl","AUROC",361,0.636032170196162
"incident_adl","AUROC",362,0.686218625785171
"incident_adl","AUROC",363,0.570834221381627
"incident_adl","AUROC",364,0.672797856456107
"incident_adl","AUROC",365,0.594286713224272
"incident_adl","AUROC",366,0.671823220845862
"incident_adl","AUROC",367,0.634455848256959
"incident_adl","AUROC",368,0.622066978267891
"incident_adl","AUROC",369,0.69625056739348
"incident_adl","AUROC",370,0.650388803799339
"incident_adl","AUROC",371,0.670331420294048
"incident_adl","AUROC",372,0.670864629897032
"incident_adl","AUROC",373,0.689722852643115
"incident_adl","AUROC",374,0.644264052420747
"incident_adl","AUROC",375,0.687817126306722
"incident_adl","AUROC",376,0.660472104313341
"incident_adl","AUROC",377,0.664692314971702
"incident_adl","AUROC",378,0.689219314204889
"incident_adl","AUROC",379,0.682027271630366
"incident_adl","AUROC",380,0.697425757884363
"incident_adl","AUROC",381,0.624112427194959
"incident_adl","AUROC",382,0.699463829398679
"incident_adl","AUROC",383,0.542230114296775
"incident_adl","AUROC",384,0.706442023915042
"incident_adl","AUROC",385,0.670572899304815
"incident_adl","AUROC",386,0.629404569942067
"incident_adl","AUROC",387,0.697896124611272
"incident_adl","AUROC",388,0.653291672979709
"incident_adl","AUROC",389,0.654855926846758
"incident_adl","AUROC",390,0.65172337407764
"incident_adl","AUROC",391,0.6658399537335
"incident_adl","AUROC",392,0.68005557556817
"incident_adl","AUROC",393,0.680475469647521
"incident_adl","AUROC",394,0.69177118541446
"incident_adl","AUROC",395,0.645346006395221
"incident_adl","AUROC",396,0.67634013430045
"incident_adl","AUROC",397,0.621087609064158
"incident_adl","AUROC",398,0.67162481603539
"incident_adl","AUROC",399,0.660078260097855
"incident_adl","AUROC",400,0.680228500939681
"incident_adl","AUROC",401,0.685884871631639
"incident_adl","AUROC",402,0.694897930641542
"incident_adl","AUROC",403,0.696345403977548
"incident_adl","AUROC",404,0.658373164397711
"incident_adl","AUROC",405,0.660243423725033
"incident_adl","AUROC",406,0.691226521226784
"incident_adl","AUROC",407,0.639444057280389
"incident_adl","AUROC",408,0.690322147412296
"incident_adl","AUROC",409,0.688762638807176
"incident_adl","AUROC",410,0.661526473436293
"incident_adl","AUROC",411,0.679544571367904
"incident_adl","AUROC",412,0.683572504853271
"incident_adl","AUROC",413,0.660022040797434
"incident_adl","AUROC",414,0.679354658512237
"incident_adl","AUROC",415,0.67217721833865
"incident_adl","AUROC",416,0.692053917874717
"incident_adl","AUROC",417,0.64385045990598
"incident_adl","AUROC",418,0.691072864516994
"incident_adl","AUROC",419,0.681402209509789
"incident_adl","AUROC",420,0.6782774562193
"incident_adl","AUROC",421,0.645645188067222
"incident_adl","AUROC",422,0.693018828711307
"incident_adl","AUROC",423,0.658429770773996
"incident_adl","AUROC",424,0.657177237181802
"incident_adl","AUROC",425,0.635554904560194
"incident_adl","AUROC",426,0.672960660929062
"incident_adl","AUROC",427,0.672866880286428
"incident_adl","AUROC",428,0.675525511152218
"incident_adl","AUROC",429,0.672837399002416
"incident_adl","AUROC",430,0.694728400912578
"incident_adl","AUROC",431,0.677015474268404
"incident_adl","AUROC",432,0.683297164452144
"incident_adl","AUROC",433,0.662484949416047
"incident_adl","AUROC",434,0.659850198318284
"incident_adl","AUROC",435,0.673533573846171
"incident_adl","AUROC",436,0.673001778254106
"incident_adl","AUROC",437,0.660033924049594
"incident_adl","AUROC",438,0.645754689520064
"incident_adl","AUROC",439,0.572540950919462
"incident_adl","AUROC",440,0.637333723281126
"incident_adl","AUROC",441,0.664156252171864
"incident_adl","AUROC",442,0.685343614659974
"incident_adl","AUROC",443,0.671699889141148
"incident_adl","AUROC",444,0.665208922067358
"incident_adl","AUROC",445,0.66020852331613
"incident_adl","AUROC",446,0.567020469958616
"incident_adl","AUROC",447,0.673807517651697
"incident_adl","AUROC",448,0.586475221077477
"incident_adl","AUROC",449,0.673116072781024
"incident_adl","AUROC",450,0.67032387906539
"incident_adl","AUROC",451,0.678031713426022
"incident_adl","AUROC",452,0.658032446644185
"incident_adl","AUROC",453,0.664577912341254
"incident_adl","AUROC",454,0.561664124104289
"incident_adl","AUROC",455,0.682646183426996
"incident_adl","AUROC",456,0.668511349103663
"incident_adl","AUROC",457,0.669014105025101
"incident_adl","AUROC",458,0.670679024228911
"incident_adl","AUROC",459,0.696316066096844
"incident_adl","AUROC",460,0.638036715507592
"incident_adl","AUROC",461,0.67972331056355
"incident_adl","AUROC",462,0.648252105918552
"incident_adl","AUROC",463,0.64346113296219
"incident_adl","AUROC",464,0.676518200918059
"incident_adl","AUROC",465,0.68263239603354
"incident_adl","AUROC",466,0.662989491825752
"incident_adl","AUROC",467,0.667002543167443
"incident_adl","AUROC",468,0.647940033626508
"incident_adl","AUROC",469,0.672509922847755
"incident_adl","AUROC",470,0.628598105785408
"incident_adl","AUROC",471,0.685387303974315
"incident_adl","AUROC",472,0.5593795451822
"incident_adl","AUROC",473,0.680195636871392
"incident_adl","AUROC",474,0.570852804390198
"incident_adl","AUROC",475,0.656797677917754
"incident_adl","AUROC",476,0.684611904292593
"incident_adl","AUROC",477,0.673804286883549
"incident_adl","AUROC",478,0.673816792471084
"incident_adl","AUROC",479,0.669108708735361
"incident_adl","AUROC",480,0.681793017194854
"incident_adl","AUROC",481,0.68245494315981
"incident_adl","AUROC",482,0.666981421303811
"incident_adl","AUROC",483,0.624875788451386
"incident_adl","AUROC",484,0.661083514613979
"incident_adl","AUROC",485,0.647070906375203
"incident_adl","AUROC",486,0.624646930408755
"incident_adl","AUROC",487,0.661792862141732
"incident_adl","AUROC",488,0.656619205613347
"incident_adl","AUROC",489,0.676761311485245
"incident_adl","AUROC",490,0.697172263318201
"incident_adl","AUROC",491,0.60137673077064
"incident_adl","AUROC",492,0.653946270089765
"incident_adl","AUROC",493,0.610522022057989
"incident_adl","AUROC",494,0.689190104742019
"incident_adl","AUROC",495,0.668638899963889
"incident_adl","AUROC",496,0.684604440086918
"incident_adl","AUROC",497,0.611882027348132
"incident_adl","AUROC",498,0.66409028942876
"incident_adl","AUROC",499,0.675158950648517
"incident_adl","AUROC",500,0.662989491825752
"incident_adl","AUROC",501,0.671571307122924
"incident_adl","AUROC",502,0.664360590323575
"incident_adl","AUROC",503,0.629167298714903
"incident_adl","AUROC",504,0.612973519500587
"incident_adl","AUROC",505,0.624432471010148
"incident_adl","AUROC",506,0.667656291037184
"incident_adl","AUROC",507,0.54974911695705
"incident_adl","AUROC",508,0.582797163738668
"incident_adl","AUROC",509,0.638651450853783
"incident_adl","AUROC",510,0.667908533463712
"incident_adl","AUROC",511,0.621810899973492
"incident_adl","AUROC",512,0.654710554349951
"incident_adl","AUROC",513,0.616346049175373
"incident_adl","AUROC",514,0.56552121041047
"incident_adl","AUROC",515,0.641807666508728
"incident_adl","AUROC",516,0.643545381238064
"incident_adl","AUROC",517,0.537096024481714
"incident_adl","AUROC",518,0.670435652704207
"incident_adl","AUROC",519,0.644514732711305
"incident_adl","AUROC",520,0.655296174199676
"incident_adl","AUROC",521,0.686435946395739
"incident_adl","AUROC",522,0.620954478211751
"incident_adl","AUROC",523,0.670167963893055
"incident_adl","AUROC",524,0.668928553009623
"incident_adl","AUROC",525,0.674525476745679
"incident_adl","AUROC",526,0.691002075539848
"incident_adl","AUROC",527,0.654247694951298
"incident_adl","AUROC",528,0.662146586043598
"incident_adl","AUROC",529,0.654834070515715
"incident_adl","AUROC",530,0.668096059921627
"incident_adl","AUROC",531,0.555002624407711
"incident_adl","AUROC",532,0.663068560399701
"incident_adl","AUROC",533,0.67760174250739
"incident_adl","AUROC",534,0.654055658916996
"incident_adl","AUROC",535,0.624972197775594
"incident_adl","AUROC",536,0.6556181037868
"incident_adl","AUROC",537,0.680977592616427
"incident_adl","AUROC",538,0.649794818791559
"incident_adl","AUROC",539,0.671870728351582
"incident_adl","AUROC",540,0.628146765855193
"incident_adl","AUROC",541,0.692359379668825
"incident_adl","AUROC",542,0.693401061031717
"incident_adl","AUROC",543,0.694897831444882
"incident_adl","AUROC",544,0.688892165566447
"incident_adl","AUROC",545,0.641213884258952
"incident_adl","AUROC",546,0.682311219069268
"incident_adl","AUROC",547,0.672477929398861
"incident_adl","AUROC",548,0.694529987227175
"incident_adl","AUROC",549,0.651546050321346
"incident_adl","AUROC",550,0.666009627180086
"incident_adl","AUROC",551,0.637422734307658
"incident_adl","AUROC",552,0.683366450545653
"incident_adl","AUROC",553,0.64329306768965
"incident_adl","AUROC",554,0.654071692834645
"incident_adl","AUROC",555,0.667372948876561
"incident_adl","AUROC",556,0.682366555606382
"incident_adl","AUROC",557,0.627396797454493
"incident_adl","AUROC",558,0.664202576948969
"incident_adl","AUROC",559,0.666950757655456
"incident_adl","AUROC",560,0.642381261912687
"incident_adl","AUROC",561,0.669072816048387
"incident_adl","AUROC",562,0.672291195388978
"incident_adl","AUROC",563,0.695856685442096
"incident_adl","AUROC",564,0.663289985242373
"incident_adl","AUROC",565,0.645194232858897
"incident_adl","AUROC",566,0.627224818486544
"incident_adl","AUROC",567,0.667319869011041
"incident_adl","AUROC",568,0.694475503026881
"incident_adl","AUROC",569,0.654035856107371
"incident_adl","AUROC",570,0.688979278944422
"incident_adl","AUROC",571,0.667041072963315
"incident_adl","AUROC",572,0.680863237893152
"incident_adl","AUROC",573,0.6868381866315
"incident_adl","AUROC",574,0.692263735091637
"incident_adl","AUROC",575,0.688696122047318
"incident_adl","AUROC",576,0.674927109303873
"incident_adl","AUROC",577,0.680477437541942
"incident_adl","AUROC",578,0.676291417832116
"incident_adl","AUROC",579,0.663492678687971
"incident_adl","AUROC",580,0.675720660286989
"incident_adl","AUROC",581,0.62490649954647
"incident_adl","AUROC",582,0.556216966412706
"incident_adl","AUROC",583,0.663488059382235
"incident_adl","AUROC",584,0.661141655427003
"incident_adl","AUROC",585,0.673131128989025
"incident_adl","AUROC",586,0.652685556987633
"incident_adl","AUROC",587,0.579152427766201
"incident_adl","AUROC",588,0.680293724820945
"incident_adl","AUROC",589,0.648646729979586
"incident_adl","AUROC",590,0.654029544231594
"incident_adl","AUROC",591,0.662477555071708
"incident_adl","AUROC",592,0.68181734052483
"incident_adl","AUROC",593,0.66174887894774
"incident_adl","AUROC",594,0.664348812857042
"incident_adl","AUROC",595,0.655054507257655
"incident_adl","AUROC",596,0.670511486942528
"incident_adl","AUROC",597,0.617005949380788
"incident_adl","AUROC",598,0.69639556527242
"incident_adl","AUROC",599,0.656554918899532
"incident_adl","AUROC",600,0.631824537466674
"incident_adl","AUROC",601,0.652910098540186
"incident_adl","AUROC",602,0.677218544795503
"incident_adl","AUROC",603,0.620336726273306
"incident_adl","AUROC",604,0.647203383783018
"incident_adl","AUROC",605,0.67177671043162
"incident_adl","AUROC",606,0.658923892430152
"incident_adl","AUROC",607,0.680938750007096
"incident_adl","AUROC",608,0.662111491757165
"incident_adl","AUROC",609,0.667987342241391
"incident_adl","AUROC",610,0.672962504846942
"incident_adl","AUROC",611,0.61796796346315
"incident_adl","AUROC",612,0.68433472976807
"incident_adl","AUROC",613,0.660853088314511
"incident_adl","AUROC",614,0.659421325145122
"incident_adl","AUROC",615,0.633059682694637
"incident_adl","AUROC",616,0.6832458887001
"incident_adl","AUROC",617,0.672500357553196
"incident_adl","AUROC",618,0.636435301464525
"incident_adl","AUROC",619,0.629058145930817
"incident_adl","AUROC",620,0.681430374383483
"incident_adl","AUROC",621,0.681842446980433
"incident_adl","AUROC",622,0.534155859740958
"incident_adl","AUROC",623,0.68793514594026
"incident_adl","AUROC",624,0.621510096034542
"incident_adl","AUROC",625,0.665479129475956
"incident_adl","AUROC",626,0.66422973792113
"incident_adl","AUROC",627,0.653425649646533
"incident_adl","AUROC",628,0.660015430267204
"incident_adl","AUROC",629,0.669413958961105
"incident_adl","AUROC",630,0.671798272928624
"incident_adl","AUROC",631,0.628389369405099
"incident_adl","AUROC",632,0.68323402104009
"incident_adl","AUROC",633,0.63999310917644
"incident_adl","AUROC",634,0.522710962480864
"incident_adl","AUROC",635,0.676273660342917
"incident_adl","AUROC",636,0.65858391203785
"incident_adl","AUROC",637,0.587195686011698
"incident_adl","AUROC",638,0.663017498891276
"incident_adl","AUROC",639,0.64726444545894
"incident_adl","AUROC",640,0.680663470969075
"incident_adl","AUROC",641,0.659524493787803
"incident_adl","AUROC",642,0.668936348242425
"incident_adl","AUROC",643,0.634921289425904
"incident_adl","AUROC",644,0.676622990759452
"incident_adl","AUROC",645,0.648485507039767
"incident_adl","AUROC",646,0.639512684395523
"incident_adl","AUROC",647,0.641380959799066
"incident_adl","AUROC",648,0.672426215788113
"incident_adl","AUROC",649,0.688764327721656
"incident_adl","AUROC",650,0.673131128989025
"incident_adl","AUROC",651,0.687805471038798
"incident_adl","AUROC",652,0.680202635865675
"incident_adl","AUROC",653,0.542230114296775
"incident_adl","AUROC",654,0.693425015667717
"incident_adl","AUROC",655,0.681853279740676
"incident_adl","AUROC",656,0.655934403034661
"incident_adl","AUROC",657,0.673188504169756
"incident_adl","AUROC",658,0.617005949380788
"incident_adl","AUROC",659,0.672000238412016
"incident_adl","AUROC",660,0.667385650576062
"incident_adl","AUROC",661,0.658476839075542
"incident_adl","AUROC",662,0.66900338047527
"incident_adl","AUROC",663,0.676080658436741
"incident_adl","AUROC",664,0.666074142302486
"incident_adl","AUROC",665,0.68642256230988
"incident_adl","AUROC",666,0.534142918632522
"incident_adl","AUROC",667,0.642147803112526
"incident_adl","AUROC",668,0.665787545011384
"incident_adl","AUROC",669,0.668925939797771
"incident_adl","AUROC",670,0.611065485241878
"incident_adl","AUROC",671,0.672419903912336
"incident_adl","AUROC",672,0.639522592982636
"incident_adl","AUROC",673,0.61796796346315
"incident_adl","AUROC",674,0.671081677355278
"incident_adl","AUROC",675,0.67366947723599
"incident_adl","AUROC",676,0.636166887571114
"incident_adl","AUROC",677,0.617200573587272
"incident_adl","AUROC",678,0.658193815669703
"incident_adl","AUROC",679,0.64721636015333
"incident_adl","AUROC",680,0.655794044720987
"incident_adl","AUROC",681,0.673539848292483
"incident_adl","AUROC",682,0.61054892686926
"incident_adl","AUROC",683,0.656730347885661
"incident_adl","AUROC",684,0.690276593553795
"incident_adl","AUROC",685,0.664897194475361
"incident_adl","AUROC",686,0.667610269753352
"incident_adl","AUROC",687,0.547524435053363
"incident_adl","AUROC",688,0.686623247790734
"incident_adl","AUROC",689,0.61716510014017
"incident_adl","AUROC",690,0.704580283934143
"incident_adl","AUROC",691,0.660472104313341
"incident_adl","AUROC",692,0.676288082450139
"incident_adl","AUROC",693,0.683866045503202
"incident_adl","AUROC",694,0.668885498259213
"incident_adl","AUROC",695,0.555002624407711
"incident_adl","AUROC",696,0.699495831892409
"incident_adl","AUROC",697,0.546976838507992
"incident_adl","AUROC",698,0.651167532042308
"incident_adl","AUROC",699,0.666026731846224
"incident_adl","AUROC",700,0.684692973626613
"incident_adl","AUROC",701,0.611730988526237
"incident_adl","AUROC",702,0.615872780890075
"incident_adl","AUROC",703,0.689941614540999
"incident_adl","AUROC",704,0.540830833475708
"incident_adl","AUROC",705,0.627703792539494
"incident_adl","AUROC",706,0.680692562016649
"incident_adl","AUROC",707,0.674326170939844
"incident_adl","AUROC",708,0.664363658106773
"incident_adl","AUROC",709,0.66659404389616
"incident_adl","AUROC",710,0.614802571076399
"incident_adl","AUROC",711,0.691239133439081
"incident_adl","AUROC",712,0.672172169053736
"incident_adl","AUROC",713,0.550619354253313
"incident_adl","AUROC",714,0.658613322092049
"incident_adl","AUROC",715,0.672474353367639
"incident_adl","AUROC",716,0.675790844452662
"incident_adl","AUROC",717,0.69058371920738
"incident_adl","AUROC",718,0.674317111053731
"incident_adl","AUROC",719,0.651116082445691
"incident_adl","AUROC",720,0.676024156538245
"incident_adl","AUROC",721,0.66985378548216
"incident_adl","AUROC",722,0.66822904057494
"incident_adl","AUROC",723,0.661880889536172
"incident_adl","AUROC",724,0.686771776819214
"incident_adl","AUROC",725,0.567419925564346
"incident_adl","AUROC",726,0.667552222538022
"incident_adl","AUROC",727,0.64827012473711
"incident_adl","AUROC",728,0.686281477674401
"incident_adl","AUROC",729,0.582922513257167
"incident_adl","AUROC",730,0.682160898932917
"incident_adl","AUROC",731,0.657809998328763
"incident_adl","AUROC",732,0.700208775673029
"incident_adl","AUROC",733,0.636378364779842
"incident_adl","AUROC",734,0.691588587958019
"incident_adl","AUROC",735,0.662190079097385
"incident_adl","AUROC",736,0.662875781204898
"incident_adl","AUROC",737,0.618513867035079
"incident_adl","AUROC",738,0.651694958104901
"incident_adl","AUROC",739,0.693924401686323
"incident_adl","AUROC",740,0.660757993822115
"incident_adl","AUROC",741,0.697507427359967
"incident_adl","AUROC",742,0.688943436333929
"incident_adl","AUROC",743,0.685309785670955
"incident_adl","AUROC",744,0.69219554746267
"incident_adl","AUROC",745,0.539857497002945
"incident_adl","AUROC",746,0.635844298270798
"incident_adl","AUROC",747,0.677625476594457
"incident_adl","AUROC",748,0.69585767277462
"incident_adl","AUROC",749,0.550255969553427
"incident_adl","AUROC",750,0.673912959356891
"incident_adl","AUROC",751,0.63751389556477
"incident_adl","AUROC",752,0.617387111447755
"incident_adl","AUROC",753,0.69487411333441
"incident_adl","AUROC",754,0.550205151743007
"incident_adl","AUROC",755,0.668078442421131
"incident_adl","AUROC",756,0.674460712671963
"incident_adl","AUROC",757,0.678547531537683
"incident_adl","AUROC",758,0.637300986160811
"incident_adl","AUROC",759,0.694700332459404
"incident_adl","AUROC",760,0.587602648173759
"incident_adl","AUROC",761,0.663492678687971
"incident_adl","AUROC",762,0.64916191135096
"incident_adl","AUROC",763,0.658649602747435
"incident_adl","AUROC",764,0.625587376955824
"incident_adl","AUROC",765,0.672787046794922
"incident_adl","AUROC",766,0.691562236329573
"incident_adl","AUROC",767,0.66371431103675
"incident_adl","AUROC",768,0.617995125922395
"incident_adl","AUROC",769,0.658533441333224
"incident_adl","AUROC",770,0.633787094871042
"incident_adl","AUROC",771,0.694556699526758
"incident_adl","AUROC",772,0.653549427694617
"incident_adl","AUROC",773,0.631506531021534
"incident_adl","AUROC",774,0.646606898069356
"incident_adl","AUROC",775,0.686530348097915
"incident_adl","AUROC",776,0.666393188207942
"incident_adl","AUROC",777,0.623505597599068
"incident_adl","AUROC",778,0.682099472529255
"incident_adl","AUROC",779,0.647228460193411
"incident_adl","AUROC",780,0.664547623733555
"incident_adl","AUROC",781,0.62790771194181
"incident_adl","AUROC",782,0.628894777126454
"incident_adl","AUROC",783,0.696164961343079
"incident_adl","AUROC",784,0.664609732030849
"incident_adl","AUROC",785,0.643487798594806
"incident_adl","AUROC",786,0.677625476594457
"incident_adl","AUROC",787,0.686777907893182
"incident_adl","AUROC",788,0.653679264064442
"incident_adl","AUROC",789,0.663781926896937
"incident_adl","AUROC",790,0.670691241862285
"incident_adl","AUROC",791,0.678614796231054
"incident_adl","AUROC",792,0.692359379668825
"incident_adl","AUROC",793,0.685180167945656
"incident_adl","AUROC",794,0.55852688678983
"incident_adl","AUROC",795,0.617561106174457
"incident_adl","AUROC",796,0.684480422710112
"incident_adl","AUROC",797,0.644782100258066
"incident_adl","AUROC",798,0.65845628834887
"incident_adl","AUROC",799,0.654536373531175
"incident_adl","AUROC",800,0.615744995912997
"incident_adl","AUROC",801,0.671223883293784
"incident_adl","AUROC",802,0.686169877884617
"incident_adl","AUROC",803,0.673736848553826
"incident_adl","AUROC",804,0.615458716339415
"incident_adl","AUROC",805,0.576979777249166
"incident_adl","AUROC",806,0.67337784356703
"incident_adl","AUROC",807,0.691410748385168
"incident_adl","AUROC",808,0.668219837225344
"incident_adl","AUROC",809,0.618208563348037
"incident_adl","AUROC",810,0.634461242711698
"incident_adl","AUROC",811,0.657383462523442
"incident_adl","AUROC",812,0.685446402878235
"incident_adl","AUROC",813,0.637455396112739
"incident_adl","AUROC",814,0.65592263983395
"incident_adl","AUROC",815,0.671806548455072
"incident_adl","AUROC",816,0.693164173891228
"incident_adl","AUROC",817,0.645420365572751
"incident_adl","AUROC",818,0.686249283581752
"incident_adl","AUROC",819,0.700691109156319
"incident_adl","AUROC",820,0.669817713425814
"incident_adl","AUROC",821,0.61634409640497
"incident_adl","AUROC",822,0.678245837857309
"incident_adl","AUROC",823,0.691241401738392
"incident_adl","AUROC",824,0.690711316381817
"incident_adl","AUROC",825,0.676311493485403
"incident_adl","AUROC",826,0.671626825962313
"incident_adl","AUROC",827,0.680278251742397
"incident_adl","AUROC",828,0.670205654282489
"incident_adl","AUROC",829,0.647245368784106
"incident_adl","AUROC",830,0.675596083629932
"incident_adl","AUROC",831,0.665520951128424
"incident_adl","AUROC",832,0.56366343514156
"incident_adl","AUROC",833,0.670520133042637
"incident_adl","AUROC",834,0.618984918476534
"incident_adl","AUROC",835,0.626335179726026
"incident_adl","AUROC",836,0.65486116102056
"incident_adl","AUROC",837,0.622115428085306
"incident_adl","AUROC",838,0.669726413784053
"incident_adl","AUROC",839,0.683305401674697
"incident_adl","AUROC",840,0.657169236290765
"incident_adl","AUROC",841,0.664208898152504
"incident_adl","AUROC",842,0.69788436736208
"incident_adl","AUROC",843,0.582404890993311
"incident_adl","AUROC",844,0.628110609628095
"incident_adl","AUROC",845,0.648857033099347
"incident_adl","AUROC",846,0.650801371566188
"incident_adl","AUROC",847,0.583710124603348
"incident_adl","AUROC",848,0.627468467071553
"incident_adl","AUROC",849,0.645359397789411
"incident_adl","AUROC",850,0.659165532912022
"incident_adl","AUROC",851,0.60702131012965
"incident_adl","AUROC",852,0.635592781848814
"incident_adl","AUROC",853,0.680182750171795
"incident_adl","AUROC",854,0.691436242422242
"incident_adl","AUROC",855,0.629628071821225
"incident_adl","AUROC",856,0.67200396105869
"incident_adl","AUROC",857,0.672974027157814
"incident_adl","AUROC",858,0.652902587760631
"incident_adl","AUROC",859,0.685380427358451
"incident_adl","AUROC",860,0.62219254635175
"incident_adl","AUROC",861,0.694475503026881
"incident_adl","AUROC",862,0.630837037389636
"incident_adl","AUROC",863,0.677231004483416
"incident_adl","AUROC",864,0.678264670563887
"incident_adl","AUROC",865,0.691523440431141
"incident_adl","AUROC",866,0.702288978225301
"incident_adl","AUROC",867,0.64916191135096
"incident_adl","AUROC",868,0.569563292535401
"incident_adl","AUROC",869,0.683023519290749
"incident_adl","AUROC",870,0.665943878095292
"incident_adl","AUROC",871,0.629778666396772
"incident_adl","AUROC",872,0.691660509622245
"incident_adl","AUROC",873,0.642651942932183
"incident_adl","AUROC",874,0.652908826908904
"incident_adl","AUROC",875,0.661239097717802
"incident_adl","AUROC",876,0.664375435573306
"incident_adl","AUROC",877,0.659501231516651
"incident_adl","AUROC",878,0.66032205074582
"incident_adl","AUROC",879,0.63734532443828
"incident_adl","AUROC",880,0.63913265584896
"incident_adl","AUROC",881,0.682053361471689
"incident_adl","AUROC",882,0.623017188993481
"incident_adl","AUROC",883,0.547009566602721
"incident_adl","AUROC",884,0.586475221077477
"incident_adl","AUROC",885,0.62363626838109
"incident_adl","AUROC",886,0.668502150356746
"incident_adl","AUROC",887,0.683001686035603
"incident_adl","AUROC",888,0.662097481570146
"incident_adl","AUROC",889,0.665827928711897
"incident_adl","AUROC",890,0.648092909612688
"incident_adl","AUROC",891,0.667202399032096
"incident_adl","AUROC",892,0.646477041611066
"incident_adl","AUROC",893,0.685116588845683
"incident_adl","AUROC",894,0.656743440171459
"incident_adl","AUROC",895,0.676626518239482
"incident_adl","AUROC",896,0.680963005044244
"incident_adl","AUROC",897,0.670288500812905
"incident_adl","AUROC",898,0.672649617058746
"incident_adl","AUROC",899,0.701157753116162
"incident_adl","AUROC",900,0.696609210525205
"incident_adl","AUROC",901,0.642299876305278
"incident_adl","AUROC",902,0.624199494777766
"incident_adl","AUROC",903,0.6511441395255
"incident_adl","AUROC",904,0.692667761019396
"incident_adl","AUROC",905,0.686500312994066
"incident_adl","AUROC",906,0.686787502047415
"incident_adl","AUROC",907,0.646660787056861
"incident_adl","AUROC",908,0.686612934946711
"incident_adl","AUROC",909,0.680870498327882
"incident_adl","AUROC",910,0.670432310014453
"incident_adl","AUROC",911,0.61891145225614
"incident_adl","AUROC",912,0.678324717428367
"incident_adl","AUROC",913,0.679301229700028
"incident_adl","AUROC",914,0.66822904057494
"incident_adl","AUROC",915,0.675782275816831
"incident_adl","AUROC",916,0.671484174097507
"incident_adl","AUROC",917,0.683551807688749
"incident_adl","AUROC",918,0.657639944406677
"incident_adl","AUROC",919,0.666041854957222
"incident_adl","AUROC",920,0.667530802892775
"incident_adl","AUROC",921,0.6272219622746
"incident_adl","AUROC",922,0.623553403740931
"incident_adl","AUROC",923,0.673707279410781
"incident_adl","AUROC",924,0.659140161145186
"incident_adl","AUROC",925,0.606994828460889
"incident_adl","AUROC",926,0.656611306953157
"incident_adl","AUROC",927,0.563157053919273
"incident_adl","AUROC",928,0.681606853151549
"incident_adl","AUROC",929,0.670610664773848
"incident_adl","AUROC",930,0.671616523943557
"incident_adl","AUROC",931,0.619312436908602
"incident_adl","AUROC",932,0.683252412147132
"incident_adl","AUROC",933,0.665720690927387
"incident_adl","AUROC",934,0.636263551550268
"incident_adl","AUROC",935,0.683809400002176
"incident_adl","AUROC",936,0.685139471320471
"incident_adl","AUROC",937,0.680172742090202
"incident_adl","AUROC",938,0.663704908684777
"incident_adl","AUROC",939,0.555001249194553
"incident_adl","AUROC",940,0.673777928639188
"incident_adl","AUROC",941,0.655232667527623
"incident_adl","AUROC",942,0.629187933723288
"incident_adl","AUROC",943,0.665327471479044
"incident_adl","AUROC",944,0.649824232500892
"incident_adl","AUROC",945,0.636209071952084
"incident_adl","AUROC",946,0.656809102765529
"incident_adl","AUROC",947,0.660887263869862
"incident_adl","AUROC",948,0.676286622217001
"incident_adl","AUROC",949,0.670286984552243
"incident_adl","AUROC",950,0.654535949277358
"incident_adl","AUROC",951,0.687477760532288
"incident_adl","AUROC",952,0.622743905661261
"incident_adl","AUROC",953,0.641834253963117
"incident_adl","AUROC",954,0.665880151550027
"incident_adl","AUROC",955,0.618938180911387
"incident_adl","AUROC",956,0.680391447399578
"incident_adl","AUROC",957,0.656344457762195
"incident_adl","AUROC",958,0.664338604498782
"incident_adl","AUROC",959,0.586008980314675
"incident_adl","AUROC",960,0.686477778936244
"incident_adl","AUROC",961,0.685387303974315
"incident_adl","AUROC",962,0.623505597599068
"incident_adl","AUROC",963,0.674498231307865
"incident_adl","AUROC",964,0.577901102174393
"incident_adl","AUROC",965,0.643345184742152
"incident_adl","AUROC",966,0.682067357335084
"incident_adl","AUROC",967,0.675339691471773
"incident_adl","AUROC",968,0.682894136096631
"incident_adl","AUROC",969,0.656712797601348
"incident_adl","AUROC",970,0.692259720090957
"incident_adl","AUROC",971,0.667321561581081
"incident_adl","AUROC",972,0.652581124081905
"incident_adl","AUROC",973,0.676578669628138
"incident_adl","AUROC",974,0.675948271056407
"incident_adl","AUROC",975,0.678780350674334
"incident_adl","AUROC",976,0.693439261465559
"incident_adl","AUROC",977,0.66083497050798
"incident_adl","AUROC",978,0.685366812759575
"incident_adl","AUROC",979,0.693399558100292
"incident_adl","AUROC",980,0.628790095589656
"incident_adl","AUROC",981,0.552030763189276
"incident_adl","AUROC",982,0.617965036727455
"incident_adl","AUROC",983,0.626256856461088
"incident_adl","AUROC",984,0.68381667064763
"incident_adl","AUROC",985,0.616471817118753
"incident_adl","AUROC",986,0.66804996732417
"incident_adl","AUROC",987,0.66962245811274
"incident_adl","AUROC",988,0.637291261993829
"incident_adl","AUROC",989,0.697616084558558
"incident_adl","AUROC",990,0.663879528824033
"incident_adl","AUROC",991,0.656084974733828
"incident_adl","AUROC",992,0.638159585133055
"incident_adl","AUROC",993,0.678115907605106
"incident_adl","AUROC",994,0.658821042399881
"incident_adl","AUROC",995,0.66163984386897
"incident_adl","AUROC",996,0.674138688360504
"incident_adl","AUROC",997,0.678000403717946
"incident_adl","AUROC",998,0.665870878299629
"incident_adl","AUROC",999,0.652640267061637
"incident_adl","AUROC",1000,0.689003010186867
