"combination_id","lexicographic_combination_id","seed","k","items","item_1","item_2","item_3","item_4","item_5","item_6"
1,8008,20261001,6,"q_beda+q_moneya+q_medsa+q_toilta+q_mealsa+q_shopa","q_beda","q_moneya","q_medsa","q_toilta","q_mealsa","q_shopa"
2,286,20261001,6,"q_shlt+q_chaira+q_climsa+q_toilta+q_mealsa+q_shopa","q_shlt","q_chaira","q_climsa","q_toilta","q_mealsa","q_shopa"
3,4717,20261001,6,"q_chaira+q_dimea+q_batha+q_medsa+q_mealsa+q_shopa","q_chaira","q_dimea","q_batha","q_medsa","q_mealsa","q_shopa"
4,314,20261001,6,"q_shlt+q_chaira+q_stoopa+q_lifta+q_batha+q_eata","q_shlt","q_chaira","q_stoopa","q_lifta","q_batha","q_eata"
5,2398,20261001,6,"q_shlt+q_lifta+q_armsa+q_beda+q_moneya+q_mealsa","q_shlt","q_lifta","q_armsa","q_beda","q_moneya","q_mealsa"
6,4166,20261001,6,"q_chaira+q_stoopa+q_batha+q_beda+q_toilta+q_mealsa","q_chaira","q_stoopa","q_batha","q_beda","q_toilta","q_mealsa"
7,169,20261001,6,"q_shlt+q_chaira+q_climsa+q_armsa+q_dressa+q_beda","q_shlt","q_chaira","q_climsa","q_armsa","q_dressa","q_beda"
8,7502,20261001,6,"q_lifta+q_batha+q_eata+q_moneya+q_medsa+q_mealsa","q_lifta","q_batha","q_eata","q_moneya","q_medsa","q_mealsa"
9,5780,20261001,6,"q_climsa+q_lifta+q_batha+q_beda+q_medsa+q_toilta","q_climsa","q_lifta","q_batha","q_beda","q_medsa","q_toilta"
10,4435,20261001,6,"q_chaira+q_lifta+q_dressa+q_batha+q_medsa+q_shopa","q_chaira","q_lifta","q_dressa","q_batha","q_medsa","q_shopa"
11,4090,20261001,6,"q_chaira+q_stoopa+q_dressa+q_batha+q_eata+q_medsa","q_chaira","q_stoopa","q_dressa","q_batha","q_eata","q_medsa"
12,5348,20261001,6,"q_climsa+q_stoopa+q_armsa+q_eata+q_moneya+q_shopa","q_climsa","q_stoopa","q_armsa","q_eata","q_moneya","q_shopa"
13,5591,20261001,6,"q_climsa+q_lifta+q_dimea+q_eata+q_moneya+q_medsa","q_climsa","q_lifta","q_dimea","q_eata","q_moneya","q_medsa"
14,121,20261001,6,"q_shlt+q_chaira+q_climsa+q_lifta+q_mealsa+q_shopa","q_shlt","q_chaira","q_climsa","q_lifta","q_mealsa","q_shopa"
15,3428,20261001,6,"q_chaira+q_climsa+q_dimea+q_dressa+q_batha+q_medsa","q_chaira","q_climsa","q_dimea","q_dressa","q_batha","q_medsa"
16,4160,20261001,6,"q_chaira+q_stoopa+q_batha+q_beda+q_moneya+q_toilta","q_chaira","q_stoopa","q_batha","q_beda","q_moneya","q_toilta"
17,5712,20261001,6,"q_climsa+q_lifta+q_dressa+q_batha+q_beda+q_medsa","q_climsa","q_lifta","q_dressa","q_batha","q_beda","q_medsa"
18,1334,20261001,6,"q_shlt+q_climsa+q_lifta+q_batha+q_eata+q_toilta","q_shlt","q_climsa","q_lifta","q_batha","q_eata","q_toilta"
19,6211,20261001,6,"q_climsa+q_dressa+q_eata+q_beda+q_mealsa+q_shopa","q_climsa","q_dressa","q_eata","q_beda","q_mealsa","q_shopa"
20,7273,20261001,6,"q_lifta+q_dimea+q_eata+q_moneya+q_toilta+q_mealsa","q_lifta","q_dimea","q_eata","q_moneya","q_toilta","q_mealsa"
21,419,20261001,6,"q_shlt+q_chaira+q_stoopa+q_armsa+q_medsa+q_shopa","q_shlt","q_chaira","q_stoopa","q_armsa","q_medsa","q_shopa"
22,6938,20261001,6,"q_stoopa+q_armsa+q_eata+q_moneya+q_toilta+q_shopa","q_stoopa","q_armsa","q_eata","q_moneya","q_toilta","q_shopa"
23,2503,20261001,6,"q_shlt+q_lifta+q_batha+q_medsa+q_toilta+q_mealsa","q_shlt","q_lifta","q_batha","q_medsa","q_toilta","q_mealsa"
24,4513,20261001,6,"q_chaira+q_lifta+q_eata+q_beda+q_medsa+q_toilta","q_chaira","q_lifta","q_eata","q_beda","q_medsa","q_toilta"
25,5027,20261001,6,"q_climsa+q_stoopa+q_lifta+q_dimea+q_batha+q_toilta","q_climsa","q_stoopa","q_lifta","q_dimea","q_batha","q_toilta"
26,3505,20261001,6,"q_chaira+q_climsa+q_dimea+q_medsa+q_toilta+q_mealsa","q_chaira","q_climsa","q_dimea","q_medsa","q_toilta","q_mealsa"
27,57,20261001,6,"q_shlt+q_chaira+q_climsa+q_stoopa+q_moneya+q_medsa","q_shlt","q_chaira","q_climsa","q_stoopa","q_moneya","q_medsa"
28,2661,20261001,6,"q_shlt+q_dimea+q_dressa+q_eata+q_mealsa+q_shopa","q_shlt","q_dimea","q_dressa","q_eata","q_mealsa","q_shopa"
29,5409,20261001,6,"q_climsa+q_stoopa+q_dressa+q_eata+q_toilta+q_shopa","q_climsa","q_stoopa","q_dressa","q_eata","q_toilta","q_shopa"
30,388,20261001,6,"q_shlt+q_chaira+q_stoopa+q_armsa+q_dressa+q_eata","q_shlt","q_chaira","q_stoopa","q_armsa","q_dressa","q_eata"
31,519,20261001,6,"q_shlt+q_chaira+q_lifta+q_dimea+q_dressa+q_moneya","q_shlt","q_chaira","q_lifta","q_dimea","q_dressa","q_moneya"
32,3388,20261001,6,"q_chaira+q_climsa+q_lifta+q_toilta+q_mealsa+q_shopa","q_chaira","q_climsa","q_lifta","q_toilta","q_mealsa","q_shopa"
33,1597,20261001,6,"q_shlt+q_climsa+q_dressa+q_batha+q_beda+q_moneya","q_shlt","q_climsa","q_dressa","q_batha","q_beda","q_moneya"
34,1625,20261001,6,"q_shlt+q_climsa+q_dressa+q_eata+q_toilta+q_shopa","q_shlt","q_climsa","q_dressa","q_eata","q_toilta","q_shopa"
35,1224,20261001,6,"q_shlt+q_climsa+q_lifta+q_dimea+q_armsa+q_eata","q_shlt","q_climsa","q_lifta","q_dimea","q_armsa","q_eata"
36,3433,20261001,6,"q_chaira+q_climsa+q_dimea+q_dressa+q_eata+q_moneya","q_chaira","q_climsa","q_dimea","q_dressa","q_eata","q_moneya"
37,4748,20261001,6,"q_chaira+q_dimea+q_beda+q_toilta+q_mealsa+q_shopa","q_chaira","q_dimea","q_beda","q_toilta","q_mealsa","q_shopa"
38,2169,20261001,6,"q_shlt+q_stoopa+q_batha+q_moneya+q_medsa+q_shopa","q_shlt","q_stoopa","q_batha","q_moneya","q_medsa","q_shopa"
39,4601,20261001,6,"q_chaira+q_dimea+q_armsa+q_eata+q_moneya+q_shopa","q_chaira","q_dimea","q_armsa","q_eata","q_moneya","q_shopa"
40,5942,20261001,6,"q_climsa+q_dimea+q_dressa+q_eata+q_moneya+q_toilta","q_climsa","q_dimea","q_dressa","q_eata","q_moneya","q_toilta"
41,7176,20261001,6,"q_lifta+q_dimea+q_dressa+q_batha+q_beda+q_medsa","q_lifta","q_dimea","q_dressa","q_batha","q_beda","q_medsa"
42,6012,20261001,6,"q_climsa+q_dimea+q_eata+q_beda+q_medsa+q_shopa","q_climsa","q_dimea","q_eata","q_beda","q_medsa","q_shopa"
43,7957,20261001,6,"q_dressa+q_batha+q_moneya+q_medsa+q_mealsa+q_shopa","q_dressa","q_batha","q_moneya","q_medsa","q_mealsa","q_shopa"
44,5848,20261001,6,"q_climsa+q_dimea+q_armsa+q_dressa+q_beda+q_shopa","q_climsa","q_dimea","q_armsa","q_dressa","q_beda","q_shopa"
45,356,20261001,6,"q_shlt+q_chaira+q_stoopa+q_dimea+q_dressa+q_toilta","q_shlt","q_chaira","q_stoopa","q_dimea","q_dressa","q_toilta"
46,4720,20261001,6,"q_chaira+q_dimea+q_eata+q_beda+q_moneya+q_toilta","q_chaira","q_dimea","q_eata","q_beda","q_moneya","q_toilta"
47,5787,20261001,6,"q_climsa+q_lifta+q_batha+q_moneya+q_medsa+q_mealsa","q_climsa","q_lifta","q_batha","q_moneya","q_medsa","q_mealsa"
48,5356,20261001,6,"q_climsa+q_stoopa+q_armsa+q_beda+q_moneya+q_toilta","q_climsa","q_stoopa","q_armsa","q_beda","q_moneya","q_toilta"
49,4174,20261001,6,"q_chaira+q_stoopa+q_batha+q_moneya+q_mealsa+q_shopa","q_chaira","q_stoopa","q_batha","q_moneya","q_mealsa","q_shopa"
50,229,20261001,6,"q_shlt+q_chaira+q_climsa+q_dressa+q_toilta+q_shopa","q_shlt","q_chaira","q_climsa","q_dressa","q_toilta","q_shopa"
51,7967,20261001,6,"q_dressa+q_eata+q_beda+q_medsa+q_toilta+q_shopa","q_dressa","q_eata","q_beda","q_medsa","q_toilta","q_shopa"
52,3902,20261001,6,"q_chaira+q_stoopa+q_dimea+q_armsa+q_eata+q_toilta","q_chaira","q_stoopa","q_dimea","q_armsa","q_eata","q_toilta"
53,2273,20261001,6,"q_shlt+q_lifta+q_dimea+q_dressa+q_toilta+q_mealsa","q_shlt","q_lifta","q_dimea","q_dressa","q_toilta","q_mealsa"
54,4044,20261001,6,"q_chaira+q_stoopa+q_armsa+q_batha+q_moneya+q_toilta","q_chaira","q_stoopa","q_armsa","q_batha","q_moneya","q_toilta"
55,7823,20261001,6,"q_armsa+q_dressa+q_batha+q_beda+q_mealsa+q_shopa","q_armsa","q_dressa","q_batha","q_beda","q_mealsa","q_shopa"
56,552,20261001,6,"q_shlt+q_chaira+q_lifta+q_armsa+q_dressa+q_batha","q_shlt","q_chaira","q_lifta","q_armsa","q_dressa","q_batha"
57,557,20261001,6,"q_shlt+q_chaira+q_lifta+q_armsa+q_dressa+q_toilta","q_shlt","q_chaira","q_lifta","q_armsa","q_dressa","q_toilta"
58,7470,20261001,6,"q_lifta+q_dressa+q_eata+q_moneya+q_toilta+q_shopa","q_lifta","q_dressa","q_eata","q_moneya","q_toilta","q_shopa"
59,6992,20261001,6,"q_stoopa+q_dressa+q_batha+q_medsa+q_mealsa+q_shopa","q_stoopa","q_dressa","q_batha","q_medsa","q_mealsa","q_shopa"
60,2139,20261001,6,"q_shlt+q_stoopa+q_dressa+q_medsa+q_toilta+q_shopa","q_shlt","q_stoopa","q_dressa","q_medsa","q_toilta","q_shopa"
61,4061,20261001,6,"q_chaira+q_stoopa+q_armsa+q_eata+q_moneya+q_shopa","q_chaira","q_stoopa","q_armsa","q_eata","q_moneya","q_shopa"
62,2815,20261001,6,"q_shlt+q_armsa+q_batha+q_eata+q_moneya+q_mealsa","q_shlt","q_armsa","q_batha","q_eata","q_moneya","q_mealsa"
63,1261,20261001,6,"q_shlt+q_climsa+q_lifta+q_dimea+q_medsa+q_toilta","q_shlt","q_climsa","q_lifta","q_dimea","q_medsa","q_toilta"
64,1626,20261001,6,"q_shlt+q_climsa+q_dressa+q_eata+q_mealsa+q_shopa","q_shlt","q_climsa","q_dressa","q_eata","q_mealsa","q_shopa"
65,2109,20261001,6,"q_shlt+q_stoopa+q_dressa+q_eata+q_beda+q_toilta","q_shlt","q_stoopa","q_dressa","q_eata","q_beda","q_toilta"
66,4451,20261001,6,"q_chaira+q_lifta+q_dressa+q_eata+q_toilta+q_mealsa","q_chaira","q_lifta","q_dressa","q_eata","q_toilta","q_mealsa"
67,7213,20261001,6,"q_lifta+q_dimea+q_dressa+q_beda+q_toilta+q_shopa","q_lifta","q_dimea","q_dressa","q_beda","q_toilta","q_shopa"
68,2521,20261001,6,"q_shlt+q_lifta+q_eata+q_moneya+q_toilta+q_shopa","q_shlt","q_lifta","q_eata","q_moneya","q_toilta","q_shopa"
69,7133,20261001,6,"q_lifta+q_dimea+q_armsa+q_batha+q_mealsa+q_shopa","q_lifta","q_dimea","q_armsa","q_batha","q_mealsa","q_shopa"
70,4004,20261001,6,"q_chaira+q_stoopa+q_armsa+q_dressa+q_batha+q_eata","q_chaira","q_stoopa","q_armsa","q_dressa","q_batha","q_eata"
71,5983,20261001,6,"q_climsa+q_dimea+q_batha+q_eata+q_toilta+q_mealsa","q_climsa","q_dimea","q_batha","q_eata","q_toilta","q_mealsa"
72,3620,20261001,6,"q_chaira+q_climsa+q_dressa+q_eata+q_moneya+q_toilta","q_chaira","q_climsa","q_dressa","q_eata","q_moneya","q_toilta"
73,1191,20261001,6,"q_shlt+q_climsa+q_stoopa+q_eata+q_beda+q_shopa","q_shlt","q_climsa","q_stoopa","q_eata","q_beda","q_shopa"
74,2095,20261001,6,"q_shlt+q_stoopa+q_dressa+q_batha+q_beda+q_mealsa","q_shlt","q_stoopa","q_dressa","q_batha","q_beda","q_mealsa"
75,1112,20261001,6,"q_shlt+q_climsa+q_stoopa+q_armsa+q_batha+q_moneya","q_shlt","q_climsa","q_stoopa","q_armsa","q_batha","q_moneya"
76,4411,20261001,6,"q_chaira+q_lifta+q_armsa+q_moneya+q_toilta+q_mealsa","q_chaira","q_lifta","q_armsa","q_moneya","q_toilta","q_mealsa"
77,4843,20261001,6,"q_chaira+q_armsa+q_batha+q_medsa+q_mealsa+q_shopa","q_chaira","q_armsa","q_batha","q_medsa","q_mealsa","q_shopa"
78,6588,20261001,6,"q_stoopa+q_lifta+q_eata+q_beda+q_moneya+q_medsa","q_stoopa","q_lifta","q_eata","q_beda","q_moneya","q_medsa"
79,4434,20261001,6,"q_chaira+q_lifta+q_dressa+q_batha+q_medsa+q_mealsa","q_chaira","q_lifta","q_dressa","q_batha","q_medsa","q_mealsa"
80,3871,20261001,6,"q_chaira+q_stoopa+q_lifta+q_beda+q_toilta+q_mealsa","q_chaira","q_stoopa","q_lifta","q_beda","q_toilta","q_mealsa"
81,5293,20261001,6,"q_climsa+q_stoopa+q_armsa+q_dressa+q_batha+q_moneya","q_climsa","q_stoopa","q_armsa","q_dressa","q_batha","q_moneya"
82,6932,20261001,6,"q_stoopa+q_armsa+q_eata+q_beda+q_toilta+q_shopa","q_stoopa","q_armsa","q_eata","q_beda","q_toilta","q_shopa"
83,2092,20261001,6,"q_shlt+q_stoopa+q_dressa+q_batha+q_beda+q_moneya","q_shlt","q_stoopa","q_dressa","q_batha","q_beda","q_moneya"
84,5943,20261001,6,"q_climsa+q_dimea+q_dressa+q_eata+q_moneya+q_mealsa","q_climsa","q_dimea","q_dressa","q_eata","q_moneya","q_mealsa"
85,1170,20261001,6,"q_shlt+q_climsa+q_stoopa+q_batha+q_eata+q_mealsa","q_shlt","q_climsa","q_stoopa","q_batha","q_eata","q_mealsa"
86,6933,20261001,6,"q_stoopa+q_armsa+q_eata+q_beda+q_mealsa+q_shopa","q_stoopa","q_armsa","q_eata","q_beda","q_mealsa","q_shopa"
87,2499,20261001,6,"q_shlt+q_lifta+q_batha+q_moneya+q_medsa+q_shopa","q_shlt","q_lifta","q_batha","q_moneya","q_medsa","q_shopa"
88,5980,20261001,6,"q_climsa+q_dimea+q_batha+q_eata+q_medsa+q_toilta","q_climsa","q_dimea","q_batha","q_eata","q_medsa","q_toilta"
89,1961,20261001,6,"q_shlt+q_stoopa+q_dimea+q_batha+q_medsa+q_toilta","q_shlt","q_stoopa","q_dimea","q_batha","q_medsa","q_toilta"
90,3563,20261001,6,"q_chaira+q_climsa+q_armsa+q_eata+q_moneya+q_medsa","q_chaira","q_climsa","q_armsa","q_eata","q_moneya","q_medsa"
91,3551,20261001,6,"q_chaira+q_climsa+q_armsa+q_batha+q_moneya+q_shopa","q_chaira","q_climsa","q_armsa","q_batha","q_moneya","q_shopa"
92,4235,20261001,6,"q_chaira+q_lifta+q_dimea+q_armsa+q_beda+q_moneya","q_chaira","q_lifta","q_dimea","q_armsa","q_beda","q_moneya"
93,7651,20261001,6,"q_dimea+q_armsa+q_eata+q_moneya+q_toilta+q_mealsa","q_dimea","q_armsa","q_eata","q_moneya","q_toilta","q_mealsa"
94,6253,20261001,6,"q_climsa+q_batha+q_eata+q_medsa+q_toilta+q_mealsa","q_climsa","q_batha","q_eata","q_medsa","q_toilta","q_mealsa"
95,1918,20261001,6,"q_shlt+q_stoopa+q_dimea+q_dressa+q_batha+q_eata","q_shlt","q_stoopa","q_dimea","q_dressa","q_batha","q_eata"
96,2540,20261001,6,"q_shlt+q_lifta+q_moneya+q_toilta+q_mealsa+q_shopa","q_shlt","q_lifta","q_moneya","q_toilta","q_mealsa","q_shopa"
97,3319,20261001,6,"q_chaira+q_climsa+q_lifta+q_dressa+q_beda+q_medsa","q_chaira","q_climsa","q_lifta","q_dressa","q_beda","q_medsa"
98,6127,20261001,6,"q_climsa+q_armsa+q_batha+q_moneya+q_mealsa+q_shopa","q_climsa","q_armsa","q_batha","q_moneya","q_mealsa","q_shopa"
99,4135,20261001,6,"q_chaira+q_stoopa+q_dressa+q_moneya+q_medsa+q_mealsa","q_chaira","q_stoopa","q_dressa","q_moneya","q_medsa","q_mealsa"
100,5224,20261001,6,"q_climsa+q_stoopa+q_dimea+q_dressa+q_beda+q_shopa","q_climsa","q_stoopa","q_dimea","q_dressa","q_beda","q_shopa"
101,4322,20261001,6,"q_chaira+q_lifta+q_dimea+q_beda+q_toilta+q_shopa","q_chaira","q_lifta","q_dimea","q_beda","q_toilta","q_shopa"
102,2594,20261001,6,"q_shlt+q_dimea+q_armsa+q_eata+q_beda+q_mealsa","q_shlt","q_dimea","q_armsa","q_eata","q_beda","q_mealsa"
103,6827,20261001,6,"q_stoopa+q_dimea+q_beda+q_toilta+q_mealsa+q_shopa","q_stoopa","q_dimea","q_beda","q_toilta","q_mealsa","q_shopa"
104,7658,20261001,6,"q_dimea+q_armsa+q_beda+q_moneya+q_medsa+q_toilta","q_dimea","q_armsa","q_beda","q_moneya","q_medsa","q_toilta"
105,147,20261001,6,"q_shlt+q_chaira+q_climsa+q_dimea+q_eata+q_moneya","q_shlt","q_chaira","q_climsa","q_dimea","q_eata","q_moneya"
106,2630,20261001,6,"q_shlt+q_dimea+q_dressa+q_batha+q_eata+q_mealsa","q_shlt","q_dimea","q_dressa","q_batha","q_eata","q_mealsa"
107,2252,20261001,6,"q_shlt+q_lifta+q_dimea+q_dressa+q_batha+q_toilta","q_shlt","q_lifta","q_dimea","q_dressa","q_batha","q_toilta"
108,6050,20261001,6,"q_climsa+q_armsa+q_dressa+q_batha+q_beda+q_mealsa","q_climsa","q_armsa","q_dressa","q_batha","q_beda","q_mealsa"
109,1509,20261001,6,"q_shlt+q_climsa+q_armsa+q_dressa+q_batha+q_moneya","q_shlt","q_climsa","q_armsa","q_dressa","q_batha","q_moneya"
110,5671,20261001,6,"q_climsa+q_lifta+q_armsa+q_eata+q_beda+q_medsa","q_climsa","q_lifta","q_armsa","q_eata","q_beda","q_medsa"
111,4158,20261001,6,"q_chaira+q_stoopa+q_batha+q_eata+q_mealsa+q_shopa","q_chaira","q_stoopa","q_batha","q_eata","q_mealsa","q_shopa"
112,6894,20261001,6,"q_stoopa+q_armsa+q_batha+q_eata+q_moneya+q_medsa","q_stoopa","q_armsa","q_batha","q_eata","q_moneya","q_medsa"
113,1309,20261001,6,"q_shlt+q_climsa+q_lifta+q_dressa+q_batha+q_shopa","q_shlt","q_climsa","q_lifta","q_dressa","q_batha","q_shopa"
114,6248,20261001,6,"q_climsa+q_batha+q_eata+q_moneya+q_medsa+q_mealsa","q_climsa","q_batha","q_eata","q_moneya","q_medsa","q_mealsa"
115,6232,20261001,6,"q_climsa+q_dressa+q_moneya+q_medsa+q_toilta+q_mealsa","q_climsa","q_dressa","q_moneya","q_medsa","q_toilta","q_mealsa"
116,691,20261001,6,"q_shlt+q_chaira+q_dimea+q_armsa+q_eata+q_mealsa","q_shlt","q_chaira","q_dimea","q_armsa","q_eata","q_mealsa"
117,2306,20261001,6,"q_shlt+q_lifta+q_dimea+q_eata+q_medsa+q_toilta","q_shlt","q_lifta","q_dimea","q_eata","q_medsa","q_toilta"
118,73,20261001,6,"q_shlt+q_chaira+q_climsa+q_lifta+q_dimea+q_medsa","q_shlt","q_chaira","q_climsa","q_lifta","q_dimea","q_medsa"
119,6185,20261001,6,"q_climsa+q_dressa+q_batha+q_beda+q_moneya+q_shopa","q_climsa","q_dressa","q_batha","q_beda","q_moneya","q_shopa"
120,6030,20261001,6,"q_climsa+q_dimea+q_beda+q_moneya+q_toilta+q_shopa","q_climsa","q_dimea","q_beda","q_moneya","q_toilta","q_shopa"
121,5164,20261001,6,"q_climsa+q_stoopa+q_lifta+q_moneya+q_toilta+q_mealsa","q_climsa","q_stoopa","q_lifta","q_moneya","q_toilta","q_mealsa"
122,2837,20261001,6,"q_shlt+q_armsa+q_batha+q_moneya+q_toilta+q_shopa","q_shlt","q_armsa","q_batha","q_moneya","q_toilta","q_shopa"
123,5580,20261001,6,"q_climsa+q_lifta+q_dimea+q_batha+q_medsa+q_toilta","q_climsa","q_lifta","q_dimea","q_batha","q_medsa","q_toilta"
124,18,20261001,6,"q_shlt+q_chaira+q_climsa+q_stoopa+q_dimea+q_medsa","q_shlt","q_chaira","q_climsa","q_stoopa","q_dimea","q_medsa"
125,6793,20261001,6,"q_stoopa+q_dimea+q_batha+q_moneya+q_mealsa+q_shopa","q_stoopa","q_dimea","q_batha","q_moneya","q_mealsa","q_shopa"
126,1079,20261001,6,"q_shlt+q_climsa+q_stoopa+q_dimea+q_batha+q_mealsa","q_shlt","q_climsa","q_stoopa","q_dimea","q_batha","q_mealsa"
127,3570,20261001,6,"q_chaira+q_climsa+q_armsa+q_eata+q_toilta+q_mealsa","q_chaira","q_climsa","q_armsa","q_eata","q_toilta","q_mealsa"
128,3934,20261001,6,"q_chaira+q_stoopa+q_dimea+q_dressa+q_beda+q_medsa","q_chaira","q_stoopa","q_dimea","q_dressa","q_beda","q_medsa"
129,4752,20261001,6,"q_chaira+q_dimea+q_moneya+q_toilta+q_mealsa+q_shopa","q_chaira","q_dimea","q_moneya","q_toilta","q_mealsa","q_shopa"
130,3332,20261001,6,"q_chaira+q_climsa+q_lifta+q_dressa+q_mealsa+q_shopa","q_chaira","q_climsa","q_lifta","q_dressa","q_mealsa","q_shopa"
131,1187,20261001,6,"q_shlt+q_climsa+q_stoopa+q_eata+q_beda+q_moneya","q_shlt","q_climsa","q_stoopa","q_eata","q_beda","q_moneya"
132,6967,20261001,6,"q_stoopa+q_dressa+q_batha+q_eata+q_moneya+q_shopa","q_stoopa","q_dressa","q_batha","q_eata","q_moneya","q_shopa"
133,684,20261001,6,"q_shlt+q_chaira+q_dimea+q_armsa+q_batha+q_toilta","q_shlt","q_chaira","q_dimea","q_armsa","q_batha","q_toilta"
134,4138,20261001,6,"q_chaira+q_stoopa+q_dressa+q_moneya+q_toilta+q_shopa","q_chaira","q_stoopa","q_dressa","q_moneya","q_toilta","q_shopa"
135,3649,20261001,6,"q_chaira+q_climsa+q_batha+q_eata+q_beda+q_moneya","q_chaira","q_climsa","q_batha","q_eata","q_beda","q_moneya"
136,4156,20261001,6,"q_chaira+q_stoopa+q_batha+q_eata+q_toilta+q_mealsa","q_chaira","q_stoopa","q_batha","q_eata","q_toilta","q_mealsa"
137,4133,20261001,6,"q_chaira+q_stoopa+q_dressa+q_beda+q_mealsa+q_shopa","q_chaira","q_stoopa","q_dressa","q_beda","q_mealsa","q_shopa"
138,5937,20261001,6,"q_climsa+q_dimea+q_dressa+q_eata+q_beda+q_medsa","q_climsa","q_dimea","q_dressa","q_eata","q_beda","q_medsa"
139,6788,20261001,6,"q_stoopa+q_dimea+q_batha+q_moneya+q_medsa+q_toilta","q_stoopa","q_dimea","q_batha","q_moneya","q_medsa","q_toilta"
140,1991,20261001,6,"q_shlt+q_stoopa+q_dimea+q_beda+q_mealsa+q_shopa","q_shlt","q_stoopa","q_dimea","q_beda","q_mealsa","q_shopa"
141,5433,20261001,6,"q_climsa+q_stoopa+q_batha+q_eata+q_beda+q_toilta","q_climsa","q_stoopa","q_batha","q_eata","q_beda","q_toilta"
142,5225,20261001,6,"q_climsa+q_stoopa+q_dimea+q_dressa+q_moneya+q_medsa","q_climsa","q_stoopa","q_dimea","q_dressa","q_moneya","q_medsa"
143,2962,20261001,6,"q_shlt+q_batha+q_eata+q_moneya+q_toilta+q_shopa","q_shlt","q_batha","q_eata","q_moneya","q_toilta","q_shopa"
144,1806,20261001,6,"q_shlt+q_stoopa+q_lifta+q_dressa+q_eata+q_moneya","q_shlt","q_stoopa","q_lifta","q_dressa","q_eata","q_moneya"
145,3205,20261001,6,"q_chaira+q_climsa+q_stoopa+q_beda+q_moneya+q_toilta","q_chaira","q_climsa","q_stoopa","q_beda","q_moneya","q_toilta"
146,7029,20261001,6,"q_stoopa+q_batha+q_eata+q_beda+q_moneya+q_medsa","q_stoopa","q_batha","q_eata","q_beda","q_moneya","q_medsa"
147,6290,20261001,6,"q_climsa+q_beda+q_moneya+q_toilta+q_mealsa+q_shopa","q_climsa","q_beda","q_moneya","q_toilta","q_mealsa","q_shopa"
148,412,20261001,6,"q_shlt+q_chaira+q_stoopa+q_armsa+q_beda+q_shopa","q_shlt","q_chaira","q_stoopa","q_armsa","q_beda","q_shopa"
149,7684,20261001,6,"q_dimea+q_dressa+q_batha+q_eata+q_medsa+q_shopa","q_dimea","q_dressa","q_batha","q_eata","q_medsa","q_shopa"
150,3981,20261001,6,"q_chaira+q_stoopa+q_dimea+q_eata+q_toilta+q_mealsa","q_chaira","q_stoopa","q_dimea","q_eata","q_toilta","q_mealsa"
151,1396,20261001,6,"q_shlt+q_climsa+q_dimea+q_armsa+q_batha+q_beda","q_shlt","q_climsa","q_dimea","q_armsa","q_batha","q_beda"
152,4317,20261001,6,"q_chaira+q_lifta+q_dimea+q_beda+q_moneya+q_shopa","q_chaira","q_lifta","q_dimea","q_beda","q_moneya","q_shopa"
153,7602,20261001,6,"q_dimea+q_armsa+q_dressa+q_toilta+q_mealsa+q_shopa","q_dimea","q_armsa","q_dressa","q_toilta","q_mealsa","q_shopa"
154,2489,20261001,6,"q_shlt+q_lifta+q_batha+q_beda+q_moneya+q_mealsa","q_shlt","q_lifta","q_batha","q_beda","q_moneya","q_mealsa"
155,26,20261001,6,"q_shlt+q_chaira+q_climsa+q_stoopa+q_armsa+q_moneya","q_shlt","q_chaira","q_climsa","q_stoopa","q_armsa","q_moneya"
156,4923,20261001,6,"q_chaira+q_dressa+q_eata+q_beda+q_toilta+q_shopa","q_chaira","q_dressa","q_eata","q_beda","q_toilta","q_shopa"
157,1273,20261001,6,"q_shlt+q_climsa+q_lifta+q_armsa+q_dressa+q_mealsa","q_shlt","q_climsa","q_lifta","q_armsa","q_dressa","q_mealsa"
158,2536,20261001,6,"q_shlt+q_lifta+q_beda+q_toilta+q_mealsa+q_shopa","q_shlt","q_lifta","q_beda","q_toilta","q_mealsa","q_shopa"
159,3816,20261001,6,"q_chaira+q_stoopa+q_lifta+q_dressa+q_beda+q_mealsa","q_chaira","q_stoopa","q_lifta","q_dressa","q_beda","q_mealsa"
160,3311,20261001,6,"q_chaira+q_climsa+q_lifta+q_dressa+q_batha+q_shopa","q_chaira","q_climsa","q_lifta","q_dressa","q_batha","q_shopa"
161,2784,20261001,6,"q_shlt+q_armsa+q_dressa+q_eata+q_medsa+q_shopa","q_shlt","q_armsa","q_dressa","q_eata","q_medsa","q_shopa"
162,5573,20261001,6,"q_climsa+q_lifta+q_dimea+q_batha+q_beda+q_toilta","q_climsa","q_lifta","q_dimea","q_batha","q_beda","q_toilta"
163,5505,20261001,6,"q_climsa+q_lifta+q_dimea+q_armsa+q_dressa+q_medsa","q_climsa","q_lifta","q_dimea","q_armsa","q_dressa","q_medsa"
164,6535,20261001,6,"q_stoopa+q_lifta+q_dressa+q_beda+q_moneya+q_mealsa","q_stoopa","q_lifta","q_dressa","q_beda","q_moneya","q_mealsa"
165,1401,20261001,6,"q_shlt+q_climsa+q_dimea+q_armsa+q_batha+q_shopa","q_shlt","q_climsa","q_dimea","q_armsa","q_batha","q_shopa"
166,7653,20261001,6,"q_dimea+q_armsa+q_eata+q_moneya+q_mealsa+q_shopa","q_dimea","q_armsa","q_eata","q_moneya","q_mealsa","q_shopa"
167,4942,20261001,6,"q_chaira+q_dressa+q_beda+q_medsa+q_toilta+q_shopa","q_chaira","q_dressa","q_beda","q_medsa","q_toilta","q_shopa"
168,3009,20261001,6,"q_chaira+q_climsa+q_stoopa+q_lifta+q_dimea+q_moneya","q_chaira","q_climsa","q_stoopa","q_lifta","q_dimea","q_moneya"
169,6477,20261001,6,"q_stoopa+q_lifta+q_armsa+q_beda+q_moneya+q_medsa","q_stoopa","q_lifta","q_armsa","q_beda","q_moneya","q_medsa"
170,7965,20261001,6,"q_dressa+q_eata+q_beda+q_moneya+q_mealsa+q_shopa","q_dressa","q_eata","q_beda","q_moneya","q_mealsa","q_shopa"
171,1594,20261001,6,"q_shlt+q_climsa+q_dressa+q_batha+q_eata+q_toilta","q_shlt","q_climsa","q_dressa","q_batha","q_eata","q_toilta"
172,5927,20261001,6,"q_climsa+q_dimea+q_dressa+q_batha+q_moneya+q_toilta","q_climsa","q_dimea","q_dressa","q_batha","q_moneya","q_toilta"
173,2546,20261001,6,"q_shlt+q_dimea+q_armsa+q_dressa+q_batha+q_toilta","q_shlt","q_dimea","q_armsa","q_dressa","q_batha","q_toilta"
174,3644,20261001,6,"q_chaira+q_climsa+q_dressa+q_moneya+q_mealsa+q_shopa","q_chaira","q_climsa","q_dressa","q_moneya","q_mealsa","q_shopa"
175,3623,20261001,6,"q_chaira+q_climsa+q_dressa+q_eata+q_medsa+q_toilta","q_chaira","q_climsa","q_dressa","q_eata","q_medsa","q_toilta"
176,1825,20261001,6,"q_shlt+q_stoopa+q_lifta+q_dressa+q_mealsa+q_shopa","q_shlt","q_stoopa","q_lifta","q_dressa","q_mealsa","q_shopa"
177,3729,20261001,6,"q_chaira+q_stoopa+q_lifta+q_dimea+q_dressa+q_eata","q_chaira","q_stoopa","q_lifta","q_dimea","q_dressa","q_eata"
178,7636,20261001,6,"q_dimea+q_armsa+q_batha+q_medsa+q_mealsa+q_shopa","q_dimea","q_armsa","q_batha","q_medsa","q_mealsa","q_shopa"
179,7760,20261001,6,"q_dimea+q_batha+q_eata+q_medsa+q_toilta+q_shopa","q_dimea","q_batha","q_eata","q_medsa","q_toilta","q_shopa"
180,2864,20261001,6,"q_shlt+q_armsa+q_beda+q_moneya+q_medsa+q_mealsa","q_shlt","q_armsa","q_beda","q_moneya","q_medsa","q_mealsa"
181,4768,20261001,6,"q_chaira+q_armsa+q_dressa+q_batha+q_moneya+q_shopa","q_chaira","q_armsa","q_dressa","q_batha","q_moneya","q_shopa"
182,3343,20261001,6,"q_chaira+q_climsa+q_lifta+q_batha+q_beda+q_shopa","q_chaira","q_climsa","q_lifta","q_batha","q_beda","q_shopa"
183,7030,20261001,6,"q_stoopa+q_batha+q_eata+q_beda+q_moneya+q_toilta","q_stoopa","q_batha","q_eata","q_beda","q_moneya","q_toilta"
184,2733,20261001,6,"q_shlt+q_dimea+q_eata+q_medsa+q_toilta+q_mealsa","q_shlt","q_dimea","q_eata","q_medsa","q_toilta","q_mealsa"
185,5738,20261001,6,"q_climsa+q_lifta+q_dressa+q_eata+q_toilta+q_mealsa","q_climsa","q_lifta","q_dressa","q_eata","q_toilta","q_mealsa"
186,2,20261001,6,"q_shlt+q_chaira+q_climsa+q_stoopa+q_lifta+q_armsa","q_shlt","q_chaira","q_climsa","q_stoopa","q_lifta","q_armsa"
187,6880,20261001,6,"q_stoopa+q_armsa+q_dressa+q_moneya+q_medsa+q_mealsa","q_stoopa","q_armsa","q_dressa","q_moneya","q_medsa","q_mealsa"
188,7356,20261001,6,"q_lifta+q_armsa+q_batha+q_eata+q_moneya+q_medsa","q_lifta","q_armsa","q_batha","q_eata","q_moneya","q_medsa"
189,247,20261001,6,"q_shlt+q_chaira+q_climsa+q_batha+q_medsa+q_mealsa","q_shlt","q_chaira","q_climsa","q_batha","q_medsa","q_mealsa"
190,1952,20261001,6,"q_shlt+q_stoopa+q_dimea+q_batha+q_beda+q_moneya","q_shlt","q_stoopa","q_dimea","q_batha","q_beda","q_moneya"
191,7405,20261001,6,"q_lifta+q_armsa+q_eata+q_toilta+q_mealsa+q_shopa","q_lifta","q_armsa","q_eata","q_toilta","q_mealsa","q_shopa"
192,5427,20261001,6,"q_climsa+q_stoopa+q_dressa+q_medsa+q_toilta+q_mealsa","q_climsa","q_stoopa","q_dressa","q_medsa","q_toilta","q_mealsa"
193,3677,20261001,6,"q_chaira+q_climsa+q_batha+q_moneya+q_toilta+q_mealsa","q_chaira","q_climsa","q_batha","q_moneya","q_toilta","q_mealsa"
194,4066,20261001,6,"q_chaira+q_stoopa+q_armsa+q_eata+q_toilta+q_shopa","q_chaira","q_stoopa","q_armsa","q_eata","q_toilta","q_shopa"
195,719,20261001,6,"q_shlt+q_chaira+q_dimea+q_dressa+q_eata+q_mealsa","q_shlt","q_chaira","q_dimea","q_dressa","q_eata","q_mealsa"
196,6843,20261001,6,"q_stoopa+q_armsa+q_dressa+q_batha+q_beda+q_shopa","q_stoopa","q_armsa","q_dressa","q_batha","q_beda","q_shopa"
197,7426,20261001,6,"q_lifta+q_dressa+q_batha+q_eata+q_moneya+q_medsa","q_lifta","q_dressa","q_batha","q_eata","q_moneya","q_medsa"
198,927,20261001,6,"q_shlt+q_chaira+q_dressa+q_moneya+q_mealsa+q_shopa","q_shlt","q_chaira","q_dressa","q_moneya","q_mealsa","q_shopa"
199,6711,20261001,6,"q_stoopa+q_dimea+q_dressa+q_batha+q_eata+q_mealsa","q_stoopa","q_dimea","q_dressa","q_batha","q_eata","q_mealsa"
200,2215,20261001,6,"q_shlt+q_lifta+q_dimea+q_armsa+q_dressa+q_moneya","q_shlt","q_lifta","q_dimea","q_armsa","q_dressa","q_moneya"
201,4660,20261001,6,"q_chaira+q_dimea+q_dressa+q_eata+q_medsa+q_shopa","q_chaira","q_dimea","q_dressa","q_eata","q_medsa","q_shopa"
202,5776,20261001,6,"q_climsa+q_lifta+q_batha+q_beda+q_moneya+q_medsa","q_climsa","q_lifta","q_batha","q_beda","q_moneya","q_medsa"
203,5504,20261001,6,"q_climsa+q_lifta+q_dimea+q_armsa+q_dressa+q_moneya","q_climsa","q_lifta","q_dimea","q_armsa","q_dressa","q_moneya"
204,1382,20261001,6,"q_shlt+q_climsa+q_lifta+q_moneya+q_mealsa+q_shopa","q_shlt","q_climsa","q_lifta","q_moneya","q_mealsa","q_shopa"
205,1987,20261001,6,"q_shlt+q_stoopa+q_dimea+q_beda+q_medsa+q_mealsa","q_shlt","q_stoopa","q_dimea","q_beda","q_medsa","q_mealsa"
206,2148,20261001,6,"q_shlt+q_stoopa+q_batha+q_eata+q_moneya+q_toilta","q_shlt","q_stoopa","q_batha","q_eata","q_moneya","q_toilta"
207,7227,20261001,6,"q_lifta+q_dimea+q_batha+q_eata+q_beda+q_toilta","q_lifta","q_dimea","q_batha","q_eata","q_beda","q_toilta"
208,7409,20261001,6,"q_lifta+q_armsa+q_beda+q_moneya+q_toilta+q_mealsa","q_lifta","q_armsa","q_beda","q_moneya","q_toilta","q_mealsa"
209,2953,20261001,6,"q_shlt+q_batha+q_eata+q_beda+q_medsa+q_mealsa","q_shlt","q_batha","q_eata","q_beda","q_medsa","q_mealsa"
210,431,20261001,6,"q_shlt+q_chaira+q_stoopa+q_dressa+q_eata+q_moneya","q_shlt","q_chaira","q_stoopa","q_dressa","q_eata","q_moneya"
211,1570,20261001,6,"q_shlt+q_climsa+q_armsa+q_eata+q_mealsa+q_shopa","q_shlt","q_climsa","q_armsa","q_eata","q_mealsa","q_shopa"
212,4651,20261001,6,"q_chaira+q_dimea+q_dressa+q_eata+q_beda+q_toilta","q_chaira","q_dimea","q_dressa","q_eata","q_beda","q_toilta"
213,5959,20261001,6,"q_climsa+q_dimea+q_dressa+q_beda+q_toilta+q_shopa","q_climsa","q_dimea","q_dressa","q_beda","q_toilta","q_shopa"
214,4316,20261001,6,"q_chaira+q_lifta+q_dimea+q_beda+q_moneya+q_mealsa","q_chaira","q_lifta","q_dimea","q_beda","q_moneya","q_mealsa"
215,1005,20261001,6,"q_shlt+q_climsa+q_stoopa+q_lifta+q_dimea+q_eata","q_shlt","q_climsa","q_stoopa","q_lifta","q_dimea","q_eata"
216,330,20261001,6,"q_shlt+q_chaira+q_stoopa+q_lifta+q_beda+q_mealsa","q_shlt","q_chaira","q_stoopa","q_lifta","q_beda","q_mealsa"
217,6257,20261001,6,"q_climsa+q_batha+q_beda+q_moneya+q_medsa+q_toilta","q_climsa","q_batha","q_beda","q_moneya","q_medsa","q_toilta"
218,6155,20261001,6,"q_climsa+q_armsa+q_beda+q_moneya+q_toilta+q_mealsa","q_climsa","q_armsa","q_beda","q_moneya","q_toilta","q_mealsa"
219,2878,20261001,6,"q_shlt+q_dressa+q_batha+q_eata+q_beda+q_moneya","q_shlt","q_dressa","q_batha","q_eata","q_beda","q_moneya"
220,3907,20261001,6,"q_chaira+q_stoopa+q_dimea+q_armsa+q_beda+q_toilta","q_chaira","q_stoopa","q_dimea","q_armsa","q_beda","q_toilta"
221,390,20261001,6,"q_shlt+q_chaira+q_stoopa+q_armsa+q_dressa+q_moneya","q_shlt","q_chaira","q_stoopa","q_armsa","q_dressa","q_moneya"
222,2638,20261001,6,"q_shlt+q_dimea+q_dressa+q_batha+q_moneya+q_toilta","q_shlt","q_dimea","q_dressa","q_batha","q_moneya","q_toilta"
223,5093,20261001,6,"q_climsa+q_stoopa+q_lifta+q_dressa+q_batha+q_shopa","q_climsa","q_stoopa","q_lifta","q_dressa","q_batha","q_shopa"
224,5747,20261001,6,"q_climsa+q_lifta+q_dressa+q_beda+q_medsa+q_shopa","q_climsa","q_lifta","q_dressa","q_beda","q_medsa","q_shopa"
225,1651,20261001,6,"q_shlt+q_climsa+q_batha+q_eata+q_beda+q_shopa","q_shlt","q_climsa","q_batha","q_eata","q_beda","q_shopa"
226,7151,20261001,6,"q_lifta+q_dimea+q_armsa+q_beda+q_moneya+q_mealsa","q_lifta","q_dimea","q_armsa","q_beda","q_moneya","q_mealsa"
227,6872,20261001,6,"q_stoopa+q_armsa+q_dressa+q_beda+q_moneya+q_shopa","q_stoopa","q_armsa","q_dressa","q_beda","q_moneya","q_shopa"
228,2880,20261001,6,"q_shlt+q_dressa+q_batha+q_eata+q_beda+q_toilta","q_shlt","q_dressa","q_batha","q_eata","q_beda","q_toilta"
229,2199,20261001,6,"q_shlt+q_stoopa+q_beda+q_moneya+q_medsa+q_shopa","q_shlt","q_stoopa","q_beda","q_moneya","q_medsa","q_shopa"
230,570,20261001,6,"q_shlt+q_chaira+q_lifta+q_armsa+q_eata+q_toilta","q_shlt","q_chaira","q_lifta","q_armsa","q_eata","q_toilta"
231,4892,20261001,6,"q_chaira+q_dressa+q_batha+q_eata+q_toilta+q_mealsa","q_chaira","q_dressa","q_batha","q_eata","q_toilta","q_mealsa"
232,5944,20261001,6,"q_climsa+q_dimea+q_dressa+q_eata+q_moneya+q_shopa","q_climsa","q_dimea","q_dressa","q_eata","q_moneya","q_shopa"
233,3245,20261001,6,"q_chaira+q_climsa+q_lifta+q_dimea+q_batha+q_toilta","q_chaira","q_climsa","q_lifta","q_dimea","q_batha","q_toilta"
234,979,20261001,6,"q_shlt+q_chaira+q_eata+q_moneya+q_medsa+q_shopa","q_shlt","q_chaira","q_eata","q_moneya","q_medsa","q_shopa"
235,2517,20261001,6,"q_shlt+q_lifta+q_eata+q_moneya+q_medsa+q_toilta","q_shlt","q_lifta","q_eata","q_moneya","q_medsa","q_toilta"
236,4107,20261001,6,"q_chaira+q_stoopa+q_dressa+q_batha+q_toilta+q_shopa","q_chaira","q_stoopa","q_dressa","q_batha","q_toilta","q_shopa"
237,7406,20261001,6,"q_lifta+q_armsa+q_beda+q_moneya+q_medsa+q_toilta","q_lifta","q_armsa","q_beda","q_moneya","q_medsa","q_toilta"
238,942,20261001,6,"q_shlt+q_chaira+q_batha+q_eata+q_medsa+q_mealsa","q_shlt","q_chaira","q_batha","q_eata","q_medsa","q_mealsa"
239,1412,20261001,6,"q_shlt+q_climsa+q_dimea+q_armsa+q_beda+q_shopa","q_shlt","q_climsa","q_dimea","q_armsa","q_beda","q_shopa"
240,7918,20261001,6,"q_armsa+q_eata+q_medsa+q_toilta+q_mealsa+q_shopa","q_armsa","q_eata","q_medsa","q_toilta","q_mealsa","q_shopa"
241,3486,20261001,6,"q_chaira+q_climsa+q_dimea+q_eata+q_toilta+q_mealsa","q_chaira","q_climsa","q_dimea","q_eata","q_toilta","q_mealsa"
242,3265,20261001,6,"q_chaira+q_climsa+q_lifta+q_dimea+q_medsa+q_shopa","q_chaira","q_climsa","q_lifta","q_dimea","q_medsa","q_shopa"
243,3672,20261001,6,"q_chaira+q_climsa+q_batha+q_beda+q_toilta+q_shopa","q_chaira","q_climsa","q_batha","q_beda","q_toilta","q_shopa"
244,2772,20261001,6,"q_shlt+q_armsa+q_dressa+q_batha+q_mealsa+q_shopa","q_shlt","q_armsa","q_dressa","q_batha","q_mealsa","q_shopa"
245,4786,20261001,6,"q_chaira+q_armsa+q_dressa+q_eata+q_medsa+q_shopa","q_chaira","q_armsa","q_dressa","q_eata","q_medsa","q_shopa"
246,7263,20261001,6,"q_lifta+q_dimea+q_eata+q_beda+q_moneya+q_shopa","q_lifta","q_dimea","q_eata","q_beda","q_moneya","q_shopa"
247,417,20261001,6,"q_shlt+q_chaira+q_stoopa+q_armsa+q_medsa+q_toilta","q_shlt","q_chaira","q_stoopa","q_armsa","q_medsa","q_toilta"
248,5047,20261001,6,"q_climsa+q_stoopa+q_lifta+q_dimea+q_medsa+q_shopa","q_climsa","q_stoopa","q_lifta","q_dimea","q_medsa","q_shopa"
249,6833,20261001,6,"q_stoopa+q_armsa+q_dressa+q_batha+q_eata+q_beda","q_stoopa","q_armsa","q_dressa","q_batha","q_eata","q_beda"
250,2347,20261001,6,"q_shlt+q_lifta+q_armsa+q_dressa+q_beda+q_toilta","q_shlt","q_lifta","q_armsa","q_dressa","q_beda","q_toilta"
251,5929,20261001,6,"q_climsa+q_dimea+q_dressa+q_batha+q_moneya+q_shopa","q_climsa","q_dimea","q_dressa","q_batha","q_moneya","q_shopa"
252,5760,20261001,6,"q_climsa+q_lifta+q_dressa+q_toilta+q_mealsa+q_shopa","q_climsa","q_lifta","q_dressa","q_toilta","q_mealsa","q_shopa"
253,6172,20261001,6,"q_climsa+q_dressa+q_batha+q_eata+q_moneya+q_medsa","q_climsa","q_dressa","q_batha","q_eata","q_moneya","q_medsa"
254,1881,20261001,6,"q_shlt+q_stoopa+q_lifta+q_toilta+q_mealsa+q_shopa","q_shlt","q_stoopa","q_lifta","q_toilta","q_mealsa","q_shopa"
255,1754,20261001,6,"q_shlt+q_stoopa+q_lifta+q_dimea+q_moneya+q_mealsa","q_shlt","q_stoopa","q_lifta","q_dimea","q_moneya","q_mealsa"
256,3828,20261001,6,"q_chaira+q_stoopa+q_lifta+q_batha+q_eata+q_beda","q_chaira","q_stoopa","q_lifta","q_batha","q_eata","q_beda"
257,1861,20261001,6,"q_shlt+q_stoopa+q_lifta+q_eata+q_mealsa+q_shopa","q_shlt","q_stoopa","q_lifta","q_eata","q_mealsa","q_shopa"
258,4306,20261001,6,"q_chaira+q_lifta+q_dimea+q_eata+q_moneya+q_mealsa","q_chaira","q_lifta","q_dimea","q_eata","q_moneya","q_mealsa"
259,4053,20261001,6,"q_chaira+q_stoopa+q_armsa+q_eata+q_beda+q_moneya","q_chaira","q_stoopa","q_armsa","q_eata","q_beda","q_moneya"
260,2578,20261001,6,"q_shlt+q_dimea+q_armsa+q_batha+q_beda+q_toilta","q_shlt","q_dimea","q_armsa","q_batha","q_beda","q_toilta"
261,7703,20261001,6,"q_dimea+q_dressa+q_batha+q_moneya+q_mealsa+q_shopa","q_dimea","q_dressa","q_batha","q_moneya","q_mealsa","q_shopa"
262,4040,20261001,6,"q_chaira+q_stoopa+q_armsa+q_batha+q_beda+q_toilta","q_chaira","q_stoopa","q_armsa","q_batha","q_beda","q_toilta"
263,5711,20261001,6,"q_climsa+q_lifta+q_dressa+q_batha+q_beda+q_moneya","q_climsa","q_lifta","q_dressa","q_batha","q_beda","q_moneya"
264,2669,20261001,6,"q_shlt+q_dimea+q_dressa+q_beda+q_toilta+q_mealsa","q_shlt","q_dimea","q_dressa","q_beda","q_toilta","q_mealsa"
265,3450,20261001,6,"q_chaira+q_climsa+q_dimea+q_dressa+q_toilta+q_mealsa","q_chaira","q_climsa","q_dimea","q_dressa","q_toilta","q_mealsa"
266,5812,20261001,6,"q_climsa+q_lifta+q_eata+q_medsa+q_toilta+q_mealsa","q_climsa","q_lifta","q_eata","q_medsa","q_toilta","q_mealsa"
267,1002,20261001,6,"q_shlt+q_climsa+q_stoopa+q_lifta+q_dimea+q_armsa","q_shlt","q_climsa","q_stoopa","q_lifta","q_dimea","q_armsa"
268,3741,20261001,6,"q_chaira+q_stoopa+q_lifta+q_dimea+q_batha+q_mealsa","q_chaira","q_stoopa","q_lifta","q_dimea","q_batha","q_mealsa"
269,7899,20261001,6,"q_armsa+q_batha+q_moneya+q_medsa+q_toilta+q_mealsa","q_armsa","q_batha","q_moneya","q_medsa","q_toilta","q_mealsa"
270,6101,20261001,6,"q_climsa+q_armsa+q_batha+q_eata+q_beda+q_shopa","q_climsa","q_armsa","q_batha","q_eata","q_beda","q_shopa"
271,4621,20261001,6,"q_chaira+q_dimea+q_armsa+q_moneya+q_toilta+q_mealsa","q_chaira","q_dimea","q_armsa","q_moneya","q_toilta","q_mealsa"
272,3352,20261001,6,"q_chaira+q_climsa+q_lifta+q_batha+q_toilta+q_shopa","q_chaira","q_climsa","q_lifta","q_batha","q_toilta","q_shopa"
273,5026,20261001,6,"q_climsa+q_stoopa+q_lifta+q_dimea+q_batha+q_medsa","q_climsa","q_stoopa","q_lifta","q_dimea","q_batha","q_medsa"
274,4010,20261001,6,"q_chaira+q_stoopa+q_armsa+q_dressa+q_batha+q_shopa","q_chaira","q_stoopa","q_armsa","q_dressa","q_batha","q_shopa"
275,1260,20261001,6,"q_shlt+q_climsa+q_lifta+q_dimea+q_moneya+q_shopa","q_shlt","q_climsa","q_lifta","q_dimea","q_moneya","q_shopa"
276,4849,20261001,6,"q_chaira+q_armsa+q_eata+q_beda+q_medsa+q_toilta","q_chaira","q_armsa","q_eata","q_beda","q_medsa","q_toilta"
277,7051,20261001,6,"q_stoopa+q_batha+q_beda+q_moneya+q_medsa+q_shopa","q_stoopa","q_batha","q_beda","q_moneya","q_medsa","q_shopa"
278,6676,20261001,6,"q_stoopa+q_dimea+q_armsa+q_eata+q_beda+q_shopa","q_stoopa","q_dimea","q_armsa","q_eata","q_beda","q_shopa"
279,1103,20261001,6,"q_shlt+q_climsa+q_stoopa+q_armsa+q_dressa+q_eata","q_shlt","q_climsa","q_stoopa","q_armsa","q_dressa","q_eata"
280,2978,20261001,6,"q_shlt+q_batha+q_moneya+q_medsa+q_toilta+q_mealsa","q_shlt","q_batha","q_moneya","q_medsa","q_toilta","q_mealsa"
281,2173,20261001,6,"q_shlt+q_stoopa+q_batha+q_medsa+q_toilta+q_mealsa","q_shlt","q_stoopa","q_batha","q_medsa","q_toilta","q_mealsa"
282,1283,20261001,6,"q_shlt+q_climsa+q_lifta+q_armsa+q_eata+q_moneya","q_shlt","q_climsa","q_lifta","q_armsa","q_eata","q_moneya"
283,3502,20261001,6,"q_chaira+q_climsa+q_dimea+q_moneya+q_toilta+q_mealsa","q_chaira","q_climsa","q_dimea","q_moneya","q_toilta","q_mealsa"
284,7811,20261001,6,"q_armsa+q_dressa+q_batha+q_eata+q_toilta+q_mealsa","q_armsa","q_dressa","q_batha","q_eata","q_toilta","q_mealsa"
285,2567,20261001,6,"q_shlt+q_dimea+q_armsa+q_dressa+q_toilta+q_mealsa","q_shlt","q_dimea","q_armsa","q_dressa","q_toilta","q_mealsa"
286,227,20261001,6,"q_shlt+q_chaira+q_climsa+q_dressa+q_medsa+q_shopa","q_shlt","q_chaira","q_climsa","q_dressa","q_medsa","q_shopa"
287,6989,20261001,6,"q_stoopa+q_dressa+q_batha+q_moneya+q_mealsa+q_shopa","q_stoopa","q_dressa","q_batha","q_moneya","q_mealsa","q_shopa"
288,6040,20261001,6,"q_climsa+q_dimea+q_medsa+q_toilta+q_mealsa+q_shopa","q_climsa","q_dimea","q_medsa","q_toilta","q_mealsa","q_shopa"
289,6339,20261001,6,"q_stoopa+q_lifta+q_dimea+q_dressa+q_eata+q_toilta","q_stoopa","q_lifta","q_dimea","q_dressa","q_eata","q_toilta"
290,1220,20261001,6,"q_shlt+q_climsa+q_stoopa+q_medsa+q_mealsa+q_shopa","q_shlt","q_climsa","q_stoopa","q_medsa","q_mealsa","q_shopa"
291,3364,20261001,6,"q_chaira+q_climsa+q_lifta+q_eata+q_medsa+q_mealsa","q_chaira","q_climsa","q_lifta","q_eata","q_medsa","q_mealsa"
292,4164,20261001,6,"q_chaira+q_stoopa+q_batha+q_beda+q_medsa+q_mealsa","q_chaira","q_stoopa","q_batha","q_beda","q_medsa","q_mealsa"
293,6411,20261001,6,"q_stoopa+q_lifta+q_dimea+q_medsa+q_mealsa+q_shopa","q_stoopa","q_lifta","q_dimea","q_medsa","q_mealsa","q_shopa"
294,1436,20261001,6,"q_shlt+q_climsa+q_dimea+q_dressa+q_beda+q_moneya","q_shlt","q_climsa","q_dimea","q_dressa","q_beda","q_moneya"
295,2353,20261001,6,"q_shlt+q_lifta+q_armsa+q_dressa+q_moneya+q_shopa","q_shlt","q_lifta","q_armsa","q_dressa","q_moneya","q_shopa"
296,3874,20261001,6,"q_chaira+q_stoopa+q_lifta+q_moneya+q_medsa+q_toilta","q_chaira","q_stoopa","q_lifta","q_moneya","q_medsa","q_toilta"
297,4829,20261001,6,"q_chaira+q_armsa+q_batha+q_beda+q_medsa+q_toilta","q_chaira","q_armsa","q_batha","q_beda","q_medsa","q_toilta"
298,7566,20261001,6,"q_dimea+q_armsa+q_dressa+q_batha+q_toilta+q_shopa","q_dimea","q_armsa","q_dressa","q_batha","q_toilta","q_shopa"
299,3546,20261001,6,"q_chaira+q_climsa+q_armsa+q_batha+q_beda+q_mealsa","q_chaira","q_climsa","q_armsa","q_batha","q_beda","q_mealsa"
300,3142,20261001,6,"q_chaira+q_climsa+q_stoopa+q_dressa+q_batha+q_moneya","q_chaira","q_climsa","q_stoopa","q_dressa","q_batha","q_moneya"
301,3472,20261001,6,"q_chaira+q_climsa+q_dimea+q_batha+q_toilta+q_shopa","q_chaira","q_climsa","q_dimea","q_batha","q_toilta","q_shopa"
302,6317,20261001,6,"q_stoopa+q_lifta+q_dimea+q_armsa+q_beda+q_mealsa","q_stoopa","q_lifta","q_dimea","q_armsa","q_beda","q_mealsa"
303,508,20261001,6,"q_shlt+q_chaira+q_lifta+q_dimea+q_armsa+q_batha","q_shlt","q_chaira","q_lifta","q_dimea","q_armsa","q_batha"
304,362,20261001,6,"q_shlt+q_chaira+q_stoopa+q_dimea+q_batha+q_medsa","q_shlt","q_chaira","q_stoopa","q_dimea","q_batha","q_medsa"
305,2858,20261001,6,"q_shlt+q_armsa+q_eata+q_moneya+q_mealsa+q_shopa","q_shlt","q_armsa","q_eata","q_moneya","q_mealsa","q_shopa"
306,2575,20261001,6,"q_shlt+q_dimea+q_armsa+q_batha+q_eata+q_shopa","q_shlt","q_dimea","q_armsa","q_batha","q_eata","q_shopa"
307,1563,20261001,6,"q_shlt+q_climsa+q_armsa+q_eata+q_moneya+q_mealsa","q_shlt","q_climsa","q_armsa","q_eata","q_moneya","q_mealsa"
308,5608,20261001,6,"q_climsa+q_lifta+q_dimea+q_beda+q_toilta+q_mealsa","q_climsa","q_lifta","q_dimea","q_beda","q_toilta","q_mealsa"
309,2605,20261001,6,"q_shlt+q_dimea+q_armsa+q_eata+q_mealsa+q_shopa","q_shlt","q_dimea","q_armsa","q_eata","q_mealsa","q_shopa"
310,7504,20261001,6,"q_lifta+q_batha+q_eata+q_moneya+q_toilta+q_mealsa","q_lifta","q_batha","q_eata","q_moneya","q_toilta","q_mealsa"
311,1524,20261001,6,"q_shlt+q_climsa+q_armsa+q_dressa+q_beda+q_shopa","q_shlt","q_climsa","q_armsa","q_dressa","q_beda","q_shopa"
312,3042,20261001,6,"q_chaira+q_climsa+q_stoopa+q_lifta+q_eata+q_mealsa","q_chaira","q_climsa","q_stoopa","q_lifta","q_eata","q_mealsa"
313,1386,20261001,6,"q_shlt+q_climsa+q_lifta+q_toilta+q_mealsa+q_shopa","q_shlt","q_climsa","q_lifta","q_toilta","q_mealsa","q_shopa"
314,3444,20261001,6,"q_chaira+q_climsa+q_dimea+q_dressa+q_moneya+q_toilta","q_chaira","q_climsa","q_dimea","q_dressa","q_moneya","q_toilta"
315,331,20261001,6,"q_shlt+q_chaira+q_stoopa+q_lifta+q_beda+q_shopa","q_shlt","q_chaira","q_stoopa","q_lifta","q_beda","q_shopa"
316,721,20261001,6,"q_shlt+q_chaira+q_dimea+q_dressa+q_beda+q_moneya","q_shlt","q_chaira","q_dimea","q_dressa","q_beda","q_moneya"
317,6193,20261001,6,"q_climsa+q_dressa+q_batha+q_moneya+q_medsa+q_mealsa","q_climsa","q_dressa","q_batha","q_moneya","q_medsa","q_mealsa"
318,4528,20261001,6,"q_chaira+q_lifta+q_eata+q_toilta+q_mealsa+q_shopa","q_chaira","q_lifta","q_eata","q_toilta","q_mealsa","q_shopa"
319,5373,20261001,6,"q_climsa+q_stoopa+q_armsa+q_medsa+q_mealsa+q_shopa","q_climsa","q_stoopa","q_armsa","q_medsa","q_mealsa","q_shopa"
320,6450,20261001,6,"q_stoopa+q_lifta+q_armsa+q_batha+q_beda+q_mealsa","q_stoopa","q_lifta","q_armsa","q_batha","q_beda","q_mealsa"
321,5240,20261001,6,"q_climsa+q_stoopa+q_dimea+q_batha+q_eata+q_shopa","q_climsa","q_stoopa","q_dimea","q_batha","q_eata","q_shopa"
322,7210,20261001,6,"q_lifta+q_dimea+q_dressa+q_beda+q_medsa+q_mealsa","q_lifta","q_dimea","q_dressa","q_beda","q_medsa","q_mealsa"
323,855,20261001,6,"q_shlt+q_chaira+q_armsa+q_eata+q_mealsa+q_shopa","q_shlt","q_chaira","q_armsa","q_eata","q_mealsa","q_shopa"
324,1324,20261001,6,"q_shlt+q_climsa+q_lifta+q_dressa+q_moneya+q_shopa","q_shlt","q_climsa","q_lifta","q_dressa","q_moneya","q_shopa"
325,4502,20261001,6,"q_chaira+q_lifta+q_batha+q_moneya+q_toilta+q_mealsa","q_chaira","q_lifta","q_batha","q_moneya","q_toilta","q_mealsa"
326,964,20261001,6,"q_shlt+q_chaira+q_batha+q_medsa+q_toilta+q_shopa","q_shlt","q_chaira","q_batha","q_medsa","q_toilta","q_shopa"
327,2901,20261001,6,"q_shlt+q_dressa+q_batha+q_beda+q_toilta+q_shopa","q_shlt","q_dressa","q_batha","q_beda","q_toilta","q_shopa"
328,7078,20261001,6,"q_stoopa+q_eata+q_medsa+q_toilta+q_mealsa+q_shopa","q_stoopa","q_eata","q_medsa","q_toilta","q_mealsa","q_shopa"
329,1600,20261001,6,"q_shlt+q_climsa+q_dressa+q_batha+q_beda+q_mealsa","q_shlt","q_climsa","q_dressa","q_batha","q_beda","q_mealsa"
330,5426,20261001,6,"q_climsa+q_stoopa+q_dressa+q_moneya+q_mealsa+q_shopa","q_climsa","q_stoopa","q_dressa","q_moneya","q_mealsa","q_shopa"
331,895,20261001,6,"q_shlt+q_chaira+q_dressa+q_batha+q_toilta+q_shopa","q_shlt","q_chaira","q_dressa","q_batha","q_toilta","q_shopa"
332,6988,20261001,6,"q_stoopa+q_dressa+q_batha+q_moneya+q_toilta+q_shopa","q_stoopa","q_dressa","q_batha","q_moneya","q_toilta","q_shopa"
333,578,20261001,6,"q_shlt+q_chaira+q_lifta+q_armsa+q_moneya+q_medsa","q_shlt","q_chaira","q_lifta","q_armsa","q_moneya","q_medsa"
334,4541,20261001,6,"q_chaira+q_lifta+q_moneya+q_medsa+q_mealsa+q_shopa","q_chaira","q_lifta","q_moneya","q_medsa","q_mealsa","q_shopa"
335,6174,20261001,6,"q_climsa+q_dressa+q_batha+q_eata+q_moneya+q_mealsa","q_climsa","q_dressa","q_batha","q_eata","q_moneya","q_mealsa"
336,4693,20261001,6,"q_chaira+q_dimea+q_batha+q_eata+q_medsa+q_toilta","q_chaira","q_dimea","q_batha","q_eata","q_medsa","q_toilta"
337,7368,20261001,6,"q_lifta+q_armsa+q_batha+q_beda+q_moneya+q_mealsa","q_lifta","q_armsa","q_batha","q_beda","q_moneya","q_mealsa"
338,6667,20261001,6,"q_stoopa+q_dimea+q_armsa+q_batha+q_medsa+q_mealsa","q_stoopa","q_dimea","q_armsa","q_batha","q_medsa","q_mealsa"
339,1410,20261001,6,"q_shlt+q_climsa+q_dimea+q_armsa+q_beda+q_toilta","q_shlt","q_climsa","q_dimea","q_armsa","q_beda","q_toilta"
340,2439,20261001,6,"q_shlt+q_lifta+q_dressa+q_eata+q_beda+q_toilta","q_shlt","q_lifta","q_dressa","q_eata","q_beda","q_toilta"
341,4404,20261001,6,"q_chaira+q_lifta+q_armsa+q_beda+q_medsa+q_shopa","q_chaira","q_lifta","q_armsa","q_beda","q_medsa","q_shopa"
342,7533,20261001,6,"q_lifta+q_eata+q_beda+q_medsa+q_toilta+q_shopa","q_lifta","q_eata","q_beda","q_medsa","q_toilta","q_shopa"
343,3345,20261001,6,"q_chaira+q_climsa+q_lifta+q_batha+q_moneya+q_toilta","q_chaira","q_climsa","q_lifta","q_batha","q_moneya","q_toilta"
344,6746,20261001,6,"q_stoopa+q_dimea+q_dressa+q_beda+q_moneya+q_shopa","q_stoopa","q_dimea","q_dressa","q_beda","q_moneya","q_shopa"
345,6509,20261001,6,"q_stoopa+q_lifta+q_dressa+q_batha+q_moneya+q_toilta","q_stoopa","q_lifta","q_dressa","q_batha","q_moneya","q_toilta"
346,2744,20261001,6,"q_shlt+q_dimea+q_beda+q_medsa+q_toilta+q_shopa","q_shlt","q_dimea","q_beda","q_medsa","q_toilta","q_shopa"
347,21,20261001,6,"q_shlt+q_chaira+q_climsa+q_stoopa+q_dimea+q_shopa","q_shlt","q_chaira","q_climsa","q_stoopa","q_dimea","q_shopa"
348,7974,20261001,6,"q_dressa+q_eata+q_medsa+q_toilta+q_mealsa+q_shopa","q_dressa","q_eata","q_medsa","q_toilta","q_mealsa","q_shopa"
349,7649,20261001,6,"q_dimea+q_armsa+q_eata+q_moneya+q_medsa+q_mealsa","q_dimea","q_armsa","q_eata","q_moneya","q_medsa","q_mealsa"
350,3475,20261001,6,"q_chaira+q_climsa+q_dimea+q_eata+q_beda+q_medsa","q_chaira","q_climsa","q_dimea","q_eata","q_beda","q_medsa"
351,7062,20261001,6,"q_stoopa+q_batha+q_moneya+q_toilta+q_mealsa+q_shopa","q_stoopa","q_batha","q_moneya","q_toilta","q_mealsa","q_shopa"
352,2390,20261001,6,"q_shlt+q_lifta+q_armsa+q_eata+q_medsa+q_toilta","q_shlt","q_lifta","q_armsa","q_eata","q_medsa","q_toilta"
353,4438,20261001,6,"q_chaira+q_lifta+q_dressa+q_batha+q_mealsa+q_shopa","q_chaira","q_lifta","q_dressa","q_batha","q_mealsa","q_shopa"
354,3402,20261001,6,"q_chaira+q_climsa+q_dimea+q_armsa+q_batha+q_mealsa","q_chaira","q_climsa","q_dimea","q_armsa","q_batha","q_mealsa"
355,4504,20261001,6,"q_chaira+q_lifta+q_batha+q_moneya+q_mealsa+q_shopa","q_chaira","q_lifta","q_batha","q_moneya","q_mealsa","q_shopa"
356,83,20261001,6,"q_shlt+q_chaira+q_climsa+q_lifta+q_armsa+q_toilta","q_shlt","q_chaira","q_climsa","q_lifta","q_armsa","q_toilta"
357,2559,20261001,6,"q_shlt+q_dimea+q_armsa+q_dressa+q_beda+q_shopa","q_shlt","q_dimea","q_armsa","q_dressa","q_beda","q_shopa"
358,6936,20261001,6,"q_stoopa+q_armsa+q_eata+q_moneya+q_medsa+q_shopa","q_stoopa","q_armsa","q_eata","q_moneya","q_medsa","q_shopa"
359,4874,20261001,6,"q_chaira+q_armsa+q_beda+q_toilta+q_mealsa+q_shopa","q_chaira","q_armsa","q_beda","q_toilta","q_mealsa","q_shopa"
360,1233,20261001,6,"q_shlt+q_climsa+q_lifta+q_dimea+q_dressa+q_beda","q_shlt","q_climsa","q_lifta","q_dimea","q_dressa","q_beda"
361,4828,20261001,6,"q_chaira+q_armsa+q_batha+q_beda+q_moneya+q_shopa","q_chaira","q_armsa","q_batha","q_beda","q_moneya","q_shopa"
362,1435,20261001,6,"q_shlt+q_climsa+q_dimea+q_dressa+q_eata+q_shopa","q_shlt","q_climsa","q_dimea","q_dressa","q_eata","q_shopa"
363,7654,20261001,6,"q_dimea+q_armsa+q_eata+q_medsa+q_toilta+q_mealsa","q_dimea","q_armsa","q_eata","q_medsa","q_toilta","q_mealsa"
364,5262,20261001,6,"q_climsa+q_stoopa+q_dimea+q_eata+q_moneya+q_toilta","q_climsa","q_stoopa","q_dimea","q_eata","q_moneya","q_toilta"
365,7670,20261001,6,"q_dimea+q_armsa+q_moneya+q_medsa+q_mealsa+q_shopa","q_dimea","q_armsa","q_moneya","q_medsa","q_mealsa","q_shopa"
366,1891,20261001,6,"q_shlt+q_stoopa+q_dimea+q_armsa+q_batha+q_beda","q_shlt","q_stoopa","q_dimea","q_armsa","q_batha","q_beda"
367,6728,20261001,6,"q_stoopa+q_dimea+q_dressa+q_eata+q_beda+q_moneya","q_stoopa","q_dimea","q_dressa","q_eata","q_beda","q_moneya"
368,4852,20261001,6,"q_chaira+q_armsa+q_eata+q_beda+q_toilta+q_mealsa","q_chaira","q_armsa","q_eata","q_beda","q_toilta","q_mealsa"
369,1108,20261001,6,"q_shlt+q_climsa+q_stoopa+q_armsa+q_dressa+q_mealsa","q_shlt","q_climsa","q_stoopa","q_armsa","q_dressa","q_mealsa"
370,6268,20261001,6,"q_climsa+q_batha+q_moneya+q_medsa+q_toilta+q_shopa","q_climsa","q_batha","q_moneya","q_medsa","q_toilta","q_shopa"
371,5549,20261001,6,"q_climsa+q_lifta+q_dimea+q_dressa+q_eata+q_shopa","q_climsa","q_lifta","q_dimea","q_dressa","q_eata","q_shopa"
372,911,20261001,6,"q_shlt+q_chaira+q_dressa+q_eata+q_mealsa+q_shopa","q_shlt","q_chaira","q_dressa","q_eata","q_mealsa","q_shopa"
373,1588,20261001,6,"q_shlt+q_climsa+q_armsa+q_medsa+q_toilta+q_shopa","q_shlt","q_climsa","q_armsa","q_medsa","q_toilta","q_shopa"
374,6099,20261001,6,"q_climsa+q_armsa+q_batha+q_eata+q_beda+q_toilta","q_climsa","q_armsa","q_batha","q_eata","q_beda","q_toilta"
375,572,20261001,6,"q_shlt+q_chaira+q_lifta+q_armsa+q_eata+q_shopa","q_shlt","q_chaira","q_lifta","q_armsa","q_eata","q_shopa"
376,3461,20261001,6,"q_chaira+q_climsa+q_dimea+q_batha+q_beda+q_toilta","q_chaira","q_climsa","q_dimea","q_batha","q_beda","q_toilta"
377,6342,20261001,6,"q_stoopa+q_lifta+q_dimea+q_dressa+q_beda+q_moneya","q_stoopa","q_lifta","q_dimea","q_dressa","q_beda","q_moneya"
378,1501,20261001,6,"q_shlt+q_climsa+q_dimea+q_moneya+q_toilta+q_shopa","q_shlt","q_climsa","q_dimea","q_moneya","q_toilta","q_shopa"
379,2171,20261001,6,"q_shlt+q_stoopa+q_batha+q_moneya+q_toilta+q_shopa","q_shlt","q_stoopa","q_batha","q_moneya","q_toilta","q_shopa"
380,1301,20261001,6,"q_shlt+q_climsa+q_lifta+q_armsa+q_toilta+q_shopa","q_shlt","q_climsa","q_lifta","q_armsa","q_toilta","q_shopa"
381,4994,20261001,6,"q_chaira+q_eata+q_beda+q_toilta+q_mealsa+q_shopa","q_chaira","q_eata","q_beda","q_toilta","q_mealsa","q_shopa"
382,1029,20261001,6,"q_shlt+q_climsa+q_stoopa+q_lifta+q_batha+q_eata","q_shlt","q_climsa","q_stoopa","q_lifta","q_batha","q_eata"
383,7784,20261001,6,"q_dimea+q_eata+q_beda+q_medsa+q_toilta+q_mealsa","q_dimea","q_eata","q_beda","q_medsa","q_toilta","q_mealsa"
384,1050,20261001,6,"q_shlt+q_climsa+q_stoopa+q_lifta+q_moneya+q_shopa","q_shlt","q_climsa","q_stoopa","q_lifta","q_moneya","q_shopa"
385,5437,20261001,6,"q_climsa+q_stoopa+q_batha+q_eata+q_moneya+q_toilta","q_climsa","q_stoopa","q_batha","q_eata","q_moneya","q_toilta"
386,7416,20261001,6,"q_lifta+q_armsa+q_moneya+q_medsa+q_toilta+q_mealsa","q_lifta","q_armsa","q_moneya","q_medsa","q_toilta","q_mealsa"
387,77,20261001,6,"q_shlt+q_chaira+q_climsa+q_lifta+q_armsa+q_dressa","q_shlt","q_chaira","q_climsa","q_lifta","q_armsa","q_dressa"
388,5989,20261001,6,"q_climsa+q_dimea+q_batha+q_beda+q_moneya+q_shopa","q_climsa","q_dimea","q_batha","q_beda","q_moneya","q_shopa"
389,4236,20261001,6,"q_chaira+q_lifta+q_dimea+q_armsa+q_beda+q_medsa","q_chaira","q_lifta","q_dimea","q_armsa","q_beda","q_medsa"
390,4445,20261001,6,"q_chaira+q_lifta+q_dressa+q_eata+q_moneya+q_toilta","q_chaira","q_lifta","q_dressa","q_eata","q_moneya","q_toilta"
391,737,20261001,6,"q_shlt+q_chaira+q_dimea+q_batha+q_eata+q_moneya","q_shlt","q_chaira","q_dimea","q_batha","q_eata","q_moneya"
392,5311,20261001,6,"q_climsa+q_stoopa+q_armsa+q_dressa+q_moneya+q_mealsa","q_climsa","q_stoopa","q_armsa","q_dressa","q_moneya","q_mealsa"
393,1491,20261001,6,"q_shlt+q_climsa+q_dimea+q_beda+q_medsa+q_toilta","q_shlt","q_climsa","q_dimea","q_beda","q_medsa","q_toilta"
394,3019,20261001,6,"q_chaira+q_climsa+q_stoopa+q_lifta+q_armsa+q_medsa","q_chaira","q_climsa","q_stoopa","q_lifta","q_armsa","q_medsa"
395,4476,20261001,6,"q_chaira+q_lifta+q_batha+q_eata+q_beda+q_toilta","q_chaira","q_lifta","q_batha","q_eata","q_beda","q_toilta"
396,2007,20261001,6,"q_shlt+q_stoopa+q_armsa+q_dressa+q_batha+q_mealsa","q_shlt","q_stoopa","q_armsa","q_dressa","q_batha","q_mealsa"
397,7251,20261001,6,"q_lifta+q_dimea+q_batha+q_moneya+q_medsa+q_mealsa","q_lifta","q_dimea","q_batha","q_moneya","q_medsa","q_mealsa"
398,5597,20261001,6,"q_climsa+q_lifta+q_dimea+q_eata+q_medsa+q_shopa","q_climsa","q_lifta","q_dimea","q_eata","q_medsa","q_shopa"
399,3688,20261001,6,"q_chaira+q_climsa+q_eata+q_beda+q_medsa+q_toilta","q_chaira","q_climsa","q_eata","q_beda","q_medsa","q_toilta"
400,460,20261001,6,"q_shlt+q_chaira+q_stoopa+q_batha+q_beda+q_mealsa","q_shlt","q_chaira","q_stoopa","q_batha","q_beda","q_mealsa"
401,1546,20261001,6,"q_shlt+q_climsa+q_armsa+q_batha+q_moneya+q_medsa","q_shlt","q_climsa","q_armsa","q_batha","q_moneya","q_medsa"
402,1218,20261001,6,"q_shlt+q_climsa+q_stoopa+q_medsa+q_toilta+q_mealsa","q_shlt","q_climsa","q_stoopa","q_medsa","q_toilta","q_mealsa"
403,1155,20261001,6,"q_shlt+q_climsa+q_stoopa+q_dressa+q_beda+q_shopa","q_shlt","q_climsa","q_stoopa","q_dressa","q_beda","q_shopa"
404,6061,20261001,6,"q_climsa+q_armsa+q_dressa+q_batha+q_mealsa+q_shopa","q_climsa","q_armsa","q_dressa","q_batha","q_mealsa","q_shopa"
405,4354,20261001,6,"q_chaira+q_lifta+q_armsa+q_dressa+q_moneya+q_mealsa","q_chaira","q_lifta","q_armsa","q_dressa","q_moneya","q_mealsa"
406,3039,20261001,6,"q_chaira+q_climsa+q_stoopa+q_lifta+q_eata+q_moneya","q_chaira","q_climsa","q_stoopa","q_lifta","q_eata","q_moneya"
407,6173,20261001,6,"q_climsa+q_dressa+q_batha+q_eata+q_moneya+q_toilta","q_climsa","q_dressa","q_batha","q_eata","q_moneya","q_toilta"
408,5162,20261001,6,"q_climsa+q_stoopa+q_lifta+q_moneya+q_medsa+q_mealsa","q_climsa","q_stoopa","q_lifta","q_moneya","q_medsa","q_mealsa"
409,153,20261001,6,"q_shlt+q_chaira+q_climsa+q_dimea+q_beda+q_medsa","q_shlt","q_chaira","q_climsa","q_dimea","q_beda","q_medsa"
410,4188,20261001,6,"q_chaira+q_stoopa+q_eata+q_beda+q_mealsa+q_shopa","q_chaira","q_stoopa","q_eata","q_beda","q_mealsa","q_shopa"
411,1980,20261001,6,"q_shlt+q_stoopa+q_dimea+q_eata+q_toilta+q_shopa","q_shlt","q_stoopa","q_dimea","q_eata","q_toilta","q_shopa"
412,1675,20261001,6,"q_shlt+q_climsa+q_batha+q_moneya+q_toilta+q_mealsa","q_shlt","q_climsa","q_batha","q_moneya","q_toilta","q_mealsa"
413,4059,20261001,6,"q_chaira+q_stoopa+q_armsa+q_eata+q_moneya+q_toilta","q_chaira","q_stoopa","q_armsa","q_eata","q_moneya","q_toilta"
414,5308,20261001,6,"q_climsa+q_stoopa+q_armsa+q_dressa+q_beda+q_shopa","q_climsa","q_stoopa","q_armsa","q_dressa","q_beda","q_shopa"
415,5471,20261001,6,"q_climsa+q_stoopa+q_eata+q_beda+q_medsa+q_mealsa","q_climsa","q_stoopa","q_eata","q_beda","q_medsa","q_mealsa"
416,241,20261001,6,"q_shlt+q_chaira+q_climsa+q_batha+q_beda+q_shopa","q_shlt","q_chaira","q_climsa","q_batha","q_beda","q_shopa"
417,2912,20261001,6,"q_shlt+q_dressa+q_batha+q_toilta+q_mealsa+q_shopa","q_shlt","q_dressa","q_batha","q_toilta","q_mealsa","q_shopa"
418,1188,20261001,6,"q_shlt+q_climsa+q_stoopa+q_eata+q_beda+q_medsa","q_shlt","q_climsa","q_stoopa","q_eata","q_beda","q_medsa"
419,656,20261001,6,"q_shlt+q_chaira+q_lifta+q_beda+q_medsa+q_toilta","q_shlt","q_chaira","q_lifta","q_beda","q_medsa","q_toilta"
420,1474,20261001,6,"q_shlt+q_climsa+q_dimea+q_eata+q_beda+q_toilta","q_shlt","q_climsa","q_dimea","q_eata","q_beda","q_toilta"
421,6180,20261001,6,"q_climsa+q_dressa+q_batha+q_eata+q_toilta+q_shopa","q_climsa","q_dressa","q_batha","q_eata","q_toilta","q_shopa"
422,5166,20261001,6,"q_climsa+q_stoopa+q_lifta+q_moneya+q_mealsa+q_shopa","q_climsa","q_stoopa","q_lifta","q_moneya","q_mealsa","q_shopa"
423,4187,20261001,6,"q_chaira+q_stoopa+q_eata+q_beda+q_toilta+q_shopa","q_chaira","q_stoopa","q_eata","q_beda","q_toilta","q_shopa"
424,4291,20261001,6,"q_chaira+q_lifta+q_dimea+q_batha+q_moneya+q_mealsa","q_chaira","q_lifta","q_dimea","q_batha","q_moneya","q_mealsa"
425,6890,20261001,6,"q_stoopa+q_armsa+q_batha+q_eata+q_beda+q_medsa","q_stoopa","q_armsa","q_batha","q_eata","q_beda","q_medsa"
426,5695,20261001,6,"q_climsa+q_lifta+q_armsa+q_moneya+q_medsa+q_toilta","q_climsa","q_lifta","q_armsa","q_moneya","q_medsa","q_toilta"
427,5268,20261001,6,"q_climsa+q_stoopa+q_dimea+q_eata+q_toilta+q_mealsa","q_climsa","q_stoopa","q_dimea","q_eata","q_toilta","q_mealsa"
428,1972,20261001,6,"q_shlt+q_stoopa+q_dimea+q_eata+q_moneya+q_medsa","q_shlt","q_stoopa","q_dimea","q_eata","q_moneya","q_medsa"
429,3858,20261001,6,"q_chaira+q_stoopa+q_lifta+q_eata+q_medsa+q_toilta","q_chaira","q_stoopa","q_lifta","q_eata","q_medsa","q_toilta"
430,270,20261001,6,"q_shlt+q_chaira+q_climsa+q_beda+q_moneya+q_shopa","q_shlt","q_chaira","q_climsa","q_beda","q_moneya","q_shopa"
431,2031,20261001,6,"q_shlt+q_stoopa+q_armsa+q_batha+q_eata+q_moneya","q_shlt","q_stoopa","q_armsa","q_batha","q_eata","q_moneya"
432,634,20261001,6,"q_shlt+q_chaira+q_lifta+q_batha+q_toilta+q_mealsa","q_shlt","q_chaira","q_lifta","q_batha","q_toilta","q_mealsa"
433,932,20261001,6,"q_shlt+q_chaira+q_batha+q_eata+q_beda+q_moneya","q_shlt","q_chaira","q_batha","q_eata","q_beda","q_moneya"
434,2419,20261001,6,"q_shlt+q_lifta+q_dressa+q_batha+q_eata+q_toilta","q_shlt","q_lifta","q_dressa","q_batha","q_eata","q_toilta"
435,818,20261001,6,"q_shlt+q_chaira+q_armsa+q_dressa+q_toilta+q_shopa","q_shlt","q_chaira","q_armsa","q_dressa","q_toilta","q_shopa"
436,5341,20261001,6,"q_climsa+q_stoopa+q_armsa+q_eata+q_beda+q_medsa","q_climsa","q_stoopa","q_armsa","q_eata","q_beda","q_medsa"
437,4023,20261001,6,"q_chaira+q_stoopa+q_armsa+q_dressa+q_moneya+q_toilta","q_chaira","q_stoopa","q_armsa","q_dressa","q_moneya","q_toilta"
438,2886,20261001,6,"q_shlt+q_dressa+q_batha+q_eata+q_moneya+q_shopa","q_shlt","q_dressa","q_batha","q_eata","q_moneya","q_shopa"
439,7628,20261001,6,"q_dimea+q_armsa+q_batha+q_moneya+q_medsa+q_toilta","q_dimea","q_armsa","q_batha","q_moneya","q_medsa","q_toilta"
440,4592,20261001,6,"q_chaira+q_dimea+q_armsa+q_batha+q_mealsa+q_shopa","q_chaira","q_dimea","q_armsa","q_batha","q_mealsa","q_shopa"
441,6361,20261001,6,"q_stoopa+q_lifta+q_dimea+q_batha+q_eata+q_mealsa","q_stoopa","q_lifta","q_dimea","q_batha","q_eata","q_mealsa"
442,5053,20261001,6,"q_climsa+q_stoopa+q_lifta+q_armsa+q_dressa+q_beda","q_climsa","q_stoopa","q_lifta","q_armsa","q_dressa","q_beda"
443,995,20261001,6,"q_shlt+q_chaira+q_beda+q_medsa+q_mealsa+q_shopa","q_shlt","q_chaira","q_beda","q_medsa","q_mealsa","q_shopa"
444,3430,20261001,6,"q_chaira+q_climsa+q_dimea+q_dressa+q_batha+q_mealsa","q_chaira","q_climsa","q_dimea","q_dressa","q_batha","q_mealsa"
445,3926,20261001,6,"q_chaira+q_stoopa+q_dimea+q_dressa+q_batha+q_shopa","q_chaira","q_stoopa","q_dimea","q_dressa","q_batha","q_shopa"
446,7739,20261001,6,"q_dimea+q_dressa+q_moneya+q_medsa+q_toilta+q_shopa","q_dimea","q_dressa","q_moneya","q_medsa","q_toilta","q_shopa"
447,789,20261001,6,"q_shlt+q_chaira+q_dimea+q_medsa+q_toilta+q_shopa","q_shlt","q_chaira","q_dimea","q_medsa","q_toilta","q_shopa"
448,7901,20261001,6,"q_armsa+q_batha+q_moneya+q_medsa+q_mealsa+q_shopa","q_armsa","q_batha","q_moneya","q_medsa","q_mealsa","q_shopa"
449,778,20261001,6,"q_shlt+q_chaira+q_dimea+q_beda+q_medsa+q_shopa","q_shlt","q_chaira","q_dimea","q_beda","q_medsa","q_shopa"
450,3399,20261001,6,"q_chaira+q_climsa+q_dimea+q_armsa+q_batha+q_moneya","q_chaira","q_climsa","q_dimea","q_armsa","q_batha","q_moneya"
451,1621,20261001,6,"q_shlt+q_climsa+q_dressa+q_eata+q_medsa+q_toilta","q_shlt","q_climsa","q_dressa","q_eata","q_medsa","q_toilta"
452,4274,20261001,6,"q_chaira+q_lifta+q_dimea+q_dressa+q_medsa+q_shopa","q_chaira","q_lifta","q_dimea","q_dressa","q_medsa","q_shopa"
453,2342,20261001,6,"q_shlt+q_lifta+q_armsa+q_dressa+q_eata+q_toilta","q_shlt","q_lifta","q_armsa","q_dressa","q_eata","q_toilta"
454,7707,20261001,6,"q_dimea+q_dressa+q_batha+q_toilta+q_mealsa+q_shopa","q_dimea","q_dressa","q_batha","q_toilta","q_mealsa","q_shopa"
455,3125,20261001,6,"q_chaira+q_climsa+q_stoopa+q_armsa+q_beda+q_moneya","q_chaira","q_climsa","q_stoopa","q_armsa","q_beda","q_moneya"
456,5574,20261001,6,"q_climsa+q_lifta+q_dimea+q_batha+q_beda+q_mealsa","q_climsa","q_lifta","q_dimea","q_batha","q_beda","q_mealsa"
457,3458,20261001,6,"q_chaira+q_climsa+q_dimea+q_batha+q_eata+q_shopa","q_chaira","q_climsa","q_dimea","q_batha","q_eata","q_shopa"
458,6612,20261001,6,"q_stoopa+q_lifta+q_beda+q_moneya+q_toilta+q_shopa","q_stoopa","q_lifta","q_beda","q_moneya","q_toilta","q_shopa"
459,1144,20261001,6,"q_shlt+q_climsa+q_stoopa+q_dressa+q_batha+q_shopa","q_shlt","q_climsa","q_stoopa","q_dressa","q_batha","q_shopa"
460,6982,20261001,6,"q_stoopa+q_dressa+q_batha+q_beda+q_toilta+q_shopa","q_stoopa","q_dressa","q_batha","q_beda","q_toilta","q_shopa"
461,3756,20261001,6,"q_chaira+q_stoopa+q_lifta+q_dimea+q_moneya+q_mealsa","q_chaira","q_stoopa","q_lifta","q_dimea","q_moneya","q_mealsa"
462,2581,20261001,6,"q_shlt+q_dimea+q_armsa+q_batha+q_moneya+q_medsa","q_shlt","q_dimea","q_armsa","q_batha","q_moneya","q_medsa"
463,2975,20261001,6,"q_shlt+q_batha+q_beda+q_medsa+q_toilta+q_shopa","q_shlt","q_batha","q_beda","q_medsa","q_toilta","q_shopa"
464,5269,20261001,6,"q_climsa+q_stoopa+q_dimea+q_eata+q_toilta+q_shopa","q_climsa","q_stoopa","q_dimea","q_eata","q_toilta","q_shopa"
465,3120,20261001,6,"q_chaira+q_climsa+q_stoopa+q_armsa+q_eata+q_moneya","q_chaira","q_climsa","q_stoopa","q_armsa","q_eata","q_moneya"
466,6530,20261001,6,"q_stoopa+q_lifta+q_dressa+q_eata+q_toilta+q_mealsa","q_stoopa","q_lifta","q_dressa","q_eata","q_toilta","q_mealsa"
467,3637,20261001,6,"q_chaira+q_climsa+q_dressa+q_beda+q_toilta+q_shopa","q_chaira","q_climsa","q_dressa","q_beda","q_toilta","q_shopa"
468,6912,20261001,6,"q_stoopa+q_armsa+q_batha+q_beda+q_toilta+q_shopa","q_stoopa","q_armsa","q_batha","q_beda","q_toilta","q_shopa"
469,3850,20261001,6,"q_chaira+q_stoopa+q_lifta+q_eata+q_beda+q_medsa","q_chaira","q_stoopa","q_lifta","q_eata","q_beda","q_medsa"
470,4948,20261001,6,"q_chaira+q_dressa+q_moneya+q_toilta+q_mealsa+q_shopa","q_chaira","q_dressa","q_moneya","q_toilta","q_mealsa","q_shopa"
471,1464,20261001,6,"q_shlt+q_climsa+q_dimea+q_batha+q_moneya+q_mealsa","q_shlt","q_climsa","q_dimea","q_batha","q_moneya","q_mealsa"
472,7717,20261001,6,"q_dimea+q_dressa+q_eata+q_beda+q_mealsa+q_shopa","q_dimea","q_dressa","q_eata","q_beda","q_mealsa","q_shopa"
473,455,20261001,6,"q_shlt+q_chaira+q_stoopa+q_batha+q_eata+q_mealsa","q_shlt","q_chaira","q_stoopa","q_batha","q_eata","q_mealsa"
474,7599,20261001,6,"q_dimea+q_armsa+q_dressa+q_medsa+q_toilta+q_mealsa","q_dimea","q_armsa","q_dressa","q_medsa","q_toilta","q_mealsa"
475,2781,20261001,6,"q_shlt+q_armsa+q_dressa+q_eata+q_moneya+q_shopa","q_shlt","q_armsa","q_dressa","q_eata","q_moneya","q_shopa"
476,3213,20261001,6,"q_chaira+q_climsa+q_stoopa+q_beda+q_mealsa+q_shopa","q_chaira","q_climsa","q_stoopa","q_beda","q_mealsa","q_shopa"
477,5674,20261001,6,"q_climsa+q_lifta+q_armsa+q_eata+q_beda+q_shopa","q_climsa","q_lifta","q_armsa","q_eata","q_beda","q_shopa"
478,5613,20261001,6,"q_climsa+q_lifta+q_dimea+q_moneya+q_medsa+q_shopa","q_climsa","q_lifta","q_dimea","q_moneya","q_medsa","q_shopa"
479,5601,20261001,6,"q_climsa+q_lifta+q_dimea+q_beda+q_moneya+q_medsa","q_climsa","q_lifta","q_dimea","q_beda","q_moneya","q_medsa"
480,1657,20261001,6,"q_shlt+q_climsa+q_batha+q_eata+q_medsa+q_mealsa","q_shlt","q_climsa","q_batha","q_eata","q_medsa","q_mealsa"
481,3367,20261001,6,"q_chaira+q_climsa+q_lifta+q_eata+q_toilta+q_shopa","q_chaira","q_climsa","q_lifta","q_eata","q_toilta","q_shopa"
482,3627,20261001,6,"q_chaira+q_climsa+q_dressa+q_eata+q_toilta+q_shopa","q_chaira","q_climsa","q_dressa","q_eata","q_toilta","q_shopa"
483,6998,20261001,6,"q_stoopa+q_dressa+q_eata+q_beda+q_medsa+q_toilta","q_stoopa","q_dressa","q_eata","q_beda","q_medsa","q_toilta"
484,5879,20261001,6,"q_climsa+q_dimea+q_armsa+q_batha+q_mealsa+q_shopa","q_climsa","q_dimea","q_armsa","q_batha","q_mealsa","q_shopa"
485,6816,20261001,6,"q_stoopa+q_dimea+q_eata+q_medsa+q_mealsa+q_shopa","q_stoopa","q_dimea","q_eata","q_medsa","q_mealsa","q_shopa"
486,6707,20261001,6,"q_stoopa+q_dimea+q_dressa+q_batha+q_eata+q_beda","q_stoopa","q_dimea","q_dressa","q_batha","q_eata","q_beda"
487,935,20261001,6,"q_shlt+q_chaira+q_batha+q_eata+q_beda+q_mealsa","q_shlt","q_chaira","q_batha","q_eata","q_beda","q_mealsa"
488,4336,20261001,6,"q_chaira+q_lifta+q_armsa+q_dressa+q_batha+q_moneya","q_chaira","q_lifta","q_armsa","q_dressa","q_batha","q_moneya"
489,2410,20261001,6,"q_shlt+q_lifta+q_armsa+q_moneya+q_toilta+q_shopa","q_shlt","q_lifta","q_armsa","q_moneya","q_toilta","q_shopa"
490,68,20261001,6,"q_shlt+q_chaira+q_climsa+q_lifta+q_dimea+q_dressa","q_shlt","q_chaira","q_climsa","q_lifta","q_dimea","q_dressa"
491,7423,20261001,6,"q_lifta+q_dressa+q_batha+q_eata+q_beda+q_toilta","q_lifta","q_dressa","q_batha","q_eata","q_beda","q_toilta"
492,5965,20261001,6,"q_climsa+q_dimea+q_dressa+q_moneya+q_toilta+q_shopa","q_climsa","q_dimea","q_dressa","q_moneya","q_toilta","q_shopa"
493,7199,20261001,6,"q_lifta+q_dimea+q_dressa+q_eata+q_medsa+q_toilta","q_lifta","q_dimea","q_dressa","q_eata","q_medsa","q_toilta"
494,1832,20261001,6,"q_shlt+q_stoopa+q_lifta+q_batha+q_beda+q_moneya","q_shlt","q_stoopa","q_lifta","q_batha","q_beda","q_moneya"
495,2495,20261001,6,"q_shlt+q_lifta+q_batha+q_beda+q_toilta+q_shopa","q_shlt","q_lifta","q_batha","q_beda","q_toilta","q_shopa"
496,476,20261001,6,"q_shlt+q_chaira+q_stoopa+q_eata+q_beda+q_shopa","q_shlt","q_chaira","q_stoopa","q_eata","q_beda","q_shopa"
497,7482,20261001,6,"q_lifta+q_dressa+q_beda+q_medsa+q_toilta+q_mealsa","q_lifta","q_dressa","q_beda","q_medsa","q_toilta","q_mealsa"
498,4076,20261001,6,"q_chaira+q_stoopa+q_armsa+q_beda+q_toilta+q_shopa","q_chaira","q_stoopa","q_armsa","q_beda","q_toilta","q_shopa"
499,6470,20261001,6,"q_stoopa+q_lifta+q_armsa+q_eata+q_moneya+q_shopa","q_stoopa","q_lifta","q_armsa","q_eata","q_moneya","q_shopa"
500,6515,20261001,6,"q_stoopa+q_lifta+q_dressa+q_batha+q_toilta+q_mealsa","q_stoopa","q_lifta","q_dressa","q_batha","q_toilta","q_mealsa"
501,3542,20261001,6,"q_chaira+q_climsa+q_armsa+q_batha+q_eata+q_shopa","q_chaira","q_climsa","q_armsa","q_batha","q_eata","q_shopa"
502,5800,20261001,6,"q_climsa+q_lifta+q_eata+q_beda+q_medsa+q_toilta","q_climsa","q_lifta","q_eata","q_beda","q_medsa","q_toilta"
503,2634,20261001,6,"q_shlt+q_dimea+q_dressa+q_batha+q_beda+q_toilta","q_shlt","q_dimea","q_dressa","q_batha","q_beda","q_toilta"
504,4935,20261001,6,"q_chaira+q_dressa+q_beda+q_moneya+q_medsa+q_toilta","q_chaira","q_dressa","q_beda","q_moneya","q_medsa","q_toilta"
505,4653,20261001,6,"q_chaira+q_dimea+q_dressa+q_eata+q_beda+q_shopa","q_chaira","q_dimea","q_dressa","q_eata","q_beda","q_shopa"
506,826,20261001,6,"q_shlt+q_chaira+q_armsa+q_batha+q_beda+q_moneya","q_shlt","q_chaira","q_armsa","q_batha","q_beda","q_moneya"
507,7729,20261001,6,"q_dimea+q_dressa+q_beda+q_moneya+q_medsa+q_mealsa","q_dimea","q_dressa","q_beda","q_moneya","q_medsa","q_mealsa"
508,7828,20261001,6,"q_armsa+q_dressa+q_batha+q_moneya+q_toilta+q_shopa","q_armsa","q_dressa","q_batha","q_moneya","q_toilta","q_shopa"
509,2652,20261001,6,"q_shlt+q_dimea+q_dressa+q_eata+q_moneya+q_medsa","q_shlt","q_dimea","q_dressa","q_eata","q_moneya","q_medsa"
510,3610,20261001,6,"q_chaira+q_climsa+q_dressa+q_batha+q_medsa+q_shopa","q_chaira","q_climsa","q_dressa","q_batha","q_medsa","q_shopa"
511,7290,20261001,6,"q_lifta+q_dimea+q_moneya+q_medsa+q_toilta+q_mealsa","q_lifta","q_dimea","q_moneya","q_medsa","q_toilta","q_mealsa"
512,4114,20261001,6,"q_chaira+q_stoopa+q_dressa+q_eata+q_moneya+q_medsa","q_chaira","q_stoopa","q_dressa","q_eata","q_moneya","q_medsa"
513,7195,20261001,6,"q_lifta+q_dimea+q_dressa+q_eata+q_moneya+q_medsa","q_lifta","q_dimea","q_dressa","q_eata","q_moneya","q_medsa"
514,7757,20261001,6,"q_dimea+q_batha+q_eata+q_moneya+q_toilta+q_shopa","q_dimea","q_batha","q_eata","q_moneya","q_toilta","q_shopa"
515,6983,20261001,6,"q_stoopa+q_dressa+q_batha+q_beda+q_mealsa+q_shopa","q_stoopa","q_dressa","q_batha","q_beda","q_mealsa","q_shopa"
516,2738,20261001,6,"q_shlt+q_dimea+q_beda+q_moneya+q_medsa+q_mealsa","q_shlt","q_dimea","q_beda","q_moneya","q_medsa","q_mealsa"
517,7955,20261001,6,"q_dressa+q_batha+q_moneya+q_medsa+q_toilta+q_mealsa","q_dressa","q_batha","q_moneya","q_medsa","q_toilta","q_mealsa"
518,3698,20261001,6,"q_chaira+q_climsa+q_eata+q_moneya+q_toilta+q_shopa","q_chaira","q_climsa","q_eata","q_moneya","q_toilta","q_shopa"
519,2911,20261001,6,"q_shlt+q_dressa+q_batha+q_medsa+q_mealsa+q_shopa","q_shlt","q_dressa","q_batha","q_medsa","q_mealsa","q_shopa"
520,3896,20261001,6,"q_chaira+q_stoopa+q_dimea+q_armsa+q_batha+q_toilta","q_chaira","q_stoopa","q_dimea","q_armsa","q_batha","q_toilta"
521,1551,20261001,6,"q_shlt+q_climsa+q_armsa+q_batha+q_medsa+q_mealsa","q_shlt","q_climsa","q_armsa","q_batha","q_medsa","q_mealsa"
522,4956,20261001,6,"q_chaira+q_batha+q_eata+q_beda+q_medsa+q_shopa","q_chaira","q_batha","q_eata","q_beda","q_medsa","q_shopa"
523,5809,20261001,6,"q_climsa+q_lifta+q_eata+q_moneya+q_toilta+q_mealsa","q_climsa","q_lifta","q_eata","q_moneya","q_toilta","q_mealsa"
524,886,20261001,6,"q_shlt+q_chaira+q_dressa+q_batha+q_beda+q_shopa","q_shlt","q_chaira","q_dressa","q_batha","q_beda","q_shopa"
525,3144,20261001,6,"q_chaira+q_climsa+q_stoopa+q_dressa+q_batha+q_toilta","q_chaira","q_climsa","q_stoopa","q_dressa","q_batha","q_toilta"
526,324,20261001,6,"q_shlt+q_chaira+q_stoopa+q_lifta+q_eata+q_toilta","q_shlt","q_chaira","q_stoopa","q_lifta","q_eata","q_toilta"
527,4428,20261001,6,"q_chaira+q_lifta+q_dressa+q_batha+q_beda+q_shopa","q_chaira","q_lifta","q_dressa","q_batha","q_beda","q_shopa"
528,738,20261001,6,"q_shlt+q_chaira+q_dimea+q_batha+q_eata+q_medsa","q_shlt","q_chaira","q_dimea","q_batha","q_eata","q_medsa"
529,3957,20261001,6,"q_chaira+q_stoopa+q_dimea+q_batha+q_beda+q_mealsa","q_chaira","q_stoopa","q_dimea","q_batha","q_beda","q_mealsa"
530,815,20261001,6,"q_shlt+q_chaira+q_armsa+q_dressa+q_medsa+q_mealsa","q_shlt","q_chaira","q_armsa","q_dressa","q_medsa","q_mealsa"
531,7958,20261001,6,"q_dressa+q_batha+q_moneya+q_toilta+q_mealsa+q_shopa","q_dressa","q_batha","q_moneya","q_toilta","q_mealsa","q_shopa"
532,6302,20261001,6,"q_stoopa+q_lifta+q_dimea+q_armsa+q_batha+q_beda","q_stoopa","q_lifta","q_dimea","q_armsa","q_batha","q_beda"
533,5485,20261001,6,"q_climsa+q_stoopa+q_eata+q_toilta+q_mealsa+q_shopa","q_climsa","q_stoopa","q_eata","q_toilta","q_mealsa","q_shopa"
534,5856,20261001,6,"q_climsa+q_dimea+q_armsa+q_dressa+q_toilta+q_mealsa","q_climsa","q_dimea","q_armsa","q_dressa","q_toilta","q_mealsa"
535,4898,20261001,6,"q_chaira+q_dressa+q_batha+q_beda+q_moneya+q_shopa","q_chaira","q_dressa","q_batha","q_beda","q_moneya","q_shopa"
536,6145,20261001,6,"q_climsa+q_armsa+q_eata+q_moneya+q_toilta+q_mealsa","q_climsa","q_armsa","q_eata","q_moneya","q_toilta","q_mealsa"
537,591,20261001,6,"q_shlt+q_chaira+q_lifta+q_dressa+q_batha+q_medsa","q_shlt","q_chaira","q_lifta","q_dressa","q_batha","q_medsa"
538,6679,20261001,6,"q_stoopa+q_dimea+q_armsa+q_eata+q_moneya+q_mealsa","q_stoopa","q_dimea","q_armsa","q_eata","q_moneya","q_mealsa"
539,3709,20261001,6,"q_chaira+q_climsa+q_beda+q_moneya+q_mealsa+q_shopa","q_chaira","q_climsa","q_beda","q_moneya","q_mealsa","q_shopa"
540,4648,20261001,6,"q_chaira+q_dimea+q_dressa+q_batha+q_mealsa+q_shopa","q_chaira","q_dimea","q_dressa","q_batha","q_mealsa","q_shopa"
541,1120,20261001,6,"q_shlt+q_climsa+q_stoopa+q_armsa+q_eata+q_toilta","q_shlt","q_climsa","q_stoopa","q_armsa","q_eata","q_toilta"
542,3021,20261001,6,"q_chaira+q_climsa+q_stoopa+q_lifta+q_armsa+q_mealsa","q_chaira","q_climsa","q_stoopa","q_lifta","q_armsa","q_mealsa"
543,1207,20261001,6,"q_shlt+q_climsa+q_stoopa+q_beda+q_medsa+q_mealsa","q_shlt","q_climsa","q_stoopa","q_beda","q_medsa","q_mealsa"
544,255,20261001,6,"q_shlt+q_chaira+q_climsa+q_eata+q_beda+q_mealsa","q_shlt","q_chaira","q_climsa","q_eata","q_beda","q_mealsa"
545,6851,20261001,6,"q_stoopa+q_armsa+q_dressa+q_batha+q_toilta+q_mealsa","q_stoopa","q_armsa","q_dressa","q_batha","q_toilta","q_mealsa"
546,5318,20261001,6,"q_climsa+q_stoopa+q_armsa+q_dressa+q_mealsa+q_shopa","q_climsa","q_stoopa","q_armsa","q_dressa","q_mealsa","q_shopa"
547,3717,20261001,6,"q_chaira+q_climsa+q_moneya+q_toilta+q_mealsa+q_shopa","q_chaira","q_climsa","q_moneya","q_toilta","q_mealsa","q_shopa"
548,327,20261001,6,"q_shlt+q_chaira+q_stoopa+q_lifta+q_beda+q_moneya","q_shlt","q_chaira","q_stoopa","q_lifta","q_beda","q_moneya"
549,3950,20261001,6,"q_chaira+q_stoopa+q_dimea+q_batha+q_eata+q_medsa","q_chaira","q_stoopa","q_dimea","q_batha","q_eata","q_medsa"
550,2497,20261001,6,"q_shlt+q_lifta+q_batha+q_moneya+q_medsa+q_toilta","q_shlt","q_lifta","q_batha","q_moneya","q_medsa","q_toilta"
551,5938,20261001,6,"q_climsa+q_dimea+q_dressa+q_eata+q_beda+q_toilta","q_climsa","q_dimea","q_dressa","q_eata","q_beda","q_toilta"
552,3240,20261001,6,"q_chaira+q_climsa+q_lifta+q_dimea+q_dressa+q_shopa","q_chaira","q_climsa","q_lifta","q_dimea","q_dressa","q_shopa"
553,6655,20261001,6,"q_stoopa+q_dimea+q_armsa+q_batha+q_eata+q_mealsa","q_stoopa","q_dimea","q_armsa","q_batha","q_eata","q_mealsa"
554,4305,20261001,6,"q_chaira+q_lifta+q_dimea+q_eata+q_moneya+q_toilta","q_chaira","q_lifta","q_dimea","q_eata","q_moneya","q_toilta"
555,6335,20261001,6,"q_stoopa+q_lifta+q_dimea+q_dressa+q_batha+q_shopa","q_stoopa","q_lifta","q_dimea","q_dressa","q_batha","q_shopa"
556,3757,20261001,6,"q_chaira+q_stoopa+q_lifta+q_dimea+q_moneya+q_shopa","q_chaira","q_stoopa","q_lifta","q_dimea","q_moneya","q_shopa"
557,7255,20261001,6,"q_lifta+q_dimea+q_batha+q_moneya+q_mealsa+q_shopa","q_lifta","q_dimea","q_batha","q_moneya","q_mealsa","q_shopa"
558,3634,20261001,6,"q_chaira+q_climsa+q_dressa+q_beda+q_medsa+q_mealsa","q_chaira","q_climsa","q_dressa","q_beda","q_medsa","q_mealsa"
559,762,20261001,6,"q_shlt+q_chaira+q_dimea+q_eata+q_moneya+q_medsa","q_shlt","q_chaira","q_dimea","q_eata","q_moneya","q_medsa"
560,6828,20261001,6,"q_stoopa+q_dimea+q_moneya+q_medsa+q_toilta+q_mealsa","q_stoopa","q_dimea","q_moneya","q_medsa","q_toilta","q_mealsa"
561,3442,20261001,6,"q_chaira+q_climsa+q_dimea+q_dressa+q_beda+q_shopa","q_chaira","q_climsa","q_dimea","q_dressa","q_beda","q_shopa"
562,5827,20261001,6,"q_climsa+q_lifta+q_moneya+q_medsa+q_toilta+q_shopa","q_climsa","q_lifta","q_moneya","q_medsa","q_toilta","q_shopa"
563,1363,20261001,6,"q_shlt+q_climsa+q_lifta+q_eata+q_medsa+q_shopa","q_shlt","q_climsa","q_lifta","q_eata","q_medsa","q_shopa"
564,4213,20261001,6,"q_chaira+q_stoopa+q_medsa+q_toilta+q_mealsa+q_shopa","q_chaira","q_stoopa","q_medsa","q_toilta","q_mealsa","q_shopa"
565,6223,20261001,6,"q_climsa+q_dressa+q_beda+q_moneya+q_medsa+q_mealsa","q_climsa","q_dressa","q_beda","q_moneya","q_medsa","q_mealsa"
566,7154,20261001,6,"q_lifta+q_dimea+q_armsa+q_beda+q_medsa+q_mealsa","q_lifta","q_dimea","q_armsa","q_beda","q_medsa","q_mealsa"
567,6529,20261001,6,"q_stoopa+q_lifta+q_dressa+q_eata+q_medsa+q_shopa","q_stoopa","q_lifta","q_dressa","q_eata","q_medsa","q_shopa"
568,1192,20261001,6,"q_shlt+q_climsa+q_stoopa+q_eata+q_moneya+q_medsa","q_shlt","q_climsa","q_stoopa","q_eata","q_moneya","q_medsa"
569,2787,20261001,6,"q_shlt+q_armsa+q_dressa+q_eata+q_mealsa+q_shopa","q_shlt","q_armsa","q_dressa","q_eata","q_mealsa","q_shopa"
570,1850,20261001,6,"q_shlt+q_stoopa+q_lifta+q_eata+q_beda+q_mealsa","q_shlt","q_stoopa","q_lifta","q_eata","q_beda","q_mealsa"
571,5382,20261001,6,"q_climsa+q_stoopa+q_dressa+q_batha+q_beda+q_medsa","q_climsa","q_stoopa","q_dressa","q_batha","q_beda","q_medsa"
572,1627,20261001,6,"q_shlt+q_climsa+q_dressa+q_beda+q_moneya+q_medsa","q_shlt","q_climsa","q_dressa","q_beda","q_moneya","q_medsa"
573,1716,20261001,6,"q_shlt+q_climsa+q_medsa+q_toilta+q_mealsa+q_shopa","q_shlt","q_climsa","q_medsa","q_toilta","q_mealsa","q_shopa"
574,1269,20261001,6,"q_shlt+q_climsa+q_lifta+q_armsa+q_dressa+q_beda","q_shlt","q_climsa","q_lifta","q_armsa","q_dressa","q_beda"
575,252,20261001,6,"q_shlt+q_chaira+q_climsa+q_eata+q_beda+q_moneya","q_shlt","q_chaira","q_climsa","q_eata","q_beda","q_moneya"
576,3852,20261001,6,"q_chaira+q_stoopa+q_lifta+q_eata+q_beda+q_mealsa","q_chaira","q_stoopa","q_lifta","q_eata","q_beda","q_mealsa"
577,3209,20261001,6,"q_chaira+q_climsa+q_stoopa+q_beda+q_medsa+q_mealsa","q_chaira","q_climsa","q_stoopa","q_beda","q_medsa","q_mealsa"
578,5669,20261001,6,"q_climsa+q_lifta+q_armsa+q_batha+q_mealsa+q_shopa","q_climsa","q_lifta","q_armsa","q_batha","q_mealsa","q_shopa"
579,2251,20261001,6,"q_shlt+q_lifta+q_dimea+q_dressa+q_batha+q_medsa","q_shlt","q_lifta","q_dimea","q_dressa","q_batha","q_medsa"
580,5392,20261001,6,"q_climsa+q_stoopa+q_dressa+q_batha+q_medsa+q_shopa","q_climsa","q_stoopa","q_dressa","q_batha","q_medsa","q_shopa"
581,7294,20261001,6,"q_lifta+q_dimea+q_medsa+q_toilta+q_mealsa+q_shopa","q_lifta","q_dimea","q_medsa","q_toilta","q_mealsa","q_shopa"
582,7686,20261001,6,"q_dimea+q_dressa+q_batha+q_eata+q_toilta+q_shopa","q_dimea","q_dressa","q_batha","q_eata","q_toilta","q_shopa"
583,2283,20261001,6,"q_shlt+q_lifta+q_dimea+q_batha+q_beda+q_medsa","q_shlt","q_lifta","q_dimea","q_batha","q_beda","q_medsa"
584,6397,20261001,6,"q_stoopa+q_lifta+q_dimea+q_beda+q_medsa+q_toilta","q_stoopa","q_lifta","q_dimea","q_beda","q_medsa","q_toilta"
585,5520,20261001,6,"q_climsa+q_lifta+q_dimea+q_armsa+q_eata+q_mealsa","q_climsa","q_lifta","q_dimea","q_armsa","q_eata","q_mealsa"
586,4032,20261001,6,"q_chaira+q_stoopa+q_armsa+q_batha+q_eata+q_beda","q_chaira","q_stoopa","q_armsa","q_batha","q_eata","q_beda"
587,7913,20261001,6,"q_armsa+q_eata+q_beda+q_toilta+q_mealsa+q_shopa","q_armsa","q_eata","q_beda","q_toilta","q_mealsa","q_shopa"
588,3092,20261001,6,"q_chaira+q_climsa+q_stoopa+q_dimea+q_beda+q_mealsa","q_chaira","q_climsa","q_stoopa","q_dimea","q_beda","q_mealsa"
589,2671,20261001,6,"q_shlt+q_dimea+q_dressa+q_beda+q_mealsa+q_shopa","q_shlt","q_dimea","q_dressa","q_beda","q_mealsa","q_shopa"
590,2822,20261001,6,"q_shlt+q_armsa+q_batha+q_eata+q_mealsa+q_shopa","q_shlt","q_armsa","q_batha","q_eata","q_mealsa","q_shopa"
591,3439,20261001,6,"q_chaira+q_climsa+q_dimea+q_dressa+q_beda+q_medsa","q_chaira","q_climsa","q_dimea","q_dressa","q_beda","q_medsa"
592,3178,20261001,6,"q_chaira+q_climsa+q_stoopa+q_batha+q_beda+q_shopa","q_chaira","q_climsa","q_stoopa","q_batha","q_beda","q_shopa"
593,6414,20261001,6,"q_stoopa+q_lifta+q_armsa+q_dressa+q_batha+q_beda","q_stoopa","q_lifta","q_armsa","q_dressa","q_batha","q_beda"
594,5770,20261001,6,"q_climsa+q_lifta+q_batha+q_eata+q_medsa+q_toilta","q_climsa","q_lifta","q_batha","q_eata","q_medsa","q_toilta"
595,6054,20261001,6,"q_climsa+q_armsa+q_dressa+q_batha+q_moneya+q_mealsa","q_climsa","q_armsa","q_dressa","q_batha","q_moneya","q_mealsa"
596,3641,20261001,6,"q_chaira+q_climsa+q_dressa+q_moneya+q_medsa+q_shopa","q_chaira","q_climsa","q_dressa","q_moneya","q_medsa","q_shopa"
597,4640,20261001,6,"q_chaira+q_dimea+q_dressa+q_batha+q_moneya+q_toilta","q_chaira","q_dimea","q_dressa","q_batha","q_moneya","q_toilta"
598,1194,20261001,6,"q_shlt+q_climsa+q_stoopa+q_eata+q_moneya+q_mealsa","q_shlt","q_climsa","q_stoopa","q_eata","q_moneya","q_mealsa"
599,6919,20261001,6,"q_stoopa+q_armsa+q_batha+q_moneya+q_mealsa+q_shopa","q_stoopa","q_armsa","q_batha","q_moneya","q_mealsa","q_shopa"
600,2949,20261001,6,"q_shlt+q_batha+q_eata+q_beda+q_moneya+q_toilta","q_shlt","q_batha","q_eata","q_beda","q_moneya","q_toilta"
601,6942,20261001,6,"q_stoopa+q_armsa+q_eata+q_medsa+q_mealsa+q_shopa","q_stoopa","q_armsa","q_eata","q_medsa","q_mealsa","q_shopa"
602,5455,20261001,6,"q_climsa+q_stoopa+q_batha+q_beda+q_mealsa+q_shopa","q_climsa","q_stoopa","q_batha","q_beda","q_mealsa","q_shopa"
603,7448,20261001,6,"q_lifta+q_dressa+q_batha+q_moneya+q_medsa+q_shopa","q_lifta","q_dressa","q_batha","q_moneya","q_medsa","q_shopa"
604,7082,20261001,6,"q_stoopa+q_beda+q_moneya+q_toilta+q_mealsa+q_shopa","q_stoopa","q_beda","q_moneya","q_toilta","q_mealsa","q_shopa"
605,1890,20261001,6,"q_shlt+q_stoopa+q_dimea+q_armsa+q_batha+q_eata","q_shlt","q_stoopa","q_dimea","q_armsa","q_batha","q_eata"
606,883,20261001,6,"q_shlt+q_chaira+q_dressa+q_batha+q_beda+q_medsa","q_shlt","q_chaira","q_dressa","q_batha","q_beda","q_medsa"
607,2022,20261001,6,"q_shlt+q_stoopa+q_armsa+q_dressa+q_moneya+q_mealsa","q_shlt","q_stoopa","q_armsa","q_dressa","q_moneya","q_mealsa"
608,2491,20261001,6,"q_shlt+q_lifta+q_batha+q_beda+q_medsa+q_toilta","q_shlt","q_lifta","q_batha","q_beda","q_medsa","q_toilta"
609,3525,20261001,6,"q_chaira+q_climsa+q_armsa+q_dressa+q_beda+q_mealsa","q_chaira","q_climsa","q_armsa","q_dressa","q_beda","q_mealsa"
610,2011,20261001,6,"q_shlt+q_stoopa+q_armsa+q_dressa+q_eata+q_medsa","q_shlt","q_stoopa","q_armsa","q_dressa","q_eata","q_medsa"
611,4551,20261001,6,"q_chaira+q_dimea+q_armsa+q_dressa+q_eata+q_beda","q_chaira","q_dimea","q_armsa","q_dressa","q_eata","q_beda"
612,1670,20261001,6,"q_shlt+q_climsa+q_batha+q_beda+q_toilta+q_shopa","q_shlt","q_climsa","q_batha","q_beda","q_toilta","q_shopa"
613,4292,20261001,6,"q_chaira+q_lifta+q_dimea+q_batha+q_moneya+q_shopa","q_chaira","q_lifta","q_dimea","q_batha","q_moneya","q_shopa"
614,3600,20261001,6,"q_chaira+q_climsa+q_dressa+q_batha+q_beda+q_medsa","q_chaira","q_climsa","q_dressa","q_batha","q_beda","q_medsa"
615,7064,20261001,6,"q_stoopa+q_eata+q_beda+q_moneya+q_medsa+q_toilta","q_stoopa","q_eata","q_beda","q_moneya","q_medsa","q_toilta"
616,3293,20261001,6,"q_chaira+q_climsa+q_lifta+q_armsa+q_beda+q_mealsa","q_chaira","q_climsa","q_lifta","q_armsa","q_beda","q_mealsa"
617,6490,20261001,6,"q_stoopa+q_lifta+q_armsa+q_moneya+q_toilta+q_mealsa","q_stoopa","q_lifta","q_armsa","q_moneya","q_toilta","q_mealsa"
618,6743,20261001,6,"q_stoopa+q_dimea+q_dressa+q_beda+q_moneya+q_medsa","q_stoopa","q_dimea","q_dressa","q_beda","q_moneya","q_medsa"
619,7413,20261001,6,"q_lifta+q_armsa+q_beda+q_medsa+q_toilta+q_shopa","q_lifta","q_armsa","q_beda","q_medsa","q_toilta","q_shopa"
620,3249,20261001,6,"q_chaira+q_climsa+q_lifta+q_dimea+q_eata+q_moneya","q_chaira","q_climsa","q_lifta","q_dimea","q_eata","q_moneya"
621,3152,20261001,6,"q_chaira+q_climsa+q_stoopa+q_dressa+q_eata+q_shopa","q_chaira","q_climsa","q_stoopa","q_dressa","q_eata","q_shopa"
622,7936,20261001,6,"q_dressa+q_batha+q_eata+q_moneya+q_medsa+q_mealsa","q_dressa","q_batha","q_eata","q_moneya","q_medsa","q_mealsa"
623,1471,20261001,6,"q_shlt+q_climsa+q_dimea+q_batha+q_mealsa+q_shopa","q_shlt","q_climsa","q_dimea","q_batha","q_mealsa","q_shopa"
624,4701,20261001,6,"q_chaira+q_dimea+q_batha+q_beda+q_moneya+q_mealsa","q_chaira","q_dimea","q_batha","q_beda","q_moneya","q_mealsa"
625,6315,20261001,6,"q_stoopa+q_lifta+q_dimea+q_armsa+q_beda+q_medsa","q_stoopa","q_lifta","q_dimea","q_armsa","q_beda","q_medsa"
626,6345,20261001,6,"q_stoopa+q_lifta+q_dimea+q_dressa+q_beda+q_mealsa","q_stoopa","q_lifta","q_dimea","q_dressa","q_beda","q_mealsa"
627,4356,20261001,6,"q_chaira+q_lifta+q_armsa+q_dressa+q_medsa+q_toilta","q_chaira","q_lifta","q_armsa","q_dressa","q_medsa","q_toilta"
628,3986,20261001,6,"q_chaira+q_stoopa+q_dimea+q_beda+q_moneya+q_mealsa","q_chaira","q_stoopa","q_dimea","q_beda","q_moneya","q_mealsa"
629,6431,20261001,6,"q_stoopa+q_lifta+q_armsa+q_dressa+q_moneya+q_medsa","q_stoopa","q_lifta","q_armsa","q_dressa","q_moneya","q_medsa"
630,746,20261001,6,"q_shlt+q_chaira+q_dimea+q_batha+q_beda+q_shopa","q_shlt","q_chaira","q_dimea","q_batha","q_beda","q_shopa"
631,7327,20261001,6,"q_lifta+q_armsa+q_dressa+q_eata+q_medsa+q_shopa","q_lifta","q_armsa","q_dressa","q_eata","q_medsa","q_shopa"
632,617,20261001,6,"q_shlt+q_chaira+q_lifta+q_batha+q_eata+q_moneya","q_shlt","q_chaira","q_lifta","q_batha","q_eata","q_moneya"
633,4611,20261001,6,"q_chaira+q_dimea+q_armsa+q_beda+q_moneya+q_shopa","q_chaira","q_dimea","q_armsa","q_beda","q_moneya","q_shopa"
634,7675,20261001,6,"q_dimea+q_dressa+q_batha+q_eata+q_beda+q_toilta","q_dimea","q_dressa","q_batha","q_eata","q_beda","q_toilta"
635,2099,20261001,6,"q_shlt+q_stoopa+q_dressa+q_batha+q_moneya+q_mealsa","q_shlt","q_stoopa","q_dressa","q_batha","q_moneya","q_mealsa"
636,4543,20261001,6,"q_chaira+q_lifta+q_medsa+q_toilta+q_mealsa+q_shopa","q_chaira","q_lifta","q_medsa","q_toilta","q_mealsa","q_shopa"
637,7667,20261001,6,"q_dimea+q_armsa+q_beda+q_toilta+q_mealsa+q_shopa","q_dimea","q_armsa","q_beda","q_toilta","q_mealsa","q_shopa"
638,3636,20261001,6,"q_chaira+q_climsa+q_dressa+q_beda+q_toilta+q_mealsa","q_chaira","q_climsa","q_dressa","q_beda","q_toilta","q_mealsa"
639,2565,20261001,6,"q_shlt+q_dimea+q_armsa+q_dressa+q_medsa+q_mealsa","q_shlt","q_dimea","q_armsa","q_dressa","q_medsa","q_mealsa"
640,425,20261001,6,"q_shlt+q_chaira+q_stoopa+q_dressa+q_batha+q_moneya","q_shlt","q_chaira","q_stoopa","q_dressa","q_batha","q_moneya"
641,708,20261001,6,"q_shlt+q_chaira+q_dimea+q_dressa+q_batha+q_eata","q_shlt","q_chaira","q_dimea","q_dressa","q_batha","q_eata"
642,696,20261001,6,"q_shlt+q_chaira+q_dimea+q_armsa+q_beda+q_mealsa","q_shlt","q_chaira","q_dimea","q_armsa","q_beda","q_mealsa"
643,7167,20261001,6,"q_lifta+q_dimea+q_armsa+q_medsa+q_mealsa+q_shopa","q_lifta","q_dimea","q_armsa","q_medsa","q_mealsa","q_shopa"
644,3854,20261001,6,"q_chaira+q_stoopa+q_lifta+q_eata+q_moneya+q_medsa","q_chaira","q_stoopa","q_lifta","q_eata","q_moneya","q_medsa"
645,2845,20261001,6,"q_shlt+q_armsa+q_eata+q_beda+q_moneya+q_mealsa","q_shlt","q_armsa","q_eata","q_beda","q_moneya","q_mealsa"
646,2727,20261001,6,"q_shlt+q_dimea+q_eata+q_moneya+q_medsa+q_toilta","q_shlt","q_dimea","q_eata","q_moneya","q_medsa","q_toilta"
647,6177,20261001,6,"q_climsa+q_dressa+q_batha+q_eata+q_medsa+q_mealsa","q_climsa","q_dressa","q_batha","q_eata","q_medsa","q_mealsa"
648,5220,20261001,6,"q_climsa+q_stoopa+q_dimea+q_dressa+q_beda+q_moneya","q_climsa","q_stoopa","q_dimea","q_dressa","q_beda","q_moneya"
649,5046,20261001,6,"q_climsa+q_stoopa+q_lifta+q_dimea+q_medsa+q_mealsa","q_climsa","q_stoopa","q_lifta","q_dimea","q_medsa","q_mealsa"
650,5514,20261001,6,"q_climsa+q_lifta+q_dimea+q_armsa+q_batha+q_mealsa","q_climsa","q_lifta","q_dimea","q_armsa","q_batha","q_mealsa"
651,168,20261001,6,"q_shlt+q_chaira+q_climsa+q_armsa+q_dressa+q_eata","q_shlt","q_chaira","q_climsa","q_armsa","q_dressa","q_eata"
652,5285,20261001,6,"q_climsa+q_stoopa+q_dimea+q_moneya+q_toilta+q_shopa","q_climsa","q_stoopa","q_dimea","q_moneya","q_toilta","q_shopa"
653,7769,20261001,6,"q_dimea+q_batha+q_beda+q_medsa+q_toilta+q_mealsa","q_dimea","q_batha","q_beda","q_medsa","q_toilta","q_mealsa"
654,1178,20261001,6,"q_shlt+q_climsa+q_stoopa+q_batha+q_moneya+q_toilta","q_shlt","q_climsa","q_stoopa","q_batha","q_moneya","q_toilta"
655,1607,20261001,6,"q_shlt+q_climsa+q_dressa+q_batha+q_medsa+q_mealsa","q_shlt","q_climsa","q_dressa","q_batha","q_medsa","q_mealsa"
656,6123,20261001,6,"q_climsa+q_armsa+q_batha+q_moneya+q_medsa+q_mealsa","q_climsa","q_armsa","q_batha","q_moneya","q_medsa","q_mealsa"
657,2358,20261001,6,"q_shlt+q_lifta+q_armsa+q_dressa+q_toilta+q_shopa","q_shlt","q_lifta","q_armsa","q_dressa","q_toilta","q_shopa"
658,4655,20261001,6,"q_chaira+q_dimea+q_dressa+q_eata+q_moneya+q_toilta","q_chaira","q_dimea","q_dressa","q_eata","q_moneya","q_toilta"
659,6350,20261001,6,"q_stoopa+q_lifta+q_dimea+q_dressa+q_moneya+q_shopa","q_stoopa","q_lifta","q_dimea","q_dressa","q_moneya","q_shopa"
660,6510,20261001,6,"q_stoopa+q_lifta+q_dressa+q_batha+q_moneya+q_mealsa","q_stoopa","q_lifta","q_dressa","q_batha","q_moneya","q_mealsa"
661,5908,20261001,6,"q_climsa+q_dimea+q_armsa+q_moneya+q_toilta+q_mealsa","q_climsa","q_dimea","q_armsa","q_moneya","q_toilta","q_mealsa"
662,6457,20261001,6,"q_stoopa+q_lifta+q_armsa+q_batha+q_medsa+q_mealsa","q_stoopa","q_lifta","q_armsa","q_batha","q_medsa","q_mealsa"
663,5493,20261001,6,"q_climsa+q_stoopa+q_beda+q_medsa+q_toilta+q_shopa","q_climsa","q_stoopa","q_beda","q_medsa","q_toilta","q_shopa"
664,2362,20261001,6,"q_shlt+q_lifta+q_armsa+q_batha+q_eata+q_medsa","q_shlt","q_lifta","q_armsa","q_batha","q_eata","q_medsa"
665,660,20261001,6,"q_shlt+q_chaira+q_lifta+q_beda+q_toilta+q_shopa","q_shlt","q_chaira","q_lifta","q_beda","q_toilta","q_shopa"
666,7982,20261001,6,"q_batha+q_eata+q_beda+q_moneya+q_medsa+q_mealsa","q_batha","q_eata","q_beda","q_moneya","q_medsa","q_mealsa"
667,6776,20261001,6,"q_stoopa+q_dimea+q_batha+q_eata+q_toilta+q_shopa","q_stoopa","q_dimea","q_batha","q_eata","q_toilta","q_shopa"
668,6522,20261001,6,"q_stoopa+q_lifta+q_dressa+q_eata+q_beda+q_shopa","q_stoopa","q_lifta","q_dressa","q_eata","q_beda","q_shopa"
669,6395,20261001,6,"q_stoopa+q_lifta+q_dimea+q_beda+q_moneya+q_mealsa","q_stoopa","q_lifta","q_dimea","q_beda","q_moneya","q_mealsa"
670,4916,20261001,6,"q_chaira+q_dressa+q_eata+q_beda+q_moneya+q_toilta","q_chaira","q_dressa","q_eata","q_beda","q_moneya","q_toilta"
671,5256,20261001,6,"q_climsa+q_stoopa+q_dimea+q_eata+q_beda+q_moneya","q_climsa","q_stoopa","q_dimea","q_eata","q_beda","q_moneya"
672,2672,20261001,6,"q_shlt+q_dimea+q_dressa+q_moneya+q_medsa+q_toilta","q_shlt","q_dimea","q_dressa","q_moneya","q_medsa","q_toilta"
673,4545,20261001,6,"q_chaira+q_dimea+q_armsa+q_dressa+q_batha+q_beda","q_chaira","q_dimea","q_armsa","q_dressa","q_batha","q_beda"
674,2308,20261001,6,"q_shlt+q_lifta+q_dimea+q_eata+q_medsa+q_shopa","q_shlt","q_lifta","q_dimea","q_eata","q_medsa","q_shopa"
675,962,20261001,6,"q_shlt+q_chaira+q_batha+q_moneya+q_mealsa+q_shopa","q_shlt","q_chaira","q_batha","q_moneya","q_mealsa","q_shopa"
676,6803,20261001,6,"q_stoopa+q_dimea+q_eata+q_beda+q_medsa+q_mealsa","q_stoopa","q_dimea","q_eata","q_beda","q_medsa","q_mealsa"
677,4988,20261001,6,"q_chaira+q_eata+q_beda+q_moneya+q_toilta+q_mealsa","q_chaira","q_eata","q_beda","q_moneya","q_toilta","q_mealsa"
678,6357,20261001,6,"q_stoopa+q_lifta+q_dimea+q_batha+q_eata+q_beda","q_stoopa","q_lifta","q_dimea","q_batha","q_eata","q_beda"
679,7077,20261001,6,"q_stoopa+q_eata+q_moneya+q_toilta+q_mealsa+q_shopa","q_stoopa","q_eata","q_moneya","q_toilta","q_mealsa","q_shopa"
680,6120,20261001,6,"q_climsa+q_armsa+q_batha+q_beda+q_toilta+q_shopa","q_climsa","q_armsa","q_batha","q_beda","q_toilta","q_shopa"
681,2162,20261001,6,"q_shlt+q_stoopa+q_batha+q_beda+q_medsa+q_mealsa","q_shlt","q_stoopa","q_batha","q_beda","q_medsa","q_mealsa"
682,7209,20261001,6,"q_lifta+q_dimea+q_dressa+q_beda+q_medsa+q_toilta","q_lifta","q_dimea","q_dressa","q_beda","q_medsa","q_toilta"
683,884,20261001,6,"q_shlt+q_chaira+q_dressa+q_batha+q_beda+q_toilta","q_shlt","q_chaira","q_dressa","q_batha","q_beda","q_toilta"
684,3020,20261001,6,"q_chaira+q_climsa+q_stoopa+q_lifta+q_armsa+q_toilta","q_chaira","q_climsa","q_stoopa","q_lifta","q_armsa","q_toilta"
685,6384,20261001,6,"q_stoopa+q_lifta+q_dimea+q_eata+q_moneya+q_toilta","q_stoopa","q_lifta","q_dimea","q_eata","q_moneya","q_toilta"
686,5415,20261001,6,"q_climsa+q_stoopa+q_dressa+q_beda+q_medsa+q_toilta","q_climsa","q_stoopa","q_dressa","q_beda","q_medsa","q_toilta"
687,7745,20261001,6,"q_dimea+q_batha+q_eata+q_beda+q_moneya+q_mealsa","q_dimea","q_batha","q_eata","q_beda","q_moneya","q_mealsa"
688,1807,20261001,6,"q_shlt+q_stoopa+q_lifta+q_dressa+q_eata+q_medsa","q_shlt","q_stoopa","q_lifta","q_dressa","q_eata","q_medsa"
689,4963,20261001,6,"q_chaira+q_batha+q_eata+q_moneya+q_toilta+q_mealsa","q_chaira","q_batha","q_eata","q_moneya","q_toilta","q_mealsa"
690,1011,20261001,6,"q_shlt+q_climsa+q_stoopa+q_lifta+q_dimea+q_shopa","q_shlt","q_climsa","q_stoopa","q_lifta","q_dimea","q_shopa"
691,3476,20261001,6,"q_chaira+q_climsa+q_dimea+q_eata+q_beda+q_toilta","q_chaira","q_climsa","q_dimea","q_eata","q_beda","q_toilta"
692,2179,20261001,6,"q_shlt+q_stoopa+q_eata+q_beda+q_moneya+q_mealsa","q_shlt","q_stoopa","q_eata","q_beda","q_moneya","q_mealsa"
693,1693,20261001,6,"q_shlt+q_climsa+q_eata+q_moneya+q_medsa+q_mealsa","q_shlt","q_climsa","q_eata","q_moneya","q_medsa","q_mealsa"
694,881,20261001,6,"q_shlt+q_chaira+q_dressa+q_batha+q_eata+q_shopa","q_shlt","q_chaira","q_dressa","q_batha","q_eata","q_shopa"
695,7973,20261001,6,"q_dressa+q_eata+q_moneya+q_toilta+q_mealsa+q_shopa","q_dressa","q_eata","q_moneya","q_toilta","q_mealsa","q_shopa"
696,113,20261001,6,"q_shlt+q_chaira+q_climsa+q_lifta+q_moneya+q_toilta","q_shlt","q_chaira","q_climsa","q_lifta","q_moneya","q_toilta"
697,7989,20261001,6,"q_batha+q_eata+q_beda+q_medsa+q_mealsa+q_shopa","q_batha","q_eata","q_beda","q_medsa","q_mealsa","q_shopa"
698,6059,20261001,6,"q_climsa+q_armsa+q_dressa+q_batha+q_toilta+q_mealsa","q_climsa","q_armsa","q_dressa","q_batha","q_toilta","q_mealsa"
699,6576,20261001,6,"q_stoopa+q_lifta+q_batha+q_beda+q_toilta+q_shopa","q_stoopa","q_lifta","q_batha","q_beda","q_toilta","q_shopa"
700,565,20261001,6,"q_shlt+q_chaira+q_lifta+q_armsa+q_batha+q_mealsa","q_shlt","q_chaira","q_lifta","q_armsa","q_batha","q_mealsa"
701,7446,20261001,6,"q_lifta+q_dressa+q_batha+q_moneya+q_medsa+q_toilta","q_lifta","q_dressa","q_batha","q_moneya","q_medsa","q_toilta"
702,7479,20261001,6,"q_lifta+q_dressa+q_beda+q_moneya+q_toilta+q_mealsa","q_lifta","q_dressa","q_beda","q_moneya","q_toilta","q_mealsa"
703,1339,20261001,6,"q_shlt+q_climsa+q_lifta+q_batha+q_beda+q_toilta","q_shlt","q_climsa","q_lifta","q_batha","q_beda","q_toilta"
704,7708,20261001,6,"q_dimea+q_dressa+q_eata+q_beda+q_moneya+q_medsa","q_dimea","q_dressa","q_eata","q_beda","q_moneya","q_medsa"
705,4947,20261001,6,"q_chaira+q_dressa+q_moneya+q_medsa+q_mealsa+q_shopa","q_chaira","q_dressa","q_moneya","q_medsa","q_mealsa","q_shopa"
706,436,20261001,6,"q_shlt+q_chaira+q_stoopa+q_dressa+q_beda+q_moneya","q_shlt","q_chaira","q_stoopa","q_dressa","q_beda","q_moneya"
707,2246,20261001,6,"q_shlt+q_lifta+q_dimea+q_armsa+q_toilta+q_shopa","q_shlt","q_lifta","q_dimea","q_armsa","q_toilta","q_shopa"
708,5735,20261001,6,"q_climsa+q_lifta+q_dressa+q_eata+q_medsa+q_toilta","q_climsa","q_lifta","q_dressa","q_eata","q_medsa","q_toilta"
709,2250,20261001,6,"q_shlt+q_lifta+q_dimea+q_dressa+q_batha+q_moneya","q_shlt","q_lifta","q_dimea","q_dressa","q_batha","q_moneya"
710,7458,20261001,6,"q_lifta+q_dressa+q_eata+q_beda+q_moneya+q_mealsa","q_lifta","q_dressa","q_eata","q_beda","q_moneya","q_mealsa"
711,3036,20261001,6,"q_chaira+q_climsa+q_stoopa+q_lifta+q_batha+q_mealsa","q_chaira","q_climsa","q_stoopa","q_lifta","q_batha","q_mealsa"
712,5682,20261001,6,"q_climsa+q_lifta+q_armsa+q_eata+q_toilta+q_mealsa","q_climsa","q_lifta","q_armsa","q_eata","q_toilta","q_mealsa"
713,7949,20261001,6,"q_dressa+q_batha+q_beda+q_moneya+q_toilta+q_shopa","q_dressa","q_batha","q_beda","q_moneya","q_toilta","q_shopa"
714,4224,20261001,6,"q_chaira+q_lifta+q_dimea+q_armsa+q_batha+q_moneya","q_chaira","q_lifta","q_dimea","q_armsa","q_batha","q_moneya"
715,5223,20261001,6,"q_climsa+q_stoopa+q_dimea+q_dressa+q_beda+q_mealsa","q_climsa","q_stoopa","q_dimea","q_dressa","q_beda","q_mealsa"
716,729,20261001,6,"q_shlt+q_chaira+q_dimea+q_dressa+q_moneya+q_shopa","q_shlt","q_chaira","q_dimea","q_dressa","q_moneya","q_shopa"
717,283,20261001,6,"q_shlt+q_chaira+q_climsa+q_medsa+q_toilta+q_mealsa","q_shlt","q_chaira","q_climsa","q_medsa","q_toilta","q_mealsa"
718,5276,20261001,6,"q_climsa+q_stoopa+q_dimea+q_beda+q_medsa+q_mealsa","q_climsa","q_stoopa","q_dimea","q_beda","q_medsa","q_mealsa"
719,6262,20261001,6,"q_climsa+q_batha+q_beda+q_moneya+q_mealsa+q_shopa","q_climsa","q_batha","q_beda","q_moneya","q_mealsa","q_shopa"
720,5340,20261001,6,"q_climsa+q_stoopa+q_armsa+q_eata+q_beda+q_moneya","q_climsa","q_stoopa","q_armsa","q_eata","q_beda","q_moneya"
721,3607,20261001,6,"q_chaira+q_climsa+q_dressa+q_batha+q_moneya+q_shopa","q_chaira","q_climsa","q_dressa","q_batha","q_moneya","q_shopa"
722,5736,20261001,6,"q_climsa+q_lifta+q_dressa+q_eata+q_medsa+q_mealsa","q_climsa","q_lifta","q_dressa","q_eata","q_medsa","q_mealsa"
723,4248,20261001,6,"q_chaira+q_lifta+q_dimea+q_armsa+q_toilta+q_shopa","q_chaira","q_lifta","q_dimea","q_armsa","q_toilta","q_shopa"
724,1820,20261001,6,"q_shlt+q_stoopa+q_lifta+q_dressa+q_medsa+q_toilta","q_shlt","q_stoopa","q_lifta","q_dressa","q_medsa","q_toilta"
725,7768,20261001,6,"q_dimea+q_batha+q_beda+q_moneya+q_mealsa+q_shopa","q_dimea","q_batha","q_beda","q_moneya","q_mealsa","q_shopa"
726,6445,20261001,6,"q_stoopa+q_lifta+q_armsa+q_batha+q_eata+q_mealsa","q_stoopa","q_lifta","q_armsa","q_batha","q_eata","q_mealsa"
727,2606,20261001,6,"q_shlt+q_dimea+q_armsa+q_beda+q_moneya+q_medsa","q_shlt","q_dimea","q_armsa","q_beda","q_moneya","q_medsa"
728,5136,20261001,6,"q_climsa+q_stoopa+q_lifta+q_eata+q_beda+q_moneya","q_climsa","q_stoopa","q_lifta","q_eata","q_beda","q_moneya"
729,7906,20261001,6,"q_armsa+q_eata+q_beda+q_moneya+q_medsa+q_shopa","q_armsa","q_eata","q_beda","q_moneya","q_medsa","q_shopa"
730,520,20261001,6,"q_shlt+q_chaira+q_lifta+q_dimea+q_dressa+q_medsa","q_shlt","q_chaira","q_lifta","q_dimea","q_dressa","q_medsa"
731,4473,20261001,6,"q_chaira+q_lifta+q_dressa+q_toilta+q_mealsa+q_shopa","q_chaira","q_lifta","q_dressa","q_toilta","q_mealsa","q_shopa"
732,1095,20261001,6,"q_shlt+q_climsa+q_stoopa+q_dimea+q_moneya+q_shopa","q_shlt","q_climsa","q_stoopa","q_dimea","q_moneya","q_shopa"
733,2650,20261001,6,"q_shlt+q_dimea+q_dressa+q_eata+q_beda+q_mealsa","q_shlt","q_dimea","q_dressa","q_eata","q_beda","q_mealsa"
734,173,20261001,6,"q_shlt+q_chaira+q_climsa+q_armsa+q_dressa+q_mealsa","q_shlt","q_chaira","q_climsa","q_armsa","q_dressa","q_mealsa"
735,5873,20261001,6,"q_climsa+q_dimea+q_armsa+q_batha+q_moneya+q_shopa","q_climsa","q_dimea","q_armsa","q_batha","q_moneya","q_shopa"
736,3516,20261001,6,"q_chaira+q_climsa+q_armsa+q_dressa+q_eata+q_beda","q_chaira","q_climsa","q_armsa","q_dressa","q_eata","q_beda"
737,4715,20261001,6,"q_chaira+q_dimea+q_batha+q_medsa+q_toilta+q_mealsa","q_chaira","q_dimea","q_batha","q_medsa","q_toilta","q_mealsa"
738,2690,20261001,6,"q_shlt+q_dimea+q_batha+q_eata+q_moneya+q_shopa","q_shlt","q_dimea","q_batha","q_eata","q_moneya","q_shopa"
739,251,20261001,6,"q_shlt+q_chaira+q_climsa+q_batha+q_mealsa+q_shopa","q_shlt","q_chaira","q_climsa","q_batha","q_mealsa","q_shopa"
740,4358,20261001,6,"q_chaira+q_lifta+q_armsa+q_dressa+q_medsa+q_shopa","q_chaira","q_lifta","q_armsa","q_dressa","q_medsa","q_shopa"
741,1133,20261001,6,"q_shlt+q_climsa+q_stoopa+q_armsa+q_medsa+q_mealsa","q_shlt","q_climsa","q_stoopa","q_armsa","q_medsa","q_mealsa"
742,219,20261001,6,"q_shlt+q_chaira+q_climsa+q_dressa+q_beda+q_mealsa","q_shlt","q_chaira","q_climsa","q_dressa","q_beda","q_mealsa"
743,1526,20261001,6,"q_shlt+q_climsa+q_armsa+q_dressa+q_moneya+q_toilta","q_shlt","q_climsa","q_armsa","q_dressa","q_moneya","q_toilta"
744,1111,20261001,6,"q_shlt+q_climsa+q_stoopa+q_armsa+q_batha+q_beda","q_shlt","q_climsa","q_stoopa","q_armsa","q_batha","q_beda"
745,7683,20261001,6,"q_dimea+q_dressa+q_batha+q_eata+q_medsa+q_mealsa","q_dimea","q_dressa","q_batha","q_eata","q_medsa","q_mealsa"
746,6633,20261001,6,"q_stoopa+q_dimea+q_armsa+q_dressa+q_eata+q_toilta","q_stoopa","q_dimea","q_armsa","q_dressa","q_eata","q_toilta"
747,3838,20261001,6,"q_chaira+q_stoopa+q_lifta+q_batha+q_beda+q_shopa","q_chaira","q_stoopa","q_lifta","q_batha","q_beda","q_shopa"
748,1327,20261001,6,"q_shlt+q_climsa+q_lifta+q_dressa+q_medsa+q_shopa","q_shlt","q_climsa","q_lifta","q_dressa","q_medsa","q_shopa"
749,7838,20261001,6,"q_armsa+q_dressa+q_eata+q_beda+q_medsa+q_toilta","q_armsa","q_dressa","q_eata","q_beda","q_medsa","q_toilta"
750,3417,20261001,6,"q_chaira+q_climsa+q_dimea+q_armsa+q_moneya+q_mealsa","q_chaira","q_climsa","q_dimea","q_armsa","q_moneya","q_mealsa"
751,2632,20261001,6,"q_shlt+q_dimea+q_dressa+q_batha+q_beda+q_moneya","q_shlt","q_dimea","q_dressa","q_batha","q_beda","q_moneya"
752,4689,20261001,6,"q_chaira+q_dimea+q_batha+q_eata+q_moneya+q_medsa","q_chaira","q_dimea","q_batha","q_eata","q_moneya","q_medsa"
753,25,20261001,6,"q_shlt+q_chaira+q_climsa+q_stoopa+q_armsa+q_beda","q_shlt","q_chaira","q_climsa","q_stoopa","q_armsa","q_beda"
754,7962,20261001,6,"q_dressa+q_eata+q_beda+q_moneya+q_medsa+q_shopa","q_dressa","q_eata","q_beda","q_moneya","q_medsa","q_shopa"
755,1933,20261001,6,"q_shlt+q_stoopa+q_dimea+q_dressa+q_beda+q_toilta","q_shlt","q_stoopa","q_dimea","q_dressa","q_beda","q_toilta"
756,5444,20261001,6,"q_climsa+q_stoopa+q_batha+q_eata+q_toilta+q_shopa","q_climsa","q_stoopa","q_batha","q_eata","q_toilta","q_shopa"
757,5423,20261001,6,"q_climsa+q_stoopa+q_dressa+q_moneya+q_medsa+q_shopa","q_climsa","q_stoopa","q_dressa","q_moneya","q_medsa","q_shopa"
758,7042,20261001,6,"q_stoopa+q_batha+q_eata+q_moneya+q_toilta+q_mealsa","q_stoopa","q_batha","q_eata","q_moneya","q_toilta","q_mealsa"
759,260,20261001,6,"q_shlt+q_chaira+q_climsa+q_eata+q_moneya+q_shopa","q_shlt","q_chaira","q_climsa","q_eata","q_moneya","q_shopa"
760,7666,20261001,6,"q_dimea+q_armsa+q_beda+q_medsa+q_mealsa+q_shopa","q_dimea","q_armsa","q_beda","q_medsa","q_mealsa","q_shopa"
761,2257,20261001,6,"q_shlt+q_lifta+q_dimea+q_dressa+q_eata+q_medsa","q_shlt","q_lifta","q_dimea","q_dressa","q_eata","q_medsa"
762,2836,20261001,6,"q_shlt+q_armsa+q_batha+q_moneya+q_toilta+q_mealsa","q_shlt","q_armsa","q_batha","q_moneya","q_toilta","q_mealsa"
763,4331,20261001,6,"q_chaira+q_lifta+q_dimea+q_medsa+q_toilta+q_shopa","q_chaira","q_lifta","q_dimea","q_medsa","q_toilta","q_shopa"
764,6765,20261001,6,"q_stoopa+q_dimea+q_batha+q_eata+q_beda+q_toilta","q_stoopa","q_dimea","q_batha","q_eata","q_beda","q_toilta"
765,940,20261001,6,"q_shlt+q_chaira+q_batha+q_eata+q_moneya+q_shopa","q_shlt","q_chaira","q_batha","q_eata","q_moneya","q_shopa"
766,5014,20261001,6,"q_climsa+q_stoopa+q_lifta+q_dimea+q_armsa+q_shopa","q_climsa","q_stoopa","q_lifta","q_dimea","q_armsa","q_shopa"
767,801,20261001,6,"q_shlt+q_chaira+q_armsa+q_dressa+q_eata+q_medsa","q_shlt","q_chaira","q_armsa","q_dressa","q_eata","q_medsa"
768,7360,20261001,6,"q_lifta+q_armsa+q_batha+q_eata+q_medsa+q_toilta","q_lifta","q_armsa","q_batha","q_eata","q_medsa","q_toilta"
769,6344,20261001,6,"q_stoopa+q_lifta+q_dimea+q_dressa+q_beda+q_toilta","q_stoopa","q_lifta","q_dimea","q_dressa","q_beda","q_toilta"
770,6766,20261001,6,"q_stoopa+q_dimea+q_batha+q_eata+q_beda+q_mealsa","q_stoopa","q_dimea","q_batha","q_eata","q_beda","q_mealsa"
771,1069,20261001,6,"q_shlt+q_climsa+q_stoopa+q_dimea+q_dressa+q_moneya","q_shlt","q_climsa","q_stoopa","q_dimea","q_dressa","q_moneya"
772,4311,20261001,6,"q_chaira+q_lifta+q_dimea+q_eata+q_toilta+q_mealsa","q_chaira","q_lifta","q_dimea","q_eata","q_toilta","q_mealsa"
773,7126,20261001,6,"q_lifta+q_dimea+q_armsa+q_batha+q_moneya+q_mealsa","q_lifta","q_dimea","q_armsa","q_batha","q_moneya","q_mealsa"
774,6032,20261001,6,"q_climsa+q_dimea+q_beda+q_medsa+q_toilta+q_mealsa","q_climsa","q_dimea","q_beda","q_medsa","q_toilta","q_mealsa"
775,1495,20261001,6,"q_shlt+q_climsa+q_dimea+q_beda+q_toilta+q_shopa","q_shlt","q_climsa","q_dimea","q_beda","q_toilta","q_shopa"
776,949,20261001,6,"q_shlt+q_chaira+q_batha+q_beda+q_moneya+q_mealsa","q_shlt","q_chaira","q_batha","q_beda","q_moneya","q_mealsa"
777,7311,20261001,6,"q_lifta+q_armsa+q_dressa+q_batha+q_medsa+q_mealsa","q_lifta","q_armsa","q_dressa","q_batha","q_medsa","q_mealsa"
778,3338,20261001,6,"q_chaira+q_climsa+q_lifta+q_batha+q_eata+q_shopa","q_chaira","q_climsa","q_lifta","q_batha","q_eata","q_shopa"
779,6056,20261001,6,"q_climsa+q_armsa+q_dressa+q_batha+q_medsa+q_toilta","q_climsa","q_armsa","q_dressa","q_batha","q_medsa","q_toilta"
780,957,20261001,6,"q_shlt+q_chaira+q_batha+q_moneya+q_medsa+q_toilta","q_shlt","q_chaira","q_batha","q_moneya","q_medsa","q_toilta"
781,7333,20261001,6,"q_lifta+q_armsa+q_dressa+q_beda+q_moneya+q_mealsa","q_lifta","q_armsa","q_dressa","q_beda","q_moneya","q_mealsa"
782,4868,20261001,6,"q_chaira+q_armsa+q_beda+q_moneya+q_toilta+q_mealsa","q_chaira","q_armsa","q_beda","q_moneya","q_toilta","q_mealsa"
783,34,20261001,6,"q_shlt+q_chaira+q_climsa+q_stoopa+q_dressa+q_moneya","q_shlt","q_chaira","q_climsa","q_stoopa","q_dressa","q_moneya"
784,2417,20261001,6,"q_shlt+q_lifta+q_dressa+q_batha+q_eata+q_moneya","q_shlt","q_lifta","q_dressa","q_batha","q_eata","q_moneya"
785,2708,20261001,6,"q_shlt+q_dimea+q_batha+q_moneya+q_medsa+q_mealsa","q_shlt","q_dimea","q_batha","q_moneya","q_medsa","q_mealsa"
786,3853,20261001,6,"q_chaira+q_stoopa+q_lifta+q_eata+q_beda+q_shopa","q_chaira","q_stoopa","q_lifta","q_eata","q_beda","q_shopa"
787,1676,20261001,6,"q_shlt+q_climsa+q_batha+q_moneya+q_toilta+q_shopa","q_shlt","q_climsa","q_batha","q_moneya","q_toilta","q_shopa"
788,6927,20261001,6,"q_stoopa+q_armsa+q_eata+q_beda+q_moneya+q_shopa","q_stoopa","q_armsa","q_eata","q_beda","q_moneya","q_shopa"
789,4376,20261001,6,"q_chaira+q_lifta+q_armsa+q_batha+q_moneya+q_shopa","q_chaira","q_lifta","q_armsa","q_batha","q_moneya","q_shopa"
790,6475,20261001,6,"q_stoopa+q_lifta+q_armsa+q_eata+q_toilta+q_shopa","q_stoopa","q_lifta","q_armsa","q_eata","q_toilta","q_shopa"
791,3735,20261001,6,"q_chaira+q_stoopa+q_lifta+q_dimea+q_dressa+q_shopa","q_chaira","q_stoopa","q_lifta","q_dimea","q_dressa","q_shopa"
792,1114,20261001,6,"q_shlt+q_climsa+q_stoopa+q_armsa+q_batha+q_toilta","q_shlt","q_climsa","q_stoopa","q_armsa","q_batha","q_toilta"
793,1608,20261001,6,"q_shlt+q_climsa+q_dressa+q_batha+q_medsa+q_shopa","q_shlt","q_climsa","q_dressa","q_batha","q_medsa","q_shopa"
794,7799,20261001,6,"q_armsa+q_dressa+q_batha+q_eata+q_beda+q_moneya","q_armsa","q_dressa","q_batha","q_eata","q_beda","q_moneya"
795,4794,20261001,6,"q_chaira+q_armsa+q_dressa+q_beda+q_medsa+q_toilta","q_chaira","q_armsa","q_dressa","q_beda","q_medsa","q_toilta"
796,3300,20261001,6,"q_chaira+q_climsa+q_lifta+q_armsa+q_medsa+q_mealsa","q_chaira","q_climsa","q_lifta","q_armsa","q_medsa","q_mealsa"
797,5948,20261001,6,"q_climsa+q_dimea+q_dressa+q_eata+q_toilta+q_mealsa","q_climsa","q_dimea","q_dressa","q_eata","q_toilta","q_mealsa"
798,6360,20261001,6,"q_stoopa+q_lifta+q_dimea+q_batha+q_eata+q_toilta","q_stoopa","q_lifta","q_dimea","q_batha","q_eata","q_toilta"
799,6946,20261001,6,"q_stoopa+q_armsa+q_beda+q_moneya+q_medsa+q_shopa","q_stoopa","q_armsa","q_beda","q_moneya","q_medsa","q_shopa"
800,7447,20261001,6,"q_lifta+q_dressa+q_batha+q_moneya+q_medsa+q_mealsa","q_lifta","q_dressa","q_batha","q_moneya","q_medsa","q_mealsa"
801,858,20261001,6,"q_shlt+q_chaira+q_armsa+q_beda+q_moneya+q_mealsa","q_shlt","q_chaira","q_armsa","q_beda","q_moneya","q_mealsa"
802,483,20261001,6,"q_shlt+q_chaira+q_stoopa+q_eata+q_medsa+q_shopa","q_shlt","q_chaira","q_stoopa","q_eata","q_medsa","q_shopa"
803,771,20261001,6,"q_shlt+q_chaira+q_dimea+q_eata+q_mealsa+q_shopa","q_shlt","q_chaira","q_dimea","q_eata","q_mealsa","q_shopa"
804,7206,20261001,6,"q_lifta+q_dimea+q_dressa+q_beda+q_moneya+q_toilta","q_lifta","q_dimea","q_dressa","q_beda","q_moneya","q_toilta"
805,7620,20261001,6,"q_dimea+q_armsa+q_batha+q_beda+q_moneya+q_mealsa","q_dimea","q_armsa","q_batha","q_beda","q_moneya","q_mealsa"
806,2070,20261001,6,"q_shlt+q_stoopa+q_armsa+q_beda+q_medsa+q_toilta","q_shlt","q_stoopa","q_armsa","q_beda","q_medsa","q_toilta"
807,291,20261001,6,"q_shlt+q_chaira+q_stoopa+q_lifta+q_dimea+q_beda","q_shlt","q_chaira","q_stoopa","q_lifta","q_dimea","q_beda"
808,5781,20261001,6,"q_climsa+q_lifta+q_batha+q_beda+q_medsa+q_mealsa","q_climsa","q_lifta","q_batha","q_beda","q_medsa","q_mealsa"
809,4945,20261001,6,"q_chaira+q_dressa+q_moneya+q_medsa+q_toilta+q_mealsa","q_chaira","q_dressa","q_moneya","q_medsa","q_toilta","q_mealsa"
810,4844,20261001,6,"q_chaira+q_armsa+q_batha+q_toilta+q_mealsa+q_shopa","q_chaira","q_armsa","q_batha","q_toilta","q_mealsa","q_shopa"
811,2625,20261001,6,"q_shlt+q_dimea+q_armsa+q_toilta+q_mealsa+q_shopa","q_shlt","q_dimea","q_armsa","q_toilta","q_mealsa","q_shopa"
812,1489,20261001,6,"q_shlt+q_climsa+q_dimea+q_beda+q_moneya+q_mealsa","q_shlt","q_climsa","q_dimea","q_beda","q_moneya","q_mealsa"
813,2627,20261001,6,"q_shlt+q_dimea+q_dressa+q_batha+q_eata+q_moneya","q_shlt","q_dimea","q_dressa","q_batha","q_eata","q_moneya"
814,876,20261001,6,"q_shlt+q_chaira+q_dressa+q_batha+q_eata+q_beda","q_shlt","q_chaira","q_dressa","q_batha","q_eata","q_beda"
815,3575,20261001,6,"q_chaira+q_climsa+q_armsa+q_beda+q_moneya+q_mealsa","q_chaira","q_climsa","q_armsa","q_beda","q_moneya","q_mealsa"
816,1343,20261001,6,"q_shlt+q_climsa+q_lifta+q_batha+q_moneya+q_toilta","q_shlt","q_climsa","q_lifta","q_batha","q_moneya","q_toilta"
817,3002,20261001,6,"q_shlt+q_beda+q_medsa+q_toilta+q_mealsa+q_shopa","q_shlt","q_beda","q_medsa","q_toilta","q_mealsa","q_shopa"
818,5116,20261001,6,"q_climsa+q_stoopa+q_lifta+q_batha+q_eata+q_moneya","q_climsa","q_stoopa","q_lifta","q_batha","q_eata","q_moneya"
819,84,20261001,6,"q_shlt+q_chaira+q_climsa+q_lifta+q_armsa+q_mealsa","q_shlt","q_chaira","q_climsa","q_lifta","q_armsa","q_mealsa"
820,2451,20261001,6,"q_shlt+q_lifta+q_dressa+q_eata+q_mealsa+q_shopa","q_shlt","q_lifta","q_dressa","q_eata","q_mealsa","q_shopa"
821,4646,20261001,6,"q_chaira+q_dimea+q_dressa+q_batha+q_toilta+q_mealsa","q_chaira","q_dimea","q_dressa","q_batha","q_toilta","q_mealsa"
822,481,20261001,6,"q_shlt+q_chaira+q_stoopa+q_eata+q_medsa+q_toilta","q_shlt","q_chaira","q_stoopa","q_eata","q_medsa","q_toilta"
823,3044,20261001,6,"q_chaira+q_climsa+q_stoopa+q_lifta+q_beda+q_moneya","q_chaira","q_climsa","q_stoopa","q_lifta","q_beda","q_moneya"
824,1419,20261001,6,"q_shlt+q_climsa+q_dimea+q_armsa+q_medsa+q_shopa","q_shlt","q_climsa","q_dimea","q_armsa","q_medsa","q_shopa"
825,5362,20261001,6,"q_climsa+q_stoopa+q_armsa+q_beda+q_toilta+q_mealsa","q_climsa","q_stoopa","q_armsa","q_beda","q_toilta","q_mealsa"
826,5561,20261001,6,"q_climsa+q_lifta+q_dimea+q_dressa+q_medsa+q_shopa","q_climsa","q_lifta","q_dimea","q_dressa","q_medsa","q_shopa"
827,3337,20261001,6,"q_chaira+q_climsa+q_lifta+q_batha+q_eata+q_mealsa","q_chaira","q_climsa","q_lifta","q_batha","q_eata","q_mealsa"
828,3682,20261001,6,"q_chaira+q_climsa+q_batha+q_medsa+q_mealsa+q_shopa","q_chaira","q_climsa","q_batha","q_medsa","q_mealsa","q_shopa"
829,2586,20261001,6,"q_shlt+q_dimea+q_armsa+q_batha+q_medsa+q_mealsa","q_shlt","q_dimea","q_armsa","q_batha","q_medsa","q_mealsa"
830,2247,20261001,6,"q_shlt+q_lifta+q_dimea+q_armsa+q_mealsa+q_shopa","q_shlt","q_lifta","q_dimea","q_armsa","q_mealsa","q_shopa"
831,2427,20261001,6,"q_shlt+q_lifta+q_dressa+q_batha+q_moneya+q_medsa","q_shlt","q_lifta","q_dressa","q_batha","q_moneya","q_medsa"
832,7777,20261001,6,"q_dimea+q_batha+q_medsa+q_toilta+q_mealsa+q_shopa","q_dimea","q_batha","q_medsa","q_toilta","q_mealsa","q_shopa"
833,3851,20261001,6,"q_chaira+q_stoopa+q_lifta+q_eata+q_beda+q_toilta","q_chaira","q_stoopa","q_lifta","q_eata","q_beda","q_toilta"
834,4575,20261001,6,"q_chaira+q_dimea+q_armsa+q_batha+q_eata+q_toilta","q_chaira","q_dimea","q_armsa","q_batha","q_eata","q_toilta"
835,4695,20261001,6,"q_chaira+q_dimea+q_batha+q_eata+q_medsa+q_shopa","q_chaira","q_dimea","q_batha","q_eata","q_medsa","q_shopa"
836,4511,20261001,6,"q_chaira+q_lifta+q_eata+q_beda+q_moneya+q_mealsa","q_chaira","q_lifta","q_eata","q_beda","q_moneya","q_mealsa"
837,4797,20261001,6,"q_chaira+q_armsa+q_dressa+q_beda+q_toilta+q_mealsa","q_chaira","q_armsa","q_dressa","q_beda","q_toilta","q_mealsa"
838,5778,20261001,6,"q_climsa+q_lifta+q_batha+q_beda+q_moneya+q_mealsa","q_climsa","q_lifta","q_batha","q_beda","q_moneya","q_mealsa"
839,1664,20261001,6,"q_shlt+q_climsa+q_batha+q_beda+q_moneya+q_mealsa","q_shlt","q_climsa","q_batha","q_beda","q_moneya","q_mealsa"
840,4312,20261001,6,"q_chaira+q_lifta+q_dimea+q_eata+q_toilta+q_shopa","q_chaira","q_lifta","q_dimea","q_eata","q_toilta","q_shopa"
841,6366,20261001,6,"q_stoopa+q_lifta+q_dimea+q_batha+q_beda+q_mealsa","q_stoopa","q_lifta","q_dimea","q_batha","q_beda","q_mealsa"
842,1295,20261001,6,"q_shlt+q_climsa+q_lifta+q_armsa+q_moneya+q_mealsa","q_shlt","q_climsa","q_lifta","q_armsa","q_moneya","q_mealsa"
843,7616,20261001,6,"q_dimea+q_armsa+q_batha+q_eata+q_toilta+q_shopa","q_dimea","q_armsa","q_batha","q_eata","q_toilta","q_shopa"
844,2626,20261001,6,"q_shlt+q_dimea+q_dressa+q_batha+q_eata+q_beda","q_shlt","q_dimea","q_dressa","q_batha","q_eata","q_beda"
845,4110,20261001,6,"q_chaira+q_stoopa+q_dressa+q_eata+q_beda+q_medsa","q_chaira","q_stoopa","q_dressa","q_eata","q_beda","q_medsa"
846,6133,20261001,6,"q_climsa+q_armsa+q_eata+q_beda+q_moneya+q_toilta","q_climsa","q_armsa","q_eata","q_beda","q_moneya","q_toilta"
847,7644,20261001,6,"q_dimea+q_armsa+q_eata+q_beda+q_medsa+q_shopa","q_dimea","q_armsa","q_eata","q_beda","q_medsa","q_shopa"
848,7339,20261001,6,"q_lifta+q_armsa+q_dressa+q_beda+q_toilta+q_shopa","q_lifta","q_armsa","q_dressa","q_beda","q_toilta","q_shopa"
849,2982,20261001,6,"q_shlt+q_batha+q_medsa+q_toilta+q_mealsa+q_shopa","q_shlt","q_batha","q_medsa","q_toilta","q_mealsa","q_shopa"
850,4241,20261001,6,"q_chaira+q_lifta+q_dimea+q_armsa+q_moneya+q_toilta","q_chaira","q_lifta","q_dimea","q_armsa","q_moneya","q_toilta"
851,7192,20261001,6,"q_lifta+q_dimea+q_dressa+q_eata+q_beda+q_toilta","q_lifta","q_dimea","q_dressa","q_eata","q_beda","q_toilta"
852,4604,20261001,6,"q_chaira+q_dimea+q_armsa+q_eata+q_medsa+q_shopa","q_chaira","q_dimea","q_armsa","q_eata","q_medsa","q_shopa"
853,1653,20261001,6,"q_shlt+q_climsa+q_batha+q_eata+q_moneya+q_toilta","q_shlt","q_climsa","q_batha","q_eata","q_moneya","q_toilta"
854,1778,20261001,6,"q_shlt+q_stoopa+q_lifta+q_armsa+q_eata+q_moneya","q_shlt","q_stoopa","q_lifta","q_armsa","q_eata","q_moneya"
855,4875,20261001,6,"q_chaira+q_armsa+q_moneya+q_medsa+q_toilta+q_mealsa","q_chaira","q_armsa","q_moneya","q_medsa","q_toilta","q_mealsa"
856,6483,20261001,6,"q_stoopa+q_lifta+q_armsa+q_beda+q_medsa+q_shopa","q_stoopa","q_lifta","q_armsa","q_beda","q_medsa","q_shopa"
857,5300,20261001,6,"q_climsa+q_stoopa+q_armsa+q_dressa+q_eata+q_medsa","q_climsa","q_stoopa","q_armsa","q_dressa","q_eata","q_medsa"
858,6887,20261001,6,"q_stoopa+q_armsa+q_dressa+q_medsa+q_mealsa+q_shopa","q_stoopa","q_armsa","q_dressa","q_medsa","q_mealsa","q_shopa"
859,555,20261001,6,"q_shlt+q_chaira+q_lifta+q_armsa+q_dressa+q_moneya","q_shlt","q_chaira","q_lifta","q_armsa","q_dressa","q_moneya"
860,4587,20261001,6,"q_chaira+q_dimea+q_armsa+q_batha+q_medsa+q_toilta","q_chaira","q_dimea","q_armsa","q_batha","q_medsa","q_toilta"
861,1177,20261001,6,"q_shlt+q_climsa+q_stoopa+q_batha+q_moneya+q_medsa","q_shlt","q_climsa","q_stoopa","q_batha","q_moneya","q_medsa"
862,6965,20261001,6,"q_stoopa+q_dressa+q_batha+q_eata+q_moneya+q_toilta","q_stoopa","q_dressa","q_batha","q_eata","q_moneya","q_toilta"
863,2207,20261001,6,"q_shlt+q_stoopa+q_moneya+q_medsa+q_toilta+q_mealsa","q_shlt","q_stoopa","q_moneya","q_medsa","q_toilta","q_mealsa"
864,3788,20261001,6,"q_chaira+q_stoopa+q_lifta+q_armsa+q_beda+q_mealsa","q_chaira","q_stoopa","q_lifta","q_armsa","q_beda","q_mealsa"
865,1422,20261001,6,"q_shlt+q_climsa+q_dimea+q_armsa+q_mealsa+q_shopa","q_shlt","q_climsa","q_dimea","q_armsa","q_mealsa","q_shopa"
866,1,20261001,6,"q_shlt+q_chaira+q_climsa+q_stoopa+q_lifta+q_dimea","q_shlt","q_chaira","q_climsa","q_stoopa","q_lifta","q_dimea"
867,2856,20261001,6,"q_shlt+q_armsa+q_eata+q_moneya+q_toilta+q_mealsa","q_shlt","q_armsa","q_eata","q_moneya","q_toilta","q_mealsa"
868,7825,20261001,6,"q_armsa+q_dressa+q_batha+q_moneya+q_medsa+q_mealsa","q_armsa","q_dressa","q_batha","q_moneya","q_medsa","q_mealsa"
869,5333,20261001,6,"q_climsa+q_stoopa+q_armsa+q_batha+q_moneya+q_shopa","q_climsa","q_stoopa","q_armsa","q_batha","q_moneya","q_shopa"
870,2217,20261001,6,"q_shlt+q_lifta+q_dimea+q_armsa+q_dressa+q_toilta","q_shlt","q_lifta","q_dimea","q_armsa","q_dressa","q_toilta"
871,6959,20261001,6,"q_stoopa+q_dressa+q_batha+q_eata+q_beda+q_moneya","q_stoopa","q_dressa","q_batha","q_eata","q_beda","q_moneya"
872,1325,20261001,6,"q_shlt+q_climsa+q_lifta+q_dressa+q_medsa+q_toilta","q_shlt","q_climsa","q_lifta","q_dressa","q_medsa","q_toilta"
873,2899,20261001,6,"q_shlt+q_dressa+q_batha+q_beda+q_medsa+q_shopa","q_shlt","q_dressa","q_batha","q_beda","q_medsa","q_shopa"
874,4109,20261001,6,"q_chaira+q_stoopa+q_dressa+q_eata+q_beda+q_moneya","q_chaira","q_stoopa","q_dressa","q_eata","q_beda","q_moneya"
875,2249,20261001,6,"q_shlt+q_lifta+q_dimea+q_dressa+q_batha+q_beda","q_shlt","q_lifta","q_dimea","q_dressa","q_batha","q_beda"
876,5745,20261001,6,"q_climsa+q_lifta+q_dressa+q_beda+q_medsa+q_toilta","q_climsa","q_lifta","q_dressa","q_beda","q_medsa","q_toilta"
877,4351,20261001,6,"q_chaira+q_lifta+q_armsa+q_dressa+q_beda+q_shopa","q_chaira","q_lifta","q_armsa","q_dressa","q_beda","q_shopa"
878,744,20261001,6,"q_shlt+q_chaira+q_dimea+q_batha+q_beda+q_toilta","q_shlt","q_chaira","q_dimea","q_batha","q_beda","q_toilta"
879,4571,20261001,6,"q_chaira+q_dimea+q_armsa+q_dressa+q_mealsa+q_shopa","q_chaira","q_dimea","q_armsa","q_dressa","q_mealsa","q_shopa"
880,4878,20261001,6,"q_chaira+q_armsa+q_moneya+q_toilta+q_mealsa+q_shopa","q_chaira","q_armsa","q_moneya","q_toilta","q_mealsa","q_shopa"
881,462,20261001,6,"q_shlt+q_chaira+q_stoopa+q_batha+q_moneya+q_medsa","q_shlt","q_chaira","q_stoopa","q_batha","q_moneya","q_medsa"
882,4770,20261001,6,"q_chaira+q_armsa+q_dressa+q_batha+q_medsa+q_mealsa","q_chaira","q_armsa","q_dressa","q_batha","q_medsa","q_mealsa"
883,7954,20261001,6,"q_dressa+q_batha+q_beda+q_toilta+q_mealsa+q_shopa","q_dressa","q_batha","q_beda","q_toilta","q_mealsa","q_shopa"
884,7916,20261001,6,"q_armsa+q_eata+q_moneya+q_medsa+q_mealsa+q_shopa","q_armsa","q_eata","q_moneya","q_medsa","q_mealsa","q_shopa"
885,7279,20261001,6,"q_lifta+q_dimea+q_eata+q_toilta+q_mealsa+q_shopa","q_lifta","q_dimea","q_eata","q_toilta","q_mealsa","q_shopa"
886,4071,20261001,6,"q_chaira+q_stoopa+q_armsa+q_beda+q_moneya+q_shopa","q_chaira","q_stoopa","q_armsa","q_beda","q_moneya","q_shopa"
887,1494,20261001,6,"q_shlt+q_climsa+q_dimea+q_beda+q_toilta+q_mealsa","q_shlt","q_climsa","q_dimea","q_beda","q_toilta","q_mealsa"
888,5763,20261001,6,"q_climsa+q_lifta+q_batha+q_eata+q_beda+q_toilta","q_climsa","q_lifta","q_batha","q_eata","q_beda","q_toilta"
889,6373,20261001,6,"q_stoopa+q_lifta+q_dimea+q_batha+q_medsa+q_mealsa","q_stoopa","q_lifta","q_dimea","q_batha","q_medsa","q_mealsa"
890,4448,20261001,6,"q_chaira+q_lifta+q_dressa+q_eata+q_medsa+q_toilta","q_chaira","q_lifta","q_dressa","q_eata","q_medsa","q_toilta"
891,5773,20261001,6,"q_climsa+q_lifta+q_batha+q_eata+q_toilta+q_mealsa","q_climsa","q_lifta","q_batha","q_eata","q_toilta","q_mealsa"
892,2925,20261001,6,"q_shlt+q_dressa+q_eata+q_moneya+q_medsa+q_shopa","q_shlt","q_dressa","q_eata","q_moneya","q_medsa","q_shopa"
893,207,20261001,6,"q_shlt+q_chaira+q_climsa+q_dressa+q_batha+q_toilta","q_shlt","q_chaira","q_climsa","q_dressa","q_batha","q_toilta"
894,6505,20261001,6,"q_stoopa+q_lifta+q_dressa+q_batha+q_beda+q_toilta","q_stoopa","q_lifta","q_dressa","q_batha","q_beda","q_toilta"
895,3320,20261001,6,"q_chaira+q_climsa+q_lifta+q_dressa+q_beda+q_toilta","q_chaira","q_climsa","q_lifta","q_dressa","q_beda","q_toilta"
896,463,20261001,6,"q_shlt+q_chaira+q_stoopa+q_batha+q_moneya+q_toilta","q_shlt","q_chaira","q_stoopa","q_batha","q_moneya","q_toilta"
897,953,20261001,6,"q_shlt+q_chaira+q_batha+q_beda+q_medsa+q_shopa","q_shlt","q_chaira","q_batha","q_beda","q_medsa","q_shopa"
898,2373,20261001,6,"q_shlt+q_lifta+q_armsa+q_batha+q_moneya+q_mealsa","q_shlt","q_lifta","q_armsa","q_batha","q_moneya","q_mealsa"
899,1013,20261001,6,"q_shlt+q_climsa+q_stoopa+q_lifta+q_armsa+q_batha","q_shlt","q_climsa","q_stoopa","q_lifta","q_armsa","q_batha"
900,1366,20261001,6,"q_shlt+q_climsa+q_lifta+q_eata+q_mealsa+q_shopa","q_shlt","q_climsa","q_lifta","q_eata","q_mealsa","q_shopa"
901,6198,20261001,6,"q_climsa+q_dressa+q_batha+q_medsa+q_toilta+q_mealsa","q_climsa","q_dressa","q_batha","q_medsa","q_toilta","q_mealsa"
902,7402,20261001,6,"q_lifta+q_armsa+q_eata+q_medsa+q_toilta+q_mealsa","q_lifta","q_armsa","q_eata","q_medsa","q_toilta","q_mealsa"
903,4385,20261001,6,"q_chaira+q_lifta+q_armsa+q_eata+q_beda+q_toilta","q_chaira","q_lifta","q_armsa","q_eata","q_beda","q_toilta"
904,1873,20261001,6,"q_shlt+q_stoopa+q_lifta+q_moneya+q_medsa+q_mealsa","q_shlt","q_stoopa","q_lifta","q_moneya","q_medsa","q_mealsa"
905,3384,20261001,6,"q_chaira+q_climsa+q_lifta+q_moneya+q_mealsa+q_shopa","q_chaira","q_climsa","q_lifta","q_moneya","q_mealsa","q_shopa"
906,146,20261001,6,"q_shlt+q_chaira+q_climsa+q_dimea+q_eata+q_beda","q_shlt","q_chaira","q_climsa","q_dimea","q_eata","q_beda"
907,2636,20261001,6,"q_shlt+q_dimea+q_dressa+q_batha+q_beda+q_shopa","q_shlt","q_dimea","q_dressa","q_batha","q_beda","q_shopa"
908,1587,20261001,6,"q_shlt+q_climsa+q_armsa+q_medsa+q_toilta+q_mealsa","q_shlt","q_climsa","q_armsa","q_medsa","q_toilta","q_mealsa"
909,1522,20261001,6,"q_shlt+q_climsa+q_armsa+q_dressa+q_beda+q_toilta","q_shlt","q_climsa","q_armsa","q_dressa","q_beda","q_toilta"
910,2396,20261001,6,"q_shlt+q_lifta+q_armsa+q_beda+q_moneya+q_medsa","q_shlt","q_lifta","q_armsa","q_beda","q_moneya","q_medsa"
911,4884,20261001,6,"q_chaira+q_dressa+q_batha+q_eata+q_beda+q_shopa","q_chaira","q_dressa","q_batha","q_eata","q_beda","q_shopa"
912,5464,20261001,6,"q_climsa+q_stoopa+q_batha+q_medsa+q_mealsa+q_shopa","q_climsa","q_stoopa","q_batha","q_medsa","q_mealsa","q_shopa"
913,2194,20261001,6,"q_shlt+q_stoopa+q_eata+q_medsa+q_toilta+q_shopa","q_shlt","q_stoopa","q_eata","q_medsa","q_toilta","q_shopa"
914,5721,20261001,6,"q_climsa+q_lifta+q_dressa+q_batha+q_medsa+q_mealsa","q_climsa","q_lifta","q_dressa","q_batha","q_medsa","q_mealsa"
915,765,20261001,6,"q_shlt+q_chaira+q_dimea+q_eata+q_moneya+q_shopa","q_shlt","q_chaira","q_dimea","q_eata","q_moneya","q_shopa"
916,5578,20261001,6,"q_climsa+q_lifta+q_dimea+q_batha+q_moneya+q_mealsa","q_climsa","q_lifta","q_dimea","q_batha","q_moneya","q_mealsa"
917,3302,20261001,6,"q_chaira+q_climsa+q_lifta+q_armsa+q_toilta+q_mealsa","q_chaira","q_climsa","q_lifta","q_armsa","q_toilta","q_mealsa"
918,4161,20261001,6,"q_chaira+q_stoopa+q_batha+q_beda+q_moneya+q_mealsa","q_chaira","q_stoopa","q_batha","q_beda","q_moneya","q_mealsa"
919,689,20261001,6,"q_shlt+q_chaira+q_dimea+q_armsa+q_eata+q_medsa","q_shlt","q_chaira","q_dimea","q_armsa","q_eata","q_medsa"
920,3406,20261001,6,"q_chaira+q_climsa+q_dimea+q_armsa+q_eata+q_medsa","q_chaira","q_climsa","q_dimea","q_armsa","q_eata","q_medsa"
921,7144,20261001,6,"q_lifta+q_dimea+q_armsa+q_eata+q_medsa+q_mealsa","q_lifta","q_dimea","q_armsa","q_eata","q_medsa","q_mealsa"
922,4791,20261001,6,"q_chaira+q_armsa+q_dressa+q_beda+q_moneya+q_toilta","q_chaira","q_armsa","q_dressa","q_beda","q_moneya","q_toilta"
923,5829,20261001,6,"q_climsa+q_lifta+q_moneya+q_toilta+q_mealsa+q_shopa","q_climsa","q_lifta","q_moneya","q_toilta","q_mealsa","q_shopa"
924,2876,20261001,6,"q_shlt+q_armsa+q_moneya+q_toilta+q_mealsa+q_shopa","q_shlt","q_armsa","q_moneya","q_toilta","q_mealsa","q_shopa"
925,7172,20261001,6,"q_lifta+q_dimea+q_dressa+q_batha+q_eata+q_toilta","q_lifta","q_dimea","q_dressa","q_batha","q_eata","q_toilta"
926,4347,20261001,6,"q_chaira+q_lifta+q_armsa+q_dressa+q_beda+q_moneya","q_chaira","q_lifta","q_armsa","q_dressa","q_beda","q_moneya"
927,7824,20261001,6,"q_armsa+q_dressa+q_batha+q_moneya+q_medsa+q_toilta","q_armsa","q_dressa","q_batha","q_moneya","q_medsa","q_toilta"
928,2064,20261001,6,"q_shlt+q_stoopa+q_armsa+q_eata+q_toilta+q_shopa","q_shlt","q_stoopa","q_armsa","q_eata","q_toilta","q_shopa"
929,5402,20261001,6,"q_climsa+q_stoopa+q_dressa+q_eata+q_moneya+q_toilta","q_climsa","q_stoopa","q_dressa","q_eata","q_moneya","q_toilta"
930,931,20261001,6,"q_shlt+q_chaira+q_dressa+q_toilta+q_mealsa+q_shopa","q_shlt","q_chaira","q_dressa","q_toilta","q_mealsa","q_shopa"
931,7174,20261001,6,"q_lifta+q_dimea+q_dressa+q_batha+q_eata+q_shopa","q_lifta","q_dimea","q_dressa","q_batha","q_eata","q_shopa"
932,3288,20261001,6,"q_chaira+q_climsa+q_lifta+q_armsa+q_eata+q_mealsa","q_chaira","q_climsa","q_lifta","q_armsa","q_eata","q_mealsa"
933,4211,20261001,6,"q_chaira+q_stoopa+q_moneya+q_medsa+q_mealsa+q_shopa","q_chaira","q_stoopa","q_moneya","q_medsa","q_mealsa","q_shopa"
934,6928,20261001,6,"q_stoopa+q_armsa+q_eata+q_beda+q_medsa+q_toilta","q_stoopa","q_armsa","q_eata","q_beda","q_medsa","q_toilta"
935,3380,20261001,6,"q_chaira+q_climsa+q_lifta+q_moneya+q_medsa+q_mealsa","q_chaira","q_climsa","q_lifta","q_moneya","q_medsa","q_mealsa"
936,1727,20261001,6,"q_shlt+q_stoopa+q_lifta+q_dimea+q_dressa+q_eata","q_shlt","q_stoopa","q_lifta","q_dimea","q_dressa","q_eata"
937,1473,20261001,6,"q_shlt+q_climsa+q_dimea+q_eata+q_beda+q_medsa","q_shlt","q_climsa","q_dimea","q_eata","q_beda","q_medsa"
938,4201,20261001,6,"q_chaira+q_stoopa+q_beda+q_moneya+q_medsa+q_shopa","q_chaira","q_stoopa","q_beda","q_moneya","q_medsa","q_shopa"
939,7994,20261001,6,"q_batha+q_eata+q_moneya+q_toilta+q_mealsa+q_shopa","q_batha","q_eata","q_moneya","q_toilta","q_mealsa","q_shopa"
940,781,20261001,6,"q_shlt+q_chaira+q_dimea+q_beda+q_mealsa+q_shopa","q_shlt","q_chaira","q_dimea","q_beda","q_mealsa","q_shopa"
941,2614,20261001,6,"q_shlt+q_dimea+q_armsa+q_beda+q_toilta+q_shopa","q_shlt","q_dimea","q_armsa","q_beda","q_toilta","q_shopa"
942,4682,20261001,6,"q_chaira+q_dimea+q_dressa+q_medsa+q_mealsa+q_shopa","q_chaira","q_dimea","q_dressa","q_medsa","q_mealsa","q_shopa"
943,3891,20261001,6,"q_chaira+q_stoopa+q_dimea+q_armsa+q_dressa+q_shopa","q_chaira","q_stoopa","q_dimea","q_armsa","q_dressa","q_shopa"
944,4300,20261001,6,"q_chaira+q_lifta+q_dimea+q_eata+q_beda+q_medsa","q_chaira","q_lifta","q_dimea","q_eata","q_beda","q_medsa"
945,6863,20261001,6,"q_stoopa+q_armsa+q_dressa+q_eata+q_medsa+q_toilta","q_stoopa","q_armsa","q_dressa","q_eata","q_medsa","q_toilta"
946,2846,20261001,6,"q_shlt+q_armsa+q_eata+q_beda+q_moneya+q_shopa","q_shlt","q_armsa","q_eata","q_beda","q_moneya","q_shopa"
947,6364,20261001,6,"q_stoopa+q_lifta+q_dimea+q_batha+q_beda+q_medsa","q_stoopa","q_lifta","q_dimea","q_batha","q_beda","q_medsa"
948,5694,20261001,6,"q_climsa+q_lifta+q_armsa+q_beda+q_mealsa+q_shopa","q_climsa","q_lifta","q_armsa","q_beda","q_mealsa","q_shopa"
949,893,20261001,6,"q_shlt+q_chaira+q_dressa+q_batha+q_medsa+q_shopa","q_shlt","q_chaira","q_dressa","q_batha","q_medsa","q_shopa"
950,4289,20261001,6,"q_chaira+q_lifta+q_dimea+q_batha+q_moneya+q_medsa","q_chaira","q_lifta","q_dimea","q_batha","q_moneya","q_medsa"
951,394,20261001,6,"q_shlt+q_chaira+q_stoopa+q_armsa+q_dressa+q_shopa","q_shlt","q_chaira","q_stoopa","q_armsa","q_dressa","q_shopa"
952,7316,20261001,6,"q_lifta+q_armsa+q_dressa+q_eata+q_beda+q_moneya","q_lifta","q_armsa","q_dressa","q_eata","q_beda","q_moneya"
953,6973,20261001,6,"q_stoopa+q_dressa+q_batha+q_eata+q_mealsa+q_shopa","q_stoopa","q_dressa","q_batha","q_eata","q_mealsa","q_shopa"
954,6398,20261001,6,"q_stoopa+q_lifta+q_dimea+q_beda+q_medsa+q_mealsa","q_stoopa","q_lifta","q_dimea","q_beda","q_medsa","q_mealsa"
955,7519,20261001,6,"q_lifta+q_batha+q_beda+q_medsa+q_mealsa+q_shopa","q_lifta","q_batha","q_beda","q_medsa","q_mealsa","q_shopa"
956,2166,20261001,6,"q_shlt+q_stoopa+q_batha+q_beda+q_mealsa+q_shopa","q_shlt","q_stoopa","q_batha","q_beda","q_mealsa","q_shopa"
957,6497,20261001,6,"q_stoopa+q_lifta+q_dressa+q_batha+q_eata+q_beda","q_stoopa","q_lifta","q_dressa","q_batha","q_eata","q_beda"
958,963,20261001,6,"q_shlt+q_chaira+q_batha+q_medsa+q_toilta+q_mealsa","q_shlt","q_chaira","q_batha","q_medsa","q_toilta","q_mealsa"
959,7592,20261001,6,"q_dimea+q_armsa+q_dressa+q_beda+q_mealsa+q_shopa","q_dimea","q_armsa","q_dressa","q_beda","q_mealsa","q_shopa"
960,5106,20261001,6,"q_climsa+q_stoopa+q_lifta+q_dressa+q_moneya+q_toilta","q_climsa","q_stoopa","q_lifta","q_dressa","q_moneya","q_toilta"
961,1479,20261001,6,"q_shlt+q_climsa+q_dimea+q_eata+q_moneya+q_mealsa","q_shlt","q_climsa","q_dimea","q_eata","q_moneya","q_mealsa"
962,7326,20261001,6,"q_lifta+q_armsa+q_dressa+q_eata+q_medsa+q_mealsa","q_lifta","q_armsa","q_dressa","q_eata","q_medsa","q_mealsa"
963,5394,20261001,6,"q_climsa+q_stoopa+q_dressa+q_batha+q_toilta+q_shopa","q_climsa","q_stoopa","q_dressa","q_batha","q_toilta","q_shopa"
964,7878,20261001,6,"q_armsa+q_batha+q_eata+q_beda+q_mealsa+q_shopa","q_armsa","q_batha","q_eata","q_beda","q_mealsa","q_shopa"
965,6675,20261001,6,"q_stoopa+q_dimea+q_armsa+q_eata+q_beda+q_mealsa","q_stoopa","q_dimea","q_armsa","q_eata","q_beda","q_mealsa"
966,507,20261001,6,"q_shlt+q_chaira+q_lifta+q_dimea+q_armsa+q_dressa","q_shlt","q_chaira","q_lifta","q_dimea","q_armsa","q_dressa"
967,3802,20261001,6,"q_chaira+q_stoopa+q_lifta+q_dressa+q_batha+q_moneya","q_chaira","q_stoopa","q_lifta","q_dressa","q_batha","q_moneya"
968,604,20261001,6,"q_shlt+q_chaira+q_lifta+q_dressa+q_beda+q_mealsa","q_shlt","q_chaira","q_lifta","q_dressa","q_beda","q_mealsa"
969,6555,20261001,6,"q_stoopa+q_lifta+q_batha+q_eata+q_beda+q_toilta","q_stoopa","q_lifta","q_batha","q_eata","q_beda","q_toilta"
970,1760,20261001,6,"q_shlt+q_stoopa+q_lifta+q_dimea+q_toilta+q_shopa","q_shlt","q_stoopa","q_lifta","q_dimea","q_toilta","q_shopa"
971,6564,20261001,6,"q_stoopa+q_lifta+q_batha+q_eata+q_medsa+q_shopa","q_stoopa","q_lifta","q_batha","q_eata","q_medsa","q_shopa"
972,2676,20261001,6,"q_shlt+q_dimea+q_dressa+q_moneya+q_toilta+q_shopa","q_shlt","q_dimea","q_dressa","q_moneya","q_toilta","q_shopa"
973,2135,20261001,6,"q_shlt+q_stoopa+q_dressa+q_moneya+q_toilta+q_mealsa","q_shlt","q_stoopa","q_dressa","q_moneya","q_toilta","q_mealsa"
974,3781,20261001,6,"q_chaira+q_stoopa+q_lifta+q_armsa+q_eata+q_medsa","q_chaira","q_stoopa","q_lifta","q_armsa","q_eata","q_medsa"
975,3774,20261001,6,"q_chaira+q_stoopa+q_lifta+q_armsa+q_batha+q_moneya","q_chaira","q_stoopa","q_lifta","q_armsa","q_batha","q_moneya"
976,1157,20261001,6,"q_shlt+q_climsa+q_stoopa+q_dressa+q_moneya+q_toilta","q_shlt","q_climsa","q_stoopa","q_dressa","q_moneya","q_toilta"
977,6359,20261001,6,"q_stoopa+q_lifta+q_dimea+q_batha+q_eata+q_medsa","q_stoopa","q_lifta","q_dimea","q_batha","q_eata","q_medsa"
978,1679,20261001,6,"q_shlt+q_climsa+q_batha+q_medsa+q_toilta+q_shopa","q_shlt","q_climsa","q_batha","q_medsa","q_toilta","q_shopa"
979,1209,20261001,6,"q_shlt+q_climsa+q_stoopa+q_beda+q_toilta+q_mealsa","q_shlt","q_climsa","q_stoopa","q_beda","q_toilta","q_mealsa"
980,7159,20261001,6,"q_lifta+q_dimea+q_armsa+q_moneya+q_medsa+q_toilta","q_lifta","q_dimea","q_armsa","q_moneya","q_medsa","q_toilta"
981,7788,20261001,6,"q_dimea+q_eata+q_moneya+q_medsa+q_toilta+q_mealsa","q_dimea","q_eata","q_moneya","q_medsa","q_toilta","q_mealsa"
982,4544,20261001,6,"q_chaira+q_dimea+q_armsa+q_dressa+q_batha+q_eata","q_chaira","q_dimea","q_armsa","q_dressa","q_batha","q_eata"
983,7110,20261001,6,"q_lifta+q_dimea+q_armsa+q_dressa+q_toilta+q_mealsa","q_lifta","q_dimea","q_armsa","q_dressa","q_toilta","q_mealsa"
984,1914,20261001,6,"q_shlt+q_stoopa+q_dimea+q_armsa+q_medsa+q_shopa","q_shlt","q_stoopa","q_dimea","q_armsa","q_medsa","q_shopa"
985,4756,20261001,6,"q_chaira+q_armsa+q_dressa+q_batha+q_eata+q_medsa","q_chaira","q_armsa","q_dressa","q_batha","q_eata","q_medsa"
986,3517,20261001,6,"q_chaira+q_climsa+q_armsa+q_dressa+q_eata+q_moneya","q_chaira","q_climsa","q_armsa","q_dressa","q_eata","q_moneya"
987,6404,20261001,6,"q_stoopa+q_lifta+q_dimea+q_moneya+q_medsa+q_mealsa","q_stoopa","q_lifta","q_dimea","q_moneya","q_medsa","q_mealsa"
988,7005,20261001,6,"q_stoopa+q_dressa+q_eata+q_moneya+q_medsa+q_mealsa","q_stoopa","q_dressa","q_eata","q_moneya","q_medsa","q_mealsa"
989,1208,20261001,6,"q_shlt+q_climsa+q_stoopa+q_beda+q_medsa+q_shopa","q_shlt","q_climsa","q_stoopa","q_beda","q_medsa","q_shopa"
990,4070,20261001,6,"q_chaira+q_stoopa+q_armsa+q_beda+q_moneya+q_mealsa","q_chaira","q_stoopa","q_armsa","q_beda","q_moneya","q_mealsa"
991,6665,20261001,6,"q_stoopa+q_dimea+q_armsa+q_batha+q_moneya+q_shopa","q_stoopa","q_dimea","q_armsa","q_batha","q_moneya","q_shopa"
992,4860,20261001,6,"q_chaira+q_armsa+q_eata+q_moneya+q_mealsa+q_shopa","q_chaira","q_armsa","q_eata","q_moneya","q_mealsa","q_shopa"
993,5460,20261001,6,"q_climsa+q_stoopa+q_batha+q_moneya+q_toilta+q_shopa","q_climsa","q_stoopa","q_batha","q_moneya","q_toilta","q_shopa"
994,6702,20261001,6,"q_stoopa+q_dimea+q_armsa+q_moneya+q_mealsa+q_shopa","q_stoopa","q_dimea","q_armsa","q_moneya","q_mealsa","q_shopa"
995,2284,20261001,6,"q_shlt+q_lifta+q_dimea+q_batha+q_beda+q_toilta","q_shlt","q_lifta","q_dimea","q_batha","q_beda","q_toilta"
996,5400,20261001,6,"q_climsa+q_stoopa+q_dressa+q_eata+q_beda+q_shopa","q_climsa","q_stoopa","q_dressa","q_eata","q_beda","q_shopa"
997,1959,20261001,6,"q_shlt+q_stoopa+q_dimea+q_batha+q_moneya+q_mealsa","q_shlt","q_stoopa","q_dimea","q_batha","q_moneya","q_mealsa"
998,5567,20261001,6,"q_climsa+q_lifta+q_dimea+q_batha+q_eata+q_medsa","q_climsa","q_lifta","q_dimea","q_batha","q_eata","q_medsa"
999,6292,20261001,6,"q_climsa+q_moneya+q_medsa+q_toilta+q_mealsa+q_shopa","q_climsa","q_moneya","q_medsa","q_toilta","q_mealsa","q_shopa"
1000,1814,20261001,6,"q_shlt+q_stoopa+q_lifta+q_dressa+q_beda+q_mealsa","q_shlt","q_stoopa","q_lifta","q_dressa","q_beda","q_mealsa"
